HBOS;ABOD;LDOF;LOF;INFLO;DBSCAN;ODC;OF;CLOPD;ROCF;CBLOF;HALFSPACE_DEPTH;PROJECTION_DEPTH;SIMPLICIAL_DEPTH
5.678924442314759;0.021406729537727372;1.3722520910747789;0.957609498409943;1.0385778159012138;0.141520937098083;0.34713510515636886;;0.3764757436949981;4.806910414378862e-06;35.45323277032992;0.009166666666666667;0.16247162525913286;0.80125
5.387577436642058;0.012301220604767493;0.7373076913829828;1.015447978707043;1.3924761868593618;0.07596710858788054;0.5185660262326741;;0.26067449231251394;4.806910414378862e-06;25.572003028061623;0.01;0.13771996616540777;0.80025
5.53888542273025;0.00019789760856533446;1.8292109456649395;4.179107225020899;5.162197522977225;1.0000000000000002;0.8231611741505085;;0.5260939830535682;4.806910414378862e-06;11.959315812466263;0.0004166666666666667;0.15805042046688125;0.80125
4.753439588057308;;0.0;0.9901998138403298;1.0;0.0;0.8068514806716692;;0.0;4.806910414378862e-06;9.909029340079575;0.0275;0.2270661037612508;0.81675
5.282226642927889;0.0066327157016797195;1.313054480164403;0.9731884534862305;2.522411758585373;0.5026441221545637;0.8975556104168196;;0.3098877003290153;4.806910414378862e-06;9.059930400791634;0.0033333333333333335;0.12054253597200285;0.806
6.36048933489713;0.10048367801029397;1.4013517137210476;0.9737280001778353;1.2749441159205683;0.0;1.2841744660505259;;0.17082585317595106;4.806910414378862e-06;16.37052882063325;0.0008333333333333334;0.1360735273702853;0.79925
5.425837360919196;0.04169843297915891;0.7430511854644365;1.04736206808303;0.9197933854373403;7.298828109373253e-11;0.8159363367517647;;0.22644232773391057;4.806910414378862e-06;22.855311949161482;0.056666666666666664;0.25202660869973514;0.8
4.81191767157007;0.5956301561826616;1.1149271988567844;0.9959119417579221;3.1474482632323078;0.5944464469666884;0.7187760375790931;;0.2152281524937632;4.806910414378862e-06;21.181916035024287;0.019166666666666665;0.15218661342702394;0.80825
5.292436273851003;0.0005434649179529903;1.8451223855749899;1.0057327101332822;3.763562106725885;0.8143046617281248;0.12883508095046556;;0.20797389264193328;4.806910414378862e-06;21.551539929540755;0.08041666666666666;0.36018950694775503;0.80475
5.026851232374564;;0.0;1.0123725546413092;1.0;0.0;0.8072927816460843;;0.0;4.806910414378862e-06;10.233087825154303;0.011666666666666667;0.2115898751540312;0.80575
5.678924442314759;0.25123118804037997;0.8608020584683757;0.962491188370367;0.9086544248567258;1.4012660811663093e-11;0.33697807726416135;;0.3510262345721778;4.806910414378862e-06;35.21012143357639;0.022083333333333333;0.16175164090255129;0.7945
5.8426834668328524;0.05721556824524448;0.6726304689342345;0.987319242979931;0.972521336538763;0.5055599023487106;1.0981712455514194;;0.2803517287926289;4.806910414378862e-06;10.762615916550502;0.004583333333333333;0.1296380479896417;0.79525
5.546546898395015;0.001960790781229725;1.9456409287957996;1.1759512642446792;1.8161047139473516;0.9999999998502537;0.6390155529116931;;0.5007696785361704;4.806910414378862e-06;17.24724149213452;0.0008333333333333334;0.18141899587087068;0.7985
4.753439588057308;;0.0;1.0049628457846924;1.0;0.0;0.8029580394661177;;0.0;4.806910414378862e-06;9.397104964054627;0.029166666666666667;0.23041050104719968;0.8065
5.823584374335391;4.630390759432506e-05;1.9834690537350428;1.013689169906626;3.6759340563630136;0.9122191395935495;0.7039159903625353;;0.4602850172234784;4.806910414378862e-06;16.339967147065842;0.00375;0.12790475035168386;0.8075
6.497080873671898;56.3482528087384;0.6662095843732532;0.9737280001778356;0.6555753821827188;0.0;1.2836413631003822;;0.14267775705594404;4.806910414378862e-06;16.27480303620243;0.00125;0.13651491415709088;0.801
5.407152400289483;0.052842143337989096;0.7676498015968518;1.5592587920849095;1.0340580422683354;0.0;0.28109828005073695;;0.1805888155065749;4.806910414378862e-06;17.16665521925511;0.04791666666666667;0.23397412229840314;0.79775
12.718971236169414;0.4626284435504358;1.0189012287974126;1.0076757765169;1.9972774904591124;0.0;1.3001443729013176;;1.463375397925606;4.806910414378862e-06;14.413439947678922;0.017083333333333332;0.1659861483988992;0.24225
5.826132529593739;0.0007588544698805911;6.59838175813121;1.0537483653720092;3.4556587817802917;0.0;0.2347862145558478;;0.21314850576551356;4.806910414378862e-06;23.913986865960563;0.04083333333333333;0.3344393091855914;0.80525
5.026851232374564;;0.0;1.0123725546413092;1.0;0.0;0.8072927816460843;;0.0;4.806910414378862e-06;10.233087825154303;0.011666666666666667;0.21168949276274598;0.80625
5.213321026123191;0.2140350508611335;0.7199132690812853;0.9613250978819551;0.5470278527761632;1.1593846906650907e-11;0.335882559112093;;0.3134888944727525;4.806910414378862e-06;35.18671395380926;0.028333333333333332;0.1542228198663329;0.8025
5.8426834668328524;0.03526516127144425;0.8676860275564078;0.992291717797482;0.9692217764633168;0.0;1.2932288664712484;;0.3954259170083982;4.806910414378862e-06;18.209599840940598;0.00125;0.13090804752905363;0.8
5.565231859024727;0.00018575977201820473;1.625407770246796;1.2293410884528293;1.5968630459389501;0.9999999998720919;0.8260792127203493;;0.4427738531736099;4.806910414378862e-06;23.97934606527337;0.0008333333333333334;0.18197296727590112;0.80025
4.753439588057308;0.0;0.5999999999999773;0.9975112267528392;75000000.83748864;0.9999999995000001;0.8112069695348129;;0.028324242959409857;4.806910414378862e-06;10.491527211023934;0.005833333333333334;0.22359396050879388;0.8115
5.461861900234394;3.687315739166973;0.6508531169593565;1.012764872164315;0.7533036390899382;0.0;0.5186871630227947;;0.5824311859509071;4.806910414378862e-06;25.821675030237543;0.0016666666666666668;0.13094434655411588;0.804
6.497080873671898;0.21628404207194304;0.7133244446983494;0.9826193902187587;1.015736085379572;0.4747599994129027;1.0867356849651482;;0.14893805524272535;4.806910414378862e-06;6.971111917562794;0.002916666666666667;0.1418790854000384;0.81675
5.407152400289483;30.535399683478175;0.6258324853322551;1.0432920998654944;0.7525753525176712;0.0;0.19827512660475968;;0.1785595403497144;4.806910414378862e-06;24.868626808933108;0.0375;0.22963462749029845;0.80475
4.753439588057308;;0.0;0.9742186495985579;0.8888888889444445;0.0;0.8111798160095979;;0.0;4.806910414378862e-06;10.496807295979577;0.009166666666666667;0.22362086129397027;0.80475
5.284774798186238;185.1851851851859;0.7744577216523717;1.0409850546277681;0.6220712928460873;0.0;0.2460030692460247;;0.1449026688554061;4.806910414378862e-06;24.320520693765392;0.035833333333333335;0.33524388854929654;0.80325
5.026851232374564;;0.0;1.0123725546413092;1.0;0.0;0.8072927816460843;;0.0;4.806910414378862e-06;10.233087825154303;0.011666666666666667;0.21239730134655807;0.8055
5.213321026123191;0.024506018631725714;1.2445496332072212;0.9617644431830866;0.9955101304117305;0.0;0.3264883132604445;;0.32118917867925856;4.806910414378862e-06;34.96674976126885;0.03625;0.15309604858079073;0.795
5.801999030775502;0.05909305372009104;1.346345828420119;0.9945701700261885;1.149470558387412;0.006600732199412802;0.6115368101311408;;0.3354603892438011;4.806910414378862e-06;5.312006340212439;0.004166666666666667;0.23658425396271662;0.81775
5.4057780864879685;1.7803249429264077e-05;4.389714929047019;0.9950515983270378;4.587282960517001;0.9361846555043852;0.49060627473070023;;0.2853555141118854;4.806910414378862e-06;20.004826535576775;0.0033333333333333335;0.19181618923057264;0.802
4.753439588057308;;0.0;0.9901998138403298;0.9230769231538462;0.0;0.8068514806716692;;0.0;4.806910414378862e-06;9.909029340079575;0.0275;0.2271375817459475;0.81925
5.461861900234394;13.678499519915768;0.6186373061462974;1.020859414520686;0.8305483350419288;0.0;0.5192944262726568;;0.5086681164357882;4.806910414378862e-06;25.86292281176265;0.0008333333333333334;0.12784001510709253;0.79575
6.497080873671898;0.3249076042913568;0.6445416754917533;0.9737280001778356;0.6814441542014131;0.0;1.283555140306393;;0.2180605211277762;4.806910414378862e-06;16.25867541859372;0.00125;0.1377556387185251;0.807
5.407152400289483;30.535399683478175;0.6258324853322551;1.0432920998654944;0.7879217307294325;0.0;0.19827512660475968;;0.1785595403497144;4.806910414378862e-06;24.868626808933108;0.037083333333333336;0.22950836604184705;0.796
12.675445772831525;0.0;0.0;0.9830758594612645;2000000001.0;0.9999999980000001;0.8111891900116875;;1.5821745564647312;4.806910414378862e-06;10.498652369674742;0.0004166666666666667;0.2060007787535469;0.24225
5.284774798186238;179.1838134430734;0.7772691498259551;1.0374599681733017;0.6409340390411711;0.0;0.24601397276742756;;0.14918564468211717;4.806910414378862e-06;24.307942867246535;0.03875;0.33225200283833556;0.8065
5.026851232374564;;0.0;1.0123725546413092;0.6111111117063491;0.0;0.8072927816460843;;0.0;4.806910414378862e-06;10.233087825154303;0.011666666666666667;0.2123492447132245;0.80025
5.19663213026544;0.9078186788827617;0.827413662010748;1.0124313183735367;0.8138461359897614;0.7171572874406004;0.7068383594543093;;0.23591324968644842;4.806910414378862e-06;16.39196148626487;0.016666666666666666;0.14051959434746142;0.8065
5.337865580391721;0.07948656615398715;0.9275244476401704;0.9907125390789402;0.896420541382275;0.008064647785681944;0.615839302055464;;0.3416517063519;4.806910414378862e-06;14.185049892681722;0.11458333333333333;0.24035311895263187;0.81725
5.4057780864879685;25.28945398787646;1.0378515457741517;0.9887370432179784;1.2430101581075172;0.0;0.6580147494627435;;0.14267775705594435;4.806910414378862e-06;18.59023101283367;0.0016666666666666668;0.18737309200805202;0.8165
4.753439588057308;;0.0;1.0049628457846924;1.0;0.0;0.8029580394661177;;0.0;4.806910414378862e-06;9.397104964054627;0.029166666666666667;0.23140306455404464;0.815
4.920504168826893;9.762321362543341;0.5952116237929685;1.0211646539893435;0.800474990636957;0.0;0.5192103875857073;;0.3874438317577087;4.806910414378862e-06;25.86274156711142;0.0016666666666666668;0.12663508794419243;0.80975
6.497080873671898;0.3249076042913568;0.6445416754917533;0.9737280001778356;0.6359361762301864;0.0;1.283555140306393;;0.2180605211277762;4.806910414378862e-06;16.25867541859372;0.00125;0.13800463307280053;0.81275
5.407152400289483;1184.0799294540673;0.6866719989526718;1.0436188142659695;0.8190985086188219;0.0;0.1984565201379701;;0.1740096099304067;4.806910414378862e-06;24.87576411807036;0.03;0.22895521224339635;0.80225
12.544257623239568;0.5684557051776336;0.8416009762246104;0.9756913221071144;1.2319534684869045;0.0;0.6177660936348338;;0.9371545619592997;4.806910414378862e-06;14.477827049468031;0.10208333333333333;0.31075783673678375;0.24425
5.284774798186238;5625.000000000012;0.63023933853732;1.0411217496565395;0.4589264084392867;0.0;0.24599085541845625;;0.17268848599775294;4.806910414378862e-06;24.315917558045957;0.035833333333333335;0.33460422615825913;0.8045
5.026851232374564;;0.0;1.0123725546413092;1.0;0.0;0.8072927816460843;;0.0;4.806910414378862e-06;10.233087825154303;0.011666666666666667;0.2126637518205366;0.8065
5.8426834668328524;0.7422271531887675;0.8908557813150342;1.0124415609661555;0.8645961102796931;0.7413216317815459;0.7066716331188618;;0.22659394367521457;4.806910414378862e-06;16.370881966686788;0.019583333333333335;0.13777073944394863;0.8065
5.356550541021434;0.05204550991174176;0.7541333034037686;1.0242137116455994;0.9056655940676973;0.12215895081238587;0.8080194784528134;;0.260171102288416;4.806910414378862e-06;21.86335326065819;0.11375;0.2423861971840421;0.808
5.426382233768008;3.2405115905643006e-05;1.6799750303333485;1.0767553610061689;1.489908777843354;0.0;1.017742431024459;;0.24877276159502898;4.806910414378862e-06;20.30091564442123;0.0020833333333333333;0.17794306204423624;0.79975
4.753439588057308;;0.0;0.9901998138403298;1.0;0.0;0.8068514806716692;;0.0;4.806910414378862e-06;9.909029340079575;0.0275;0.2274183019021662;0.801
4.920504168826893;0.00712773366282123;1.1673335114961556;0.9778104280517187;1.8991576188157149;0.6616686755113648;0.3391772091633711;;0.38151634951011076;4.806910414378862e-06;35.40678997547215;0.0025;0.12679707556265352;0.79625
6.497080873671898;0.08564079372254806;0.7115408055189612;0.9822387234773424;1.0135553690303032;0.5130693588467908;1.0866524770941273;;0.215228152493763;4.806910414378862e-06;6.953202597881498;0.0033333333333333335;0.1400493918233485;0.803
5.39949092462472;0.3380034737996312;0.7371984085656482;0.9943972713046978;1.0526116964239516;0.016894073812815828;0.2790962970700256;;0.17669057504283842;4.806910414378862e-06;22.779144634641177;0.01375;0.22149419895992162;0.79975
4.6409363990950645;0.01300814702332762;0.7239688534261395;0.9988061108145116;1.5053640012515588;5.231424015196035e-12;1.003270808419386;;0.32909303609317747;4.806910414378862e-06;18.32143359049437;0.13;0.36054898552209486;0.8035
5.284774798186238;185.1851851851859;0.7744577216523717;1.0409850546277681;0.6598641635614785;0.0;0.2460030692460247;;0.1449026688554061;4.806910414378862e-06;24.320520693765392;0.034583333333333334;0.3295568316622689;0.81325
5.026851232374564;0.0;0.6000000000000227;1.0076496902242513;200000000.90476954;0.9999999985;0.807223476770939;;0.028324242959409884;4.806910414378862e-06;10.208098072023343;0.01375;0.21302610032879174;0.82
5.8426834668328524;0.0267569813034045;0.8366894870197388;0.9894963846465249;1.3882377889862736;1.803137548064171e-11;0.9036985567842855;;0.28386749554608787;4.806910414378862e-06;10.036565715780894;0.008333333333333333;0.13118066877394774;0.80375
5.337865580391721;1.4461087374281563;1.0160430284567261;1.0221640481070557;1.4337880035375627;0.5725470207970137;0.16254075548830374;;0.2020894502786695;4.806910414378862e-06;23.96901017307671;0.08416666666666667;0.22043059402432888;0.8055
5.426382233768008;3.2405115905643006e-05;1.6799750303333485;1.0767553610061689;1.5878905334120248;0.0;1.017742431024459;;0.24877276159502898;4.806910414378862e-06;20.30091564442123;0.0016666666666666668;0.1783782583356009;0.808
4.753439588057308;;0.0;0.9901998138403298;1.0;0.0;0.8068514806716692;;0.0;4.806910414378862e-06;9.909029340079575;0.0275;0.2278011552929712;0.813
4.920504168826893;0.31692038400322314;0.7314988618837891;1.0251197523043465;0.9682081762276266;0.0;0.5196779999271739;;0.2965282374222693;4.806910414378862e-06;25.90145679044314;0.0020833333333333333;0.12137588667213504;0.81475
5.955723142264397;0.010814529082222253;0.8711044161667773;1.1490251171469912;1.660664226260015;0.507030605828697;0.8897318036261715;;0.2446421871140358;4.806910414378862e-06;5.616451403438678;0.005833333333333334;0.14097094127009563;0.81
5.425837360919196;6.475192304865335;0.6468052283309189;1.0078250335256107;0.78040431340354;0.0;1.0089018358234916;;0.2198923682480615;4.806910414378862e-06;19.180395928836436;0.0375;0.25162119554145923;0.80325
4.761101063722071;52.8749428440883;0.6947843350921971;0.9899772031091747;0.8813511420680827;0.008066802049845103;0.6235409414433408;;0.1489380552427257;4.806910414378862e-06;15.291989913885079;0.06416666666666666;0.3006990815621202;0.80525
5.284774798186238;3281.250000000002;0.6310425824988211;1.0411197786970363;0.5314001914623921;0.0;0.24599449015974573;;0.15680986103289044;4.806910414378862e-06;24.3117248784101;0.03666666666666667;0.332408304505819;0.8045
5.026851232374564;0.0;0.6000000000000227;1.0076496902242513;240000000.88572344;0.9999999985;0.807223476770939;;0.028324242959409884;4.806910414378862e-06;10.208098072023343;0.01375;0.21298466495966462;0.808
5.19663213026544;0.8097390308396829;0.8882936436554705;0.9894963846465249;0.8339716389686633;0.0;0.8999139874491507;;0.27701142474026735;4.806910414378862e-06;9.154054504272327;0.013333333333333334;0.13193883046091992;0.802
5.301325735425351;0.016112260787425673;0.8073679861593757;0.9922917177974823;0.974525767755304;0.0;1.2906937920139132;;0.30175308168225407;4.806910414378862e-06;17.751104581607983;0.00125;0.12072647478150346;0.798
5.4057780864879685;1682.8843280869444;0.7471537658998121;1.00401022818216;1.0773197868888538;0.0;0.8387245612756687;;0.1555822431973276;4.806910414378862e-06;12.984080715702236;0.0025;0.18252503372735243;0.808
4.753439588057308;;0.0;1.0049628457846924;1.0;0.0;0.8029580394661177;;0.0;4.806910414378862e-06;9.397104964054627;0.029166666666666667;0.23064507353199995;0.8155
5.042664898225862;0.0015673474218136788;1.2452667113583302;0.9859103721571454;2.8763309420216947;0.5765837206797744;0.9018058486572625;;0.32538344356664967;4.806910414378862e-06;10.138347442615522;0.0008333333333333334;0.11385439967804777;0.80375
6.497080873671898;0.18422024229575615;0.6621214999538495;0.9860878606774145;0.9313676112547103;0.5260782056851196;1.0863438026070098;;0.19000100462452604;4.806910414378862e-06;6.867006361376551;0.004166666666666667;0.13870238249652228;0.793
5.405233213639157;0.14175859244014732;1.0636396225856708;0.9992203108077022;1.0051551305136301;0.08068074306904686;0.3260661675212448;;0.2241049022711007;4.806910414378862e-06;12.225933917093537;0.03166666666666667;0.2729816578335669;0.8025
12.68310724849629;0.38688494500061227;0.8581453487574697;0.9933297152067599;0.9370248654902992;1.5523861333182167e-11;0.43154161529138857;;1.0358894450765908;4.806910414378862e-06;11.59766967229776;0.07291666666666667;0.27186922953602344;0.24
5.284774798186238;0.2275301459791531;4.297170669044167;1.0380872637118865;1.8984643633491285;0.0;0.2461850096740035;;0.356330125961175;4.806910414378862e-06;24.286330838912917;0.0375;0.32541864742938365;0.8
5.067535668431915;2.5155587799533974;0.7063492883045311;1.016383334895669;0.7792642095547441;6.719867428968271e-12;1.2942512601481342;;0.20356043338734653;4.806910414378862e-06;18.63764239025913;0.0008333333333333334;0.10986920985549252;0.8125
5.8426834668328524;3.02068641578505;0.6704014190211288;0.9894963846465249;0.7069251662091521;0.0;0.900021307106176;;0.21668965711581223;4.806910414378862e-06;9.155334585212517;0.013333333333333334;0.13653029115018275;0.79375
5.330204104726956;0.049660579255667754;1.1353488744761113;0.9945701700261885;1.7738064569754157;0.25325987253902926;0.6128804339130218;;0.2062001058974433;4.806910414378862e-06;5.267206863299706;0.016666666666666666;0.2039355545364291;0.81075
5.4057780864879685;55.4586972856006;0.8691996189420513;0.9887370432179786;1.2456479807300411;0.0;0.6582695677922916;;0.14490266885540626;4.806910414378862e-06;18.614214293241545;0.0016666666666666668;0.1856792367704199;0.80225
4.753439588057308;;0.0;0.9901998138403298;0.5714285727698412;0.0;0.8068514806716692;;0.0;4.806910414378862e-06;9.909029340079575;0.0275;0.22739561843976872;0.80175
5.001980462168511;1170.679012344572;1.1481481481482065;2.183856570499948;1.2850949586471685;0.0;0.8023972202229788;;0.09393896824415626;4.806910414378862e-06;10.068064794617415;0.0004166666666666667;0.20256899560018496;0.79325
6.497080873671898;0.11188828149733547;0.8200658258717786;1.0054006016149832;1.0801844299246686;0.0;1.2831287491324666;;0.23591324968644836;4.806910414378862e-06;16.214957257642833;0.0016666666666666668;0.13447992420631125;0.80325
5.421089519551172;2.0837200606300117e-05;2.432270642717257;1.1107556090288366;2.5920446336235083;0.9999999999999997;0.655390787535541;;0.28110670788223535;4.806910414378862e-06;22.95919347234452;0.004166666666666667;0.2175696080998948;0.80275
4.759181877071745;0.03508497252136127;1.0364812559464278;1.0098120640639032;2.2133016257319897;0.6446162948913626;0.6382972534830844;;0.30844808555914693;4.806910414378862e-06;17.02128167719731;0.05583333333333333;0.30948449222022323;0.804
5.4312858991077215;1.5581229776184375;0.7979194237616845;1.0049151590421994;0.9966899587290845;0.8364488728313453;0.09276686992316671;;0.38570740833972844;4.806910414378862e-06;21.37035065302438;0.08708333333333333;0.31065826871869345;0.8005
5.067535668431915;1464.4492347822168;0.6865216070857815;1.0158405764646297;0.7863340077666713;6.621093614190724e-12;1.2941664602074971;;0.18497698610322594;4.806910414378862e-06;18.61753612504039;0.00125;0.11020371067500223;0.80375
6.3082868830244205;2.8870851043490986;0.6954411411249797;0.9894963846465249;0.7190794151461812;0.0;0.9003769469310865;;0.28257051983369524;4.806910414378862e-06;9.217484817844207;0.005;0.14238082327792337;0.79675
5.476715205648441;0.7845855699332155;1.0892509991281747;1.0221640481070557;1.4676096438179647;0.5767072461086279;0.16398162496964264;;0.21806052112777644;4.806910414378862e-06;24.00822397721391;0.06458333333333334;0.2151357610032374;0.811
5.4057780864879685;241.66666666666495;0.9700870059690235;1.0138589111465546;1.3339603513998397;0.0;0.8388328806055217;;0.20133719468558442;4.806910414378862e-06;12.997819752712585;0.00125;0.18189279022392307;0.798
4.753439588057308;;0.0;1.0049628457846924;1.0;0.0;0.8029580394661177;;0.0;4.806910414378862e-06;9.397104964054627;0.029166666666666667;0.23142945357877243;0.81225
5.001980462168511;39.00891632371543;0.9310344827586241;2.149188186497737;1.1384700453425496;3.215183108263455e-11;0.8022303022235291;;0.0981162193217833;4.806910414378862e-06;10.022729594244273;0.00125;0.20347504312045683;0.801
6.497080873671898;0.051339485869785484;0.8015495314044974;1.0052642006943937;1.1687331843434363;0.0;1.2831605363357474;;0.215228152493763;4.806910414378862e-06;16.216999995905038;0.0025;0.1359291806594466;0.80525
5.421089519551172;0.2687406928510548;0.7718277997239255;1.3432519872876667;0.8613287481809907;0.009060436650977697;0.3352109432637189;;0.2451550895270388;4.806910414378862e-06;18.354246778903985;0.005;0.23673225613989113;0.80575
4.77503818298376;8.923131632824839e-05;1.4424303335318225;1.9604736890624728;3.5704978467270125;0.9999999998389197;0.25405534752721454;;0.43483189194672656;4.806910414378862e-06;11.317244057020366;0.044583333333333336;0.2586260606094122;0.81475
5.423624423442957;6.387842683124433;0.7228217633899477;1.1709188304005482;0.9182897479118077;1.0000000000000002;0.7940034718777427;;0.20620010589743656;4.806910414378862e-06;11.361236520296954;0.006666666666666667;0.24924683506362308;0.79625
5.067535668431915;2.5155587799533974;0.7063492883045311;1.016383334895669;0.8107978939040663;6.719867428968271e-12;1.2942512601481342;;0.20356043338734653;4.806910414378862e-06;18.63764239025913;0.0008333333333333334;0.11035953804891169;0.81375
6.3082868830244205;4.6181611958660325;0.7624386226865825;0.9894963846465249;0.8427287970301887;0.0;0.9005291851057842;;0.2689639357826865;4.806910414378862e-06;9.227683965502312;0.00375;0.1451603663737241;0.812
5.476715205648441;0.005542049599912371;0.6981756181015241;1.0864081489234978;1.126848331579349;0.3461178719136228;0.430198488871568;;0.25111593149282896;4.806910414378862e-06;11.441614596177455;0.06958333333333333;0.2155788669148347;0.79875
5.4057780864879685;625.0000000000189;0.6652043967065314;0.9972373102219372;0.972187832124807;0.0;0.8386208768910886;;0.13983804782422926;4.806910414378862e-06;12.971098093058114;0.00375;0.18313666885199836;0.79625
4.753439588057308;;0.0;0.9901998138403298;1.0;0.0;0.8068514806716692;;0.0;4.806910414378862e-06;9.909029340079575;0.0275;0.2263635541128846;0.79925
5.001980462168511;39.00891632371543;0.9310344827586241;2.149188186497737;1.1246230408082947;3.215183108263455e-11;0.8022303022235291;;0.0981162193217833;4.806910414378862e-06;10.022729594244273;0.00125;0.20358325437114402;0.80725
6.497080873671898;0.02919219835239872;0.8133553341726641;1.012136086879655;1.0715452329731305;0.5310730620472158;1.0867134919961374;;0.19623243864356188;4.806910414378862e-06;7.08341999793788;0.005833333333333334;0.1389940464943706;0.806
5.407152400289483;0.11095892483546436;0.7241016668079224;1.5523754416408138;0.8280688571089997;8.834201002335931e-13;0.2692034046855807;;0.23911750953980287;4.806910414378862e-06;16.52480317310707;0.05708333333333333;0.22598900099530092;0.80275
4.759181877071745;0.001757923426868098;1.4908538344237634;0.9906861375374245;4.098746141922314;0.9999999998832796;0.31863630376470153;;0.404430975422;4.806910414378862e-06;11.739630356020221;0.025833333333333333;0.2649608726580484;0.7995
5.423624423442957;3.168330446904591;0.8721933730835154;1.1700920048711079;1.188223242308064;1.0;0.7939361978047352;;0.19000100462452604;4.806910414378862e-06;11.329433123134633;0.005;0.25173801172953036;0.8015
5.026851232374564;;0.0;1.0123725546413092;1.0;0.0;0.8072927816460843;;0.0;4.806910414378862e-06;10.233087825154303;0.011666666666666667;0.21227538660334094;0.806
6.3082868830244205;0.8594430879782532;1.0095773550395717;1.0125049512785833;2.1755052516852755;0.5692251047052374;0.7073374375907037;;0.25218105654926665;4.806910414378862e-06;16.409205537355877;0.009166666666666667;0.15007434639504402;0.791
5.337865580391721;0.07039306651020329;0.9215935841026794;0.9939716052264391;0.891949513821407;0.007415831204558779;0.6163138420685652;;0.24877276159502884;4.806910414378862e-06;14.267209148821847;0.11;0.23079562271457846;0.79975
5.4057780864879685;56.78040592034457;0.7594533051314942;0.988421887187766;1.3118551905331481;0.0;0.8378150661301055;;0.1555822431973276;4.806910414378862e-06;12.851340446926427;0.005;0.18948483635822366;0.80675
4.753439588057308;;0.0;0.9901998138403298;1.0;0.0;0.8068514806716692;;0.0;4.806910414378862e-06;9.909029340079575;0.0275;0.22896539682093456;0.799
5.414106713369767;0.00014572850353939155;1.0841202197168471;1.010662997637586;2.169116142534907;0.9999999999413415;0.8186726211635762;;0.4692690670530224;4.806910414378862e-06;17.29765639479523;0.005833333333333334;0.18138042192020415;0.80025
5.955723142264397;0.03911140603147575;0.977514305436611;1.2025489555789497;2.0305053950159335;0.6813855754528879;0.890179103134572;;0.229893174979451;4.806910414378862e-06;5.901786921533896;0.008333333333333333;0.13863714819968098;0.81475
5.469053729983676;0.3129471860631237;0.8197836948725974;0.9945701700261885;1.6246650321928142;2.5200299191835907e-11;0.6180245077494392;;0.1766905750428383;4.806910414378862e-06;6.130486829910519;0.009583333333333333;0.2047758795183898;0.807
4.753439588057308;;0.0;0.9742186495985579;0.8888888889444445;0.0;0.8111798160095979;;0.0;4.806910414378862e-06;10.496807295979577;0.009166666666666667;0.2244206004394486;0.8045
5.541854141108079;37.78270886040211;0.664186623909084;1.42414909169463;0.9364277202254836;1.0000000000000002;0.7905026367744086;;0.0981162193217833;4.806910414378862e-06;10.089192049738243;0.009166666666666667;0.24843669563829976;0.80275
5.026851232374564;0.0;1.0;1.0244370726025767;360000000.9998772;0.9999999985;0.8073669094742438;;0.02832424295939373;4.806910414378862e-06;10.258991501438896;0.006666666666666667;0.21165717108022872;0.80075
6.3082868830244205;0.012428278904839564;0.8936673292289525;1.0119956448936864;1.0786113703143736;0.6509470232591678;0.7028658104161387;;0.21740389535782434;4.806910414378862e-06;15.93702925162625;0.019583333333333335;0.1471206204052436;0.80175
5.337865580391721;0.016508116686853196;1.0643645544904738;1.564512602148902;0.7983335747696227;0.0;0.2584212056827102;;0.22529856153870648;4.806910414378862e-06;15.893318038285576;0.08583333333333333;0.21816938656854332;0.81025
5.4057780864879685;38.90063650732592;0.7592010619888021;0.9887370432179786;0.8149397831210898;0.0;0.6578909274326756;;0.17667607237534178;4.806910414378862e-06;18.588654466590995;0.0033333333333333335;0.18780587332443585;0.81675
4.753439588057308;;0.0;1.0049628457846924;1.0;0.0;0.8029580394661177;;0.0;4.806910414378862e-06;9.397104964054627;0.029166666666666667;0.23154186222128628;0.81475
5.423917295465147;0.013418721480865712;0.9174926541512081;0.9749753332103268;1.5108255964109814;0.9999999999203765;1.2965404677948456;;0.3071448497791883;4.806910414378862e-06;13.330254017758943;0.014583333333333334;0.1608717322686856;0.8055
5.9724120381221475;0.0012479426643132176;0.7846793207591996;1.0321018446389778;0.989418311938487;0.363592094677771;0.49941766273670357;;0.20797389264193328;4.806910414378862e-06;24.57026584852498;0.011666666666666667;0.14668233095187466;0.79875
5.330204104726956;0.7239309649280229;1.6361733000261394;0.9898379475560859;1.5736440236109903;0.6150998203546953;0.4333102386550192;;0.1461693691010991;4.806910414378862e-06;13.174024413401266;0.017083333333333332;0.20945782680002412;0.81425
4.794124024114659;0.0025062399647038983;1.5642990958491303;0.9960599999251393;2.3128491165663516;0.36332214870856305;0.9082683990313317;;0.4044309754220001;4.806910414378862e-06;11.150441196077784;0.0016666666666666668;0.11743583411757436;0.7985
5.423624423442957;0.5468009672253179;0.6669231769487534;1.3951318929099927;0.9350868155338841;1.0;0.7919883476488008;;0.10969767869773416;4.806910414378862e-06;10.68828029426053;0.0075;0.24944784696853892;0.807
5.026851232374564;0.0;1.0;1.0244370726025767;300000000.99989766;0.9999999985;0.8073669094742438;;0.02832424295939373;4.806910414378862e-06;10.258991501438896;0.006666666666666667;0.21163146426316906;0.807
5.19663213026544;0.6314789536711688;0.740741524394495;0.9894963846465249;1.0252181732973982;0.0;0.8968340376264298;;0.20210480400764635;4.806910414378862e-06;8.331669332564063;0.011666666666666667;0.1397494374960298;0.805
5.469053729983676;0.6493390627898443;0.7448339243285583;0.9902153754906079;0.8333251723260502;0.0;0.2676018625517734;;0.1766905750428383;4.806910414378862e-06;22.554257007275933;0.03375;0.2112898565753763;0.7955
5.94713581789547;94.20138888889937;0.6805116550656891;0.9887370432179786;0.7550108978775357;0.0;0.6574687573654484;;0.14062758071763612;4.806910414378862e-06;18.562063724429294;0.005833333333333334;0.18978087031567878;0.80625
4.753439588057308;;0.0;0.9901998138403298;0.9230769231538462;0.0;0.8068514806716692;;0.0;4.806910414378862e-06;9.909029340079575;0.0275;0.22749033291506754;0.799
5.423917295465147;0.031418021431231506;1.4098659920939831;0.9741862928184215;3.0056027492463677;0.19807322289031556;1.1008071806301845;;0.20790401489180801;4.806910414378862e-06;7.6130696878929776;0.007083333333333333;0.15499936707363438;0.80075
5.9724120381221475;0.000998408669301147;1.0282386612284884;1.0162377494010792;1.7520681554949102;0.7997649221757026;0.3070536794686074;;0.3331121118387711;4.806910414378862e-06;34.439305689389194;0.007083333333333333;0.149201362939945;0.7965
5.330204104726956;2542.222222220521;0.6443177667743392;0.9955168936120717;0.6156637058542247;0.0;0.44098646901294186;;0.13474581071973488;4.806910414378862e-06;13.60943718320602;0.005416666666666667;0.21589373364946124;0.79725
4.753439588057308;;0.0;0.9742186495985579;0.666666667125;0.0;0.8111798160095979;;0.0;4.806910414378862e-06;10.496807295979577;0.009166666666666667;0.2251834400672941;0.82075
5.268442496790822;0.49014802470337426;0.6225744728737342;1.3618778840143524;0.8998397242121131;1.0000000000000002;0.789513032756593;;0.0981162193217833;4.806910414378862e-06;9.558465189784636;0.01125;0.24918649630085993;0.80775
5.026851232374564;;0.0;1.0123725546413092;0.7857142860714286;0.0;0.8072927816460843;;0.0;4.806910414378862e-06;10.233087825154303;0.011666666666666667;0.21154737317498748;0.8045
5.5750435002241865;0.2926929161200149;0.6032675085226693;0.9909218305111537;0.7725974010996866;0.0;0.893855671226885;;0.196044274836746;4.806910414378862e-06;7.521084620398075;0.015833333333333335;0.13976515493126002;0.81
5.330204104726956;0.06802087133434864;0.8857166198425122;0.9902153754906079;1.1807508714679238;1.1283184081602142e-12;0.25487279431388443;;0.19604427483674602;4.806910414378862e-06;22.326437441625075;0.05625;0.21359772594297757;0.81
5.94713581789547;628.4722222220331;0.6473937847527126;0.9887370432179786;0.6027871209693163;0.0;0.6582725951720552;;0.15087654084112717;4.806910414378862e-06;18.63085375344976;0.0025;0.1854887631357384;0.80025
4.753439588057308;;0.0;1.0049628457846924;1.0;0.0;0.8029580394661177;;0.0;4.806910414378862e-06;9.397104964054627;0.029166666666666667;0.23085660708554925;0.8005
5.43886991564002;0.22458337547510157;1.3490940041902149;1.0035604626213162;2.845921611367008;0.999999999938641;0.7122870074462577;;0.3183345513130591;4.806910414378862e-06;20.464034910289712;0.007916666666666667;0.1435789727996256;0.80275
5.854182320457026;0.00039767575897011067;0.8482311799373713;1.0272818523751763;1.0570617125206099;0.4079695953734945;0.5015232263980787;;0.21875527610686626;4.806910414378862e-06;24.684081942968685;0.012916666666666667;0.14705673092142932;0.79575
5.330204104726956;1066.6666666661592;0.604786046791363;0.9947044034652702;0.6616718223394299;0.0;0.44069772337163654;;0.13769058154333685;4.806910414378862e-06;13.593660310339706;0.007916666666666667;0.21856706886789512;0.80125
4.753439588057308;;0.0;0.9742186495985579;0.8888888889444445;0.0;0.8111798160095979;;0.0;4.806910414378862e-06;10.496807295979577;0.009166666666666667;0.22363459108606693;0.80675
5.268442496790822;0.8713742661394971;0.6614485194627013;1.4309657901450064;1.1677589661972385;1.0;0.7890214022744505;;0.09811621932178327;4.806910414378862e-06;9.108057825472345;0.013333333333333334;0.250734585143495;0.803
5.026851232374564;0.0;1.0;1.0244370726025767;300000000.99989766;0.9999999985;0.8073669094742438;;0.02832424295939373;4.806910414378862e-06;10.258991501438896;0.006666666666666667;0.21201792240660156;0.815
5.5750435002241865;0.2926929161200149;0.6032675085226693;0.9909218305111537;0.7401113155424989;0.0;0.893855671226885;;0.196044274836746;4.806910414378862e-06;7.521084620398075;0.015;0.14001838547287127;0.79925
5.337865580391721;0.13635425256488656;0.8452247639775181;1.0221640481070555;1.1300198789113678;0.5802495072113139;0.1626267399911645;;0.31833455131305893;4.806910414378862e-06;23.94189477441967;0.06;0.2257411017732238;0.8065
5.94713581789547;240.21530180687657;0.8348935325004616;0.9887370432179786;0.7567801052330726;0.0;0.6585924338906387;;0.15934853508288088;4.806910414378862e-06;18.66068048669791;0.0020833333333333333;0.18300717304301373;0.80775
4.753439588057308;;0.5;0.9901998138403298;33333334.33334092;0.9999999993333334;0.8068241805632596;;0.028324242959409857;4.806910414378862e-06;9.914619642317719;0.034583333333333334;0.22800980552287375;0.79575
5.43886991564002;0.26434672975850815;1.3303178185122178;1.0034646305017207;2.8204633819305918;0.9999999999198785;0.7122362716924758;;0.3071448497791883;4.806910414378862e-06;20.46022813499087;0.00875;0.1449483683560914;0.7965
5.837493424599275;0.032109056744234046;0.7398076735790832;0.9879980177366224;2.389974055607312;0.9999999999776394;0.6957355588229639;;0.14893805524272244;4.806910414378862e-06;14.997629858320634;0.0125;0.14196486914860573;0.79825
5.330204104726956;1066.6666666661592;0.604786046791363;0.9947044034652702;0.5294516415238125;0.0;0.44069772337163654;;0.13769058154333685;4.806910414378862e-06;13.593660310339706;0.005416666666666667;0.2181335151222645;0.815
4.753439588057308;;0.0;0.9742186495985579;0.8888888889444445;0.0;0.8111798160095979;;0.0;4.806910414378862e-06;10.496807295979577;0.009166666666666667;0.22453330142010336;0.79375
5.276103972455586;0.01185848986714045;0.73793006689075;1.1145750983312548;0.8926898799752646;1.0;0.39832911954907996;;0.4179975114441502;4.806910414378862e-06;2.722654208180753;0.16458333333333333;0.32982776626861604;0.80475
5.026851232374564;;0.0;1.0123725546413092;1.0;0.0;0.8072927816460843;;0.0;4.806910414378862e-06;10.233087825154303;0.011666666666666667;0.21284278730592818;0.805
5.5750435002241865;0.8627681532766677;0.7160752312153993;0.9731884534862305;0.76067499985138;0.0;0.8912948055052724;;0.11205245113555029;4.806910414378862e-06;6.730422636594856;0.02125;0.14092546494844196;0.809
5.8715618361344575;3.260365282699931;0.7809988088775173;0.9898379475560859;0.9372073050170124;0.7315375778974657;0.4263104159821941;;0.18554948198758686;4.806910414378862e-06;12.898972815171481;0.01125;0.21243524914395076;0.81025
5.94713581789547;396.89523054555593;0.6755642225130359;0.9887370432179786;0.5904125644089574;0.0;0.6581819479474786;;0.14062758071763612;4.806910414378862e-06;18.625566979029074;0.0075;0.18618093483898446;0.7935
4.753439588057308;;0.5;0.9901998138403298;33333334.33334092;0.9999999993333334;0.8068241805632596;;0.028324242959409857;4.806910414378862e-06;9.914619642317719;0.034583333333333334;0.22758902991514643;0.803
5.423917295465147;0.013418721480865712;0.9174926541512081;0.9749753332103268;1.6129907156931778;0.9999999999203765;1.2965404677948456;;0.3071448497791883;4.806910414378862e-06;13.330254017758943;0.008333333333333333;0.1608302729157759;0.8215
5.955723142264397;0.018802434481969842;0.9834513520496435;1.203859905175571;2.03958697996944;0.6805895140570966;0.8903731521048095;;0.22058135361769582;4.806910414378862e-06;5.948804616659408;0.009166666666666667;0.14058668368657784;0.80325
5.260641299368;201.3888888890458;0.7636387130101648;0.9947044034652702;0.6803694124498266;0.0;0.44045507829843905;;0.1155768772060729;4.806910414378862e-06;13.574039218154507;0.006666666666666667;0.21998986884329588;0.80325
4.753439588057308;;0.0;0.9742186495985579;1.0;0.0;0.8111798160095979;;0.0;4.806910414378862e-06;10.496807295979577;0.009166666666666667;0.22326686842929147;0.7995
5.292436273851003;0.06260043576947485;0.8278400014832247;1.8728110390264257;1.2975914103537112;0.5020490724728285;0.21087564172516066;;0.338222600111913;4.806910414378862e-06;11.286362089929511;0.15291666666666667;0.3805758874810455;0.7995
5.026851232374564;;0.0;1.0123725546413092;1.0;0.0;0.8072927816460843;;0.0;4.806910414378862e-06;10.233087825154303;0.011666666666666667;0.21163981671919788;0.8
5.5750435002241865;0.0801692922942978;0.6118169520432729;0.9731884534862305;0.847114315227109;3.8163136203039995e-12;0.8892259966187035;;0.14893805524272558;4.806910414378862e-06;6.035118173423658;0.02125;0.14096047483170981;0.8115
5.8715618361344575;4.225442778438103;0.7629802258176132;0.9898379475560859;0.9194681974494849;0.703500273353247;0.4262322969204944;;0.2174038953578243;4.806910414378862e-06;12.876169439478767;0.011666666666666667;0.21194461750690366;0.796
5.4057780864879685;10.450000000000783;0.7566528464945514;0.9891048800028248;1.3549540037400403;0.0;0.8388831464313875;;0.15087654084112714;4.806910414378862e-06;13.025360741409642;0.0020833333333333333;0.1805591970207225;0.79025
4.753439588057308;;0.5;0.9901998138403298;40000001.000009105;0.9999999993333334;0.8068241805632596;;0.028324242959409857;4.806910414378862e-06;9.914619642317719;0.034583333333333334;0.2265649956324893;0.79925
5.423917295465147;1393.863731091605;0.9262919047509252;0.9749753332103268;1.6248743976566054;0.9271305983600799;1.2965186096250798;;0.3183345513130591;4.806910414378862e-06;13.32591020171959;0.009583333333333333;0.16199267799585468;0.79575
6.378851156006776;0.003015203099027117;2.476944021723959;1.0570593208487753;2.1909926430000874;0.0;1.2845015033325382;;0.3158760993673064;4.806910414378862e-06;16.499180702907157;0.0025;0.13708121585431973;0.80625
5.330204104726956;0.6633625145057389;0.751744285026192;0.9941127932346093;0.8402930448929768;0.0;0.2792348843581029;;0.14088849620018548;4.806910414378862e-06;22.80111994320566;0.016666666666666666;0.22168838487042566;0.7975
4.753439588057308;;0.0;0.9742186495985579;1.0;0.0;0.8111798160095979;;0.0;4.806910414378862e-06;10.496807295979577;0.009166666666666667;0.22356913418763902;0.80225
5.826132529593739;17.043895747607245;0.9497658620726381;1.0343434778297178;0.9991060641098768;0.0;0.21553409961294678;;0.17082585317594867;4.806910414378862e-06;23.173274024705112;0.05333333333333334;0.35196258876609293;0.80075
5.026851232374564;0.0;0.8333333333333808;1.0113133626401578;1.4999999987500856;1.0000000000000002;0.8116459023845696;;0.05664848591880367;4.806910414378862e-06;10.798118687735332;0.00125;0.20892251440486312;0.80975
5.5750435002241865;0.0817515212857578;0.9260262804368106;0.9961238148314064;0.9707846891897536;0.8940002119832956;0.6929662360534986;;0.21548348049218533;4.806910414378862e-06;14.850878387058145;0.03916666666666667;0.1454043949927751;0.80425
5.8715618361344575;1.1621558386667088;0.661469753366192;0.9945701700261885;1.0735660783562093;6.472550437093931e-13;0.6134397647563927;;0.14764500052708288;4.806910414378862e-06;5.616177455649599;0.004583333333333333;0.20649928377704485;0.79125
5.967739965175509;7.3897926678584085;0.9192652425049251;1.0019661022864865;1.802677768354047;0.2057901847003452;1.0252043236641948;;0.1593485350828695;4.806910414378862e-06;13.784564454505222;0.005833333333333334;0.18160624616792923;0.79925
4.753439588057308;;0.5;0.9996233210781373;0.5761517618366455;0.0;0.7995333959663437;;0.028324242959409857;4.806910414378862e-06;8.967848178262292;0.021666666666666667;0.23473373922877322;0.8025
5.423917295465147;0.02414920042683488;1.4081907759523078;0.9745913701007867;2.9674892180081125;0.198359790204406;1.100836466429466;;0.20221548771100006;4.806910414378862e-06;7.621982651935065;0.00375;0.15457121442392446;0.80525
6.378851156006776;0.0010043250027236604;1.516794756701599;1.074821515317752;1.6969499764067284;0.4096984976127463;1.0890127811107355;;0.31498492331949024;4.806910414378862e-06;7.962833281388365;0.00625;0.14005173202358828;0.79975
12.029585417483899;0.00608471669769152;0.9743619794435069;1.0176639343178542;1.3319862401968963;0.8416711839282833;1.028539747423082;;3.073566593310787;4.806910414378862e-06;24.53721719884941;0.022916666666666665;0.12506676723993226;0.24725
4.794124024114659;0.0013991799292324093;1.4300004282131533;1.0457994307195038;2.372803478069386;0.8732268617702676;0.7171540310613503;;0.33734852747357147;4.806910414378862e-06;17.558638226445428;0.0033333333333333335;0.12276112732776659;0.81075
6.291735945785307;0.000501859442526206;1.478268849663902;1.0364434333576602;1.4754750157554044;0.34879898853615454;0.414503937131418;;0.36430355420888594;4.806910414378862e-06;15.457935126064283;0.015;0.2898729524449212;0.81525
5.026851232374564;0.0;0.8333333333333808;1.0113133626401578;1.599999998500102;1.0000000000000002;0.8116459023845696;;0.05664848591880367;4.806910414378862e-06;10.798118687735332;0.00125;0.20909052942849016;0.79575
5.5750435002241865;0.08630201983214225;0.8974238561143902;0.9961238148314063;0.8488331787100162;0.8589698515744285;0.6956967716850069;;0.14893805524272558;4.806910414378862e-06;15.159706918908121;0.03125;0.1454041001668452;0.80275
5.8715618361344575;1.799790089167942;0.6673378209840481;0.9945701700261887;0.9065909209415266;5.976022138246057e-13;0.6138016755792036;;0.18554948198758686;4.806910414378862e-06;5.7517188215889945;0.002916666666666667;0.20597555960396735;0.79425
5.94713581789547;184.20138888908744;1.2908414909278811;0.9849540182734995;1.1347226252489138;0.0;0.8376498307261999;;0.14062758071763612;4.806910414378862e-06;12.84618248610564;0.010416666666666666;0.19152607798064772;0.8065
4.753439588057308;;0.0;1.0049628457846924;1.0;0.0;0.8029580394661177;;0.0;4.806910414378862e-06;9.397104964054627;0.029166666666666667;0.23292437775928576;0.80925
5.380391832127258;0.0;0.96784540197087;2.4229029441092615;1.033428486763807;0.0;0.7994579876295956;;0.0981162193217833;4.806910414378862e-06;9.771522294479855;0.0016666666666666668;0.2051597899885091;0.80925
5.837493424599275;0.10091492289248925;0.7548481170615431;1.000990606795304;2.428200997798757;0.9337733821442844;0.6977932779734342;;0.24096026559433137;4.806910414378862e-06;15.242738889949887;0.01375;0.14499492138704217;0.80425
13.188389773156654;5.23362257948334;0.843761500791536;0.9948264485474061;0.9577109597771197;0.7092274956179614;0.4684660078398399;;1.0738681263695684;4.806910414378862e-06;18.778210979361447;0.05458333333333333;0.07921405760611852;0.23525
4.810812919972408;0.005890546190124903;0.9020269155942223;1.0354085489821139;0.9960248388429972;0.0;0.2254088909123662;;0.37705278362914146;4.806910414378862e-06;45.40740400933748;0.005416666666666667;0.1318717545300368;0.80925
5.86681696565109;0.00033850619563574965;1.5494569192551015;1.119807948548204;3.3340723443455813;0.47467497054654645;1.2858823024827348;;0.708786995878785;4.806910414378862e-06;17.189554280643346;0.0004166666666666667;0.13825647655046658;0.799
5.026851232374564;0.0;0.8333333333333808;1.0113133626401578;1.4999999987500856;1.0000000000000002;0.8116459023845696;;0.05664848591880367;4.806910414378862e-06;10.798118687735332;0.00125;0.207258719153355;0.807
5.5750435002241865;0.0801692922942978;0.6118169520432729;0.9731884534862305;0.8928424294055529;3.8163136203039995e-12;0.8892259966187035;;0.14893805524272558;4.806910414378862e-06;6.035118173423658;0.02125;0.1403298910476129;0.80125
5.912246272191808;0.05501466328982466;0.7582686713095167;0.9922917177974815;0.8369852869221389;0.0;1.2912769633293395;;0.3541934511253602;4.806910414378862e-06;17.797765698738253;0.00125;0.12994423835116498;0.78975
5.94713581789547;2647.2222222224773;0.8368861161756516;0.9849540182734993;0.8733802308590284;0.0;0.8373457535661202;;0.11329697183762355;4.806910414378862e-06;12.798248064871931;0.013333333333333334;0.19360388632522324;0.80275
4.753439588057308;0.33599594351643236;0.9727511499103354;0.9902153754906079;1.0057305143832596;0.055431544989904886;0.24717514934336426;;0.17268848599775297;4.806910414378862e-06;22.220855821513176;0.10375;0.27632527439783033;0.804
5.380391832127258;0.0;0.96784540197087;2.4229029441092615;1.0401141841165684;0.0;0.7994579876295956;;0.0981162193217833;4.806910414378862e-06;9.771522294479855;0.0016666666666666668;0.20547287397667385;0.8145
5.837493424599275;0.18474479454077372;0.7597515781284789;0.9879980177366224;2.44057361955971;0.9999999999784043;0.696069777416971;;0.2591311023462141;4.806910414378862e-06;15.03829989949631;0.011666666666666667;0.13920105523567264;0.804
11.93205001989687;0.08938812538444625;0.7010436196258224;0.9867612654337149;1.764951525848031;0.5573114476513649;0.6406864643462011;;2.8002569601694747;4.806910414378862e-06;17.2196566966642;0.07541666666666667;0.13210861703651347;0.248
4.796965051395196;0.6812098103344953;1.4680393043746183;1.1946379408124208;1.3723880706352487;0.39431788143945795;0.9151279107275136;;0.15185183467815264;4.806910414378862e-06;13.704508999406709;0.009583333333333333;0.15914158249568036;0.809
5.3254592342435885;0.014559133731266216;0.8751979283948487;1.0634562317855203;1.3881042000457047;0.3826178282946586;1.0858951325335606;;0.6079059937189167;4.806910414378862e-06;7.716165749074225;0.005;0.1281088337461263;0.79875
5.026851232374564;;0.0;1.0123725546413092;0.6111111117063491;0.0;0.8072927816460843;;0.0;4.806910414378862e-06;10.233087825154303;0.011666666666666667;0.21196120117360623;0.80425
5.5750435002241865;0.06214236041625981;0.7617853415705023;0.9764181762845416;0.9561539951475271;0.08211695382056082;1.0858863419094547;;0.21178163189958732;4.806910414378862e-06;7.224513053984064;0.009583333333333333;0.13476852420571375;0.805
5.8715618361344575;44.02186391985842;0.6546245300717124;0.9945701700261887;0.8050541754462996;0.0;0.6189654161190097;;0.16911725581167594;4.806910414378862e-06;6.49301235681195;0.0020833333333333333;0.20289758645208386;0.8105
5.94713581789547;1153.4722222220105;0.7376177013482293;0.9884218871877657;0.8446729817487663;0.0;0.8371841189463793;;0.0977411918842097;4.806910414378862e-06;12.765572262062438;0.013333333333333334;0.19506933771667814;0.80725
4.622251438465353;0.00555341814050632;1.3141724335294878;0.9766643651414484;3.064005038820191;0.24008895996540838;0.1501240465417777;;0.22464927951056768;4.806910414378862e-06;23.67089009137914;0.11958333333333333;0.3007997359697857;0.802
5.380391832127258;0.0;0.96784540197087;2.4229029441092615;1.033428486763807;0.0;0.7994579876295956;;0.0981162193217833;4.806910414378862e-06;9.771522294479855;0.0016666666666666668;0.20517023299105938;0.808
6.1123664149765276;5.729806225523003e-07;6.532696007767345;1.1729332464112499;7.907187583875557;0.34430678329212466;0.3161195305492325;;0.6498321028334536;4.806910414378862e-06;39.4390037181879;0.008333333333333333;0.15761342353146787;0.80225
13.188389773156654;0.11082336337065928;0.7298001007635616;0.9867612654337149;1.82300271728378;0.5654030431554312;0.6401941295741304;;0.7662931495078522;4.806910414378862e-06;17.185174125093226;0.08666666666666667;0.31492351100795396;0.23425
4.658115426138478;5.004388788442809;1.3665409833026336;1.0262828760829668;1.1423582656142124;0.0;1.3029518343632822;;0.15087654084112714;4.806910414378862e-06;15.056835781694822;0.025416666666666667;0.17824878352006843;0.81
5.541854141108079;84.19143275715685;0.676815019587682;1.363624327825924;0.9452222548490181;1.0;0.7895609327899543;;0.1266684428252919;4.806910414378862e-06;9.59197045256466;0.0125;0.24591966183712627;0.795
5.026851232374564;;0.0;1.0123725546413092;1.0;0.0;0.8072927816460843;;0.0;4.806910414378862e-06;10.233087825154303;0.011666666666666667;0.2113205581557016;0.805
5.5750435002241865;0.26405013928276916;0.6933523769987513;0.9852746240307745;0.8982852654856622;0.03808298696273336;1.084555633365646;;0.15680986103289046;4.806910414378862e-06;6.734808933235317;0.01125;0.13578121857858536;0.7895
5.8715618361344575;0.01583798088524223;1.0434696928862848;0.9918159949001785;1.376478029592215;1.0246543671731148e-12;0.26977071352308296;;0.2298931749794528;4.806910414378862e-06;22.68349776080512;0.009583333333333333;0.21481025154369587;0.8
5.94713581789547;2647.2222222218516;0.6714879014403766;0.9884218871877659;0.7843875965684266;0.0;0.8371128454786789;;0.08497272887821361;4.806910414378862e-06;12.757855183603672;0.01375;0.19558168111264193;0.797
4.614589962800588;0.5637128873645384;0.6967196597625279;0.9997219056019597;0.9391273751360222;4.1200153295994906e-11;0.25912807548834;;0.17268848599775297;4.806910414378862e-06;22.443737535805454;0.08291666666666667;0.2957032663657604;0.80925
5.380391832127258;0.005694452684471024;1.0059306740605183;1.0007620825824792;1.4505969349653598;0.9999999999849803;0.4144914122529615;;0.3939631003394063;4.806910414378862e-06;12.869043064758975;0.005833333333333334;0.23742506762970902;0.81275
5.951011673931506;3.625905437311708e-05;1.5276995376412408;1.0254562334547246;2.4630472337702707;0.6902898160784824;1.204189966103267;;0.7145227848039004;4.806910414378862e-06;26.616263652633048;0.019166666666666665;0.16685469307316234;0.8175
13.208993920436694;0.022963100874792846;0.9579542119866872;0.950585788130029;1.0209479622931819;0.7758458163529335;1.01382295084866;;0.8334479643913052;4.806910414378862e-06;11.780509198489257;0.07541666666666667;0.277728733772076;0.24225
4.658115426138478;0.9325414135144676;0.8098495469815422;1.068443840019298;1.3491283122939035;0.9999999999057896;1.4117767996913222;;0.16363081700065488;4.806910414378862e-06;23.374626674622604;0.034583333333333334;0.19242870934126519;0.80425
5.268442496790822;0.49014802470337426;0.6225744728737342;1.3618778840143524;0.8798076690545358;1.0000000000000002;0.789513032756593;;0.0981162193217833;4.806910414378862e-06;9.558465189784636;0.01125;0.24894629971925614;0.80125
5.026851232374564;0.0;1.2499999999997868;1.0085774678001376;1.8571428549996587;1.0;0.8115769692456487;;0.028324242959409884;4.806910414378862e-06;10.774439521624522;0.0016666666666666668;0.2101869152729324;0.80975
5.5750435002241865;1.313956855470795;0.6883089305194904;0.9794813374000929;0.6998471242632472;0.19870281240247156;0.886353407299803;;0.14893805524272571;4.806910414378862e-06;4.98132400744908;0.024583333333333332;0.1396670815945406;0.7965
5.8715618361344575;8.125270707564608;0.8359512774036809;0.9945701700261885;0.861163551549295;0.0;0.6190318092998045;;0.16911725581167594;4.806910414378862e-06;6.541174949355704;0.00125;0.20382735072371075;0.79975
5.94713581789547;555.5555555554598;0.6796914279130662;0.9849540182734993;0.8305413623712777;0.0;0.8370462236240037;;0.09660177923693752;4.806910414378862e-06;12.750917715743768;0.014583333333333334;0.19771210328729744;0.7985
4.753439588057308;0.018780628505796888;1.3190883048296416;0.9947044034652702;4.441607656524439;0.24640000338023832;0.4284012631051276;;0.1960610210163643;4.806910414378862e-06;12.974831180636917;0.06333333333333334;0.28413112765677656;0.79825
5.421076268184609;0.005052661876495909;1.1713771428997117;0.9804379100398251;1.5319846838357294;0.6026147235651005;1.0937709208272435;;0.3211891786792588;4.806910414378862e-06;10.23876647195288;0.0004166666666666667;0.11290371756954234;0.805
5.821972630770167;0.00014984027981466917;1.1246979195424216;1.022944624423324;1.9217654032934108;0.999999999944276;1.4027663440971592;;0.7232455496504864;4.806910414378862e-06;22.18745528847278;0.011666666666666667;0.2082537737751032;0.80525
5.286987735662477;0.05426662515134189;0.698866151809995;1.0239317813107998;0.8680058881522758;7.326788752445108e-11;0.8152503016760786;;0.3311035234658489;4.806910414378862e-06;22.763131015054856;0.06666666666666667;0.27326720712293184;0.8135
4.658115426138478;0.7976440480796595;0.833480825197642;1.0684092274347115;1.3810348719458212;0.8871169072383053;1.411692225563397;;0.15087654084112712;4.806910414378862e-06;23.37590163910553;0.0375;0.19221911844295986;0.81
5.268442496790822;0.02163575184252554;0.655336513989825;0.9934645666031848;0.9857268156838834;0.0;0.3940189752905715;;0.3311035234658641;4.806910414378862e-06;12.384553241539503;0.07541666666666667;0.29572638733851564;0.80425
5.05319766866904;0.15391514381555857;0.7988053425727207;0.9958946128065342;0.9918106986774304;0.8008062981390132;1.0128901021229286;;0.3181175272341313;4.806910414378862e-06;11.655769012931154;0.01;0.27269906874090605;0.8025
5.5750435002241865;1.8160121981689148;0.6400161666640917;0.9794813374000931;0.7638875124803298;0.2099942397524204;0.8863212458987747;;0.20797389264193333;4.806910414378862e-06;4.9996401237677555;0.023333333333333334;0.13815710339355003;0.8085
5.330204104726956;30.707561728384587;0.6630160670741415;0.9945701700261885;0.7793677621964344;0.0;0.6189082045223481;;0.2174038953578244;4.806910414378862e-06;6.414334646787678;0.0033333333333333335;0.1998307496332753;0.8025
5.4057780864879685;738.8888888892403;0.8783072417949821;0.9884218871877655;0.8846282220492094;0.0;0.8369651403561872;;0.11589575844025657;4.806910414378862e-06;12.727432990738663;0.011666666666666667;0.1989714933331923;0.811
4.761101063722071;0.4396865464403554;0.8631775126450695;0.9845579960239597;2.0741185747866497;4.294841879541667e-11;0.17089101113463082;;0.16846129933628087;4.806910414378862e-06;24.161385402486054;0.07375;0.2693531956559484;0.7975
5.282226642927889;6.402116617186896e-05;3.6225262965956153;1.003794173153938;3.555209759512186;0.24818063470182875;1.2894230739515413;;0.4579482051963244;4.806910414378862e-06;17.87940054552121;0.0004166666666666667;0.11198321389897281;0.79675
5.821972630770167;7.416824807639512e-07;5.483385175205632;1.0023992807571926;7.339052545468075;0.9999999999492277;1.2937419041596445;;0.7832742749105166;4.806910414378862e-06;13.18281930428984;0.017083333333333332;0.18017696025412988;0.80525
5.268302775032765;0.3157101663879824;0.8608082054008611;0.9863044679357517;1.381164184037039;0.003047239183669297;0.6254483925073812;;0.2784583158797203;4.806910414378862e-06;15.584601529761082;0.05875;0.26287292263385564;0.805
4.658115426138478;6.250000000001838;4.121686060663767;0.9904112565075283;2.0850867777315854;0.0;1.1084042368443623;;0.11198640412404935;4.806910414378862e-06;10.34439276379537;0.021666666666666667;0.1723652419573393;0.804
5.129592871534102;0.007113750408113819;1.0532910566706857;1.0965158373578752;1.5533175429542945;0.08373606027494056;0.5909514343731541;;0.39618516439791635;4.806910414378862e-06;3.4435141799262454;0.03333333333333333;0.33924725511336146;0.7955
5.026851232374564;0.0;0.6000000000000227;1.0076496902242513;200000000.90476954;0.9999999985;0.807223476770939;;0.028324242959409884;4.806910414378862e-06;10.208098072023343;0.01375;0.2132059251930892;0.80175
5.5750435002241865;0.43327002632285433;0.6867330777186994;0.9831929017478471;0.8287661105506399;0.08168688939664247;1.0835810560163985;;0.13983804782422918;4.806910414378862e-06;6.384955079496346;0.0125;0.13511741565032853;0.81625
5.330204104726956;11.975215624062137;0.6770541833017134;0.9945701700261885;0.8385849254084393;0.0;0.6186709919783439;;0.22465168575966565;4.806910414378862e-06;6.372951368891428;0.004166666666666667;0.2020758790882718;0.7985
5.4057780864879685;461.8055555558876;0.6949864069933537;0.9884218871877655;1.0030376306490165;0.0;0.8366747936780841;;0.10500018384161566;4.806910414378862e-06;12.681415520256945;0.011666666666666667;0.20033117941656114;0.79425
4.753439588057308;;0.5;0.9901998138403298;33333334.33334092;0.9999999993333334;0.8068241805632596;;0.028324242959409857;4.806910414378862e-06;9.914619642317719;0.034583333333333334;0.226867345883847;0.80775
5.241542206870538;0.041506786483315954;1.088161100351338;0.9903805199740671;1.1176280891612187;0.9248698863828012;0.41300662632997404;;0.46053501314444345;4.806910414378862e-06;12.809468772076782;0.00875;0.25933785074076904;0.79
5.960822256026886;0.0014835659620470443;1.170689969846264;1.0232300222704036;1.879288833059393;0.9999999999408274;1.4054876495667437;;0.7307163482932415;4.806910414378862e-06;22.4675383039873;0.02375;0.17472955078395214;0.80925
13.182647484142215;0.05959383264792004;1.4069934367894015;0.9945701700261885;1.0323152788774628;0.0;0.6227020394930112;;1.1954647556089413;4.806910414378862e-06;6.8994832249746265;0.00375;0.214683333013321;0.24
4.81191767157007;43.55555555558818;0.9393003721314362;0.9902200795032039;0.7652551489428743;4.213000153432232e-24;0.7240232937690614;;0.1155768772060731;4.806910414378862e-06;21.62950624954323;0.014583333333333334;0.15508711776621378;0.79925
5.033685768816685;0.03244361269154161;1.008577053495171;0.9794813374000931;1.1947190193252692;0.3771646251995751;0.8866526466766653;;0.44016259656927165;4.806910414378862e-06;5.344520686384188;0.015;0.12954220767074626;0.80875
5.026851232374564;625.0000000012082;2.333333333332386;1.0083564646561531;560000001.7998999;0.5714285713061921;0.8071589960911438;;0.05664848591880367;4.806910414378862e-06;10.184028969851392;0.014583333333333334;0.21412463259203618;0.80825
5.7116350389989545;0.5035226972403456;0.7284830114828684;0.9831929017478471;0.8185912882451157;8.128149285443151e-12;1.0829806430092364;;0.19623243864356196;4.806910414378862e-06;6.143759139743858;0.008333333333333333;0.13659757047996723;0.795
5.8715618361344575;0.07253970453940363;1.149840285788468;0.9947044034652702;1.3638958333050886;0.7385118198061003;0.4345098204899327;;0.2205813536176937;4.806910414378862e-06;13.367148557931626;0.00375;0.21280904869639225;0.8115
5.94713581789547;5.46912734206263;1.04034462658402;0.9887370432179786;1.3105256477389375;0.0;0.6553828237898878;;0.13207248207162536;4.806910414378862e-06;18.38831211514141;0.014166666666666666;0.2058245774015821;0.80125
4.761101063722071;5.312163050624488;0.6932911901817981;0.9771160955915239;0.9428927059110902;0.0;0.6129492603249077;;0.21314850576551364;4.806910414378862e-06;13.768849970094296;0.11291666666666667;0.2923493949002724;0.8135
5.2492036825353035;0.017752436093584404;0.9476732592105327;1.5294665854496554;2.743202860095111;0.8637770172270244;0.23517810080551757;;0.31117771196599003;4.806910414378862e-06;14.142572353947559;0.04375;0.27395675051276847;0.8
6.221840191738034;1.8928833806646743e-05;1.8793099842693428;1.3527670245347696;4.673391698852792;0.9999999999527895;0.20165765472038014;;0.6666118827120374;4.806910414378862e-06;10.008715284533032;0.03875;0.1574508225132928;0.8065
5.45686425653982;1.3476372533533443;1.0805407470874115;1.0597693609176475;1.6482730995578432;0.0;0.22927392045933298;;0.3510257212530722;4.806910414378862e-06;50.13398378418288;0.005416666666666667;0.14260389466989448;0.81325
4.81191767157007;0.02914303736804633;1.1850957186176085;1.100333950830772;2.7259511043354836;0.0;0.3628367890497807;;0.25038001048574304;4.806910414378862e-06;40.35707905774045;0.005;0.14162882972207977;0.79025
5.050374664674436;0.0007294885078318886;1.273316623870565;1.0177181066388108;1.3587094122314003;0.27705891050020726;0.11810365197389351;;0.30453487631806037;4.806910414378862e-06;44.388598213586306;0.03791666666666667;0.14606534715612157;0.79875
5.085329315887326;0.004733833318806968;2.275988035769634;0.9938782239564841;4.679392167588872;0.6951446194316329;0.7202195770144951;;0.414609159423003;4.806910414378862e-06;21.25182069151471;0.009583333333333333;0.14876052550138844;0.80075
5.7116350389989545;0.6106025999927472;0.7118422266337553;0.9831929017478471;0.7171358273611518;8.128149285405333e-12;1.0829213793083248;;0.14893805524272263;4.806910414378862e-06;6.128582737239189;0.010833333333333334;0.1357736141176503;0.8045
6.337165252326026;0.151251348755474;1.2239387071552428;0.9945701700261887;1.686167260377189;0.2587506832640252;0.6190484910611743;;0.3909258125716959;4.806910414378862e-06;6.799765583413303;0.0004166666666666667;0.22353591435791587;0.79225
5.94713581789547;347.22222222220466;0.7056293115442369;0.9884218871877657;0.9552324791346348;0.0;0.8362416568671082;;0.08497272887821361;4.806910414378862e-06;12.619632168839717;0.01625;0.20548285690851217;0.804
4.779786024351784;0.031644459472048095;0.7602883647786014;1.0035802040682091;0.9450630362070568;0.9999999999208532;0.8095331268456007;;0.1489380552427257;4.806910414378862e-06;22.05102853918496;0.10416666666666667;0.30623235202362914;0.80825
5.790561413942805;0.1464280338247965;0.6652777936234576;0.9899011253957057;0.9899778664837174;0.5734382961389998;0.6064990881801661;;0.27593620199206464;4.806910414378862e-06;12.258541195374427;0.09833333333333333;0.29099089561713004;0.805
6.087738407849339;0.6030784096696268;0.8689804186597994;1.0110558276888444;0.9012226881684867;0.0;1.0038850830155768;;0.43672862534163615;4.806910414378862e-06;10.660541193988415;0.025833333333333333;0.14703507569662458;0.808
5.45686425653982;1.4956484891143937;1.0601009831414088;1.0595394700346008;1.625422631145107;0.0;0.22903829111876342;;0.36337851768190454;4.806910414378862e-06;50.12974890032419;0.00625;0.1419270094351833;0.80075
4.753439588057308;0.0;2.0;0.9116204429787755;640000001.0001456;0.9999999995000001;0.8111399256389833;;0.02832424295940987;4.806910414378862e-06;10.510214259827388;0.014166666666666666;0.22168817086217177;0.81175
5.190329041528816;0.010804204997432442;3.305486589157745;1.1161472472040042;1.964886291437715;0.16367112722535176;0.3127243949758276;;0.22529856153870642;4.806910414378862e-06;39.25683331156068;0.06208333333333333;0.15131920748682748;0.79975
4.946479690630607;0.01819517144637867;1.0652662233931918;1.1003124341773767;2.5329147259557074;0.0;0.3548002152089937;;0.35451445665176945;4.806910414378862e-06;40.14681626715252;0.011666666666666667;0.14489817637758584;0.78625
5.7116350389989545;2.371154786170995;0.6772307943913315;0.9927142484409259;0.6542874732757636;0.12851737758269513;1.2800924045567086;;0.2560171148603113;4.806910414378862e-06;15.88737199373087;0.0016666666666666668;0.1316784431864717;0.8185
6.49594602006133;0.016641468595608548;1.0081750461703127;0.9926744387074239;1.1669755098934511;0.0;1.294319460800251;;0.3977613058442889;4.806910414378862e-06;18.34265422089137;0.0004166666666666667;0.14767236535333814;0.81375
5.4057780864879685;38.98395016637937;0.906753355786608;0.9887370432179786;0.8858423053000722;0.0;0.6552911613503373;;0.13983804782422923;4.806910414378862e-06;18.3731235881091;0.01;0.20958442293851268;0.79625
4.761101063722071;69.75049038185561;0.6764887169496168;0.9771160955915239;0.9221947446216984;0.0;0.6128714702712817;;0.1960442748367437;4.806910414378862e-06;13.7537699705599;0.12375;0.3009036425193959;0.80775
5.809246374572517;1.0499935115300698;0.7282319397446192;0.9805575181060526;1.0736351950186966;0.47846380756711665;0.8005271150656766;;0.22419130262412723;4.806910414378862e-06;20.61312447766811;0.09125;0.3068854883126097;0.80725
6.087738407849339;0.6060573923104906;0.8220756899533705;1.0124427098881552;0.8590973765525517;0.0;1.0043623761620641;;0.42047375245913815;4.806910414378862e-06;10.761520434832743;0.022916666666666665;0.14520112319112313;0.8075
5.457969008137482;0.00016486941292042975;2.3961275123964803;1.0273560846179386;2.6344401568983185;0.009349525485000587;0.5378932972258024;;0.39027252077402486;4.806910414378862e-06;30.86740980334194;0.005416666666666667;0.15001866318249793;0.80125
4.753439588057308;;0.0;0.9362233704768324;0.8333333335416667;0.0;0.8111574679119248;;0.0;4.806910414378862e-06;10.503036875028313;0.013333333333333334;0.22338038022062892;0.80675
5.175376421353944;0.18160872330415426;1.0184272734270121;1.0323688726180056;1.3178573529126867;0.9999999999459974;1.0932057786266625;;0.30325191261000506;4.806910414378862e-06;4.518705400196757;0.0925;0.17043100720051196;0.80075
5.084224564289665;0.018114607446174904;0.7371220538945922;0.9703435827973228;1.353889843879012;0.4339807574540786;0.3486849018520859;;0.44066766368342736;4.806910414378862e-06;35.57597277471405;0.005833333333333334;0.12977832008948112;0.8015
4.993001332759334;0.005328793302263278;0.9426166753689266;0.9817944517907892;1.3335330332911892;0.5641110562613388;0.39974430037890185;;0.46926906705302235;4.806910414378862e-06;11.800780517498815;0.11958333333333333;0.29444130399556384;0.81475
6.49594602006133;0.08020323209803489;0.7705901006285943;0.992291717797482;0.9436889309897902;0.0;1.2916794488282812;;0.4066390960491366;4.806910414378862e-06;17.86974996655476;0.0004166666666666667;0.14502061567466798;0.79975
5.4057780864879685;12.104090937250335;0.8333314302656816;0.9887370432179784;0.7263332885006443;0.0;0.6555029816005061;;0.15934853508288102;4.806910414378862e-06;18.38656038981192;0.009583333333333333;0.20477754728801653;0.80825
4.753439588057308;;0.5;0.9901998138403298;33333334.33334092;0.9999999993333334;0.8068241805632596;;0.028324242959409857;4.806910414378862e-06;9.914619642317719;0.034583333333333334;0.2268149873165314;0.805
5.815432184148857;0.057878461578633;0.7390002826068639;0.9843403519222189;1.197328877605604;0.5585852053509064;0.605384561559781;;0.2098946477081874;4.806910414378862e-06;12.17048065451728;0.11458333333333333;0.32471008766332793;0.80375
6.207903072476346;0.0004904327193230974;1.2005880242589886;1.1894592729009295;1.7761230912547827;0.9999999999662784;0.4356476936160804;;0.43975644063161434;4.806910414378862e-06;11.734844351959724;0.0075;0.13867510360042415;0.796
5.443016387962608;0.051835011546363864;0.8843237116264543;1.1090546224927458;1.1900783091827425;0.6713511515490902;1.4140505875758405;;0.3578596732892275;4.806910414378862e-06;23.501433630829723;0.007083333333333333;0.18010171828007376;0.79175
4.753439588057308;;0.0;0.9362233704768324;0.8333333335416667;0.0;0.8111574679119248;;0.0;4.806910414378862e-06;10.503036875028313;0.013333333333333334;0.22305963082138172;0.81375
5.175376421353944;0.36455429111326043;0.7355729745136408;0.9829439843818802;0.7995849522590257;0.7638657527219938;1.0948308770063797;;0.20208945027867392;4.806910414378862e-06;5.4466564895190475;0.09333333333333334;0.17167867241659637;0.81625
5.067535668431915;0.5190184961223664;0.7250185794311812;1.0498168300845996;0.9724442882467141;0.5484962419789435;1.1025491167844812;;0.1620730399398257;4.806910414378862e-06;12.193216407789466;0.0008333333333333334;0.11249126626550064;0.80825
4.77503818298376;0.010228327074240855;1.253521662468662;1.294238753165407;1.3728904974085279;0.0;0.285429764257339;;0.4272272347668531;4.806910414378862e-06;16.58507324929223;0.14416666666666667;0.2550636557385824;0.80975
6.26760244696707;3.672104220924815;0.7831261209293146;0.9945701700261887;0.8555813658960051;2.5869048581953265e-11;0.6133429612897232;;0.3520548443820067;4.806910414378862e-06;5.921654481654394;0.0008333333333333334;0.22918289255868818;0.8095
5.4057780864879685;5.131518032437727;1.3383372710532397;0.9910642878681543;1.83621774228337;0.0;0.836273809008986;;0.14267775705594113;4.806910414378862e-06;12.610857635744855;0.011666666666666667;0.20349421095983114;0.8045
4.753439588057308;;0.0;1.0287562025374763;1.0;0.9999999993333334;0.8029306069784498;;0.0;4.806910414378862e-06;9.402999622180921;0.03958333333333333;0.23000091937330525;0.7945
5.815432184148857;0.04118838423609983;0.6818850751107879;0.9796501174277769;0.9859291056335099;0.6123009427125808;0.601916460591639;;0.27593620199206464;4.806910414378862e-06;11.482887657336917;0.13958333333333334;0.35708909490553636;0.81775
6.2576149287266825;0.0004699152837550154;1.096706937916376;0.9892917523269185;2.970661227330627;0.7460149742494042;0.330093652352823;;0.7627683472539134;4.806910414378862e-06;34.925002167032076;0.00125;0.1424121983833671;0.8085
5.433205805867228;0.556300104145181;0.9789920029567063;1.0548177147745261;0.9873433666314736;0.0;0.8394461215292035;;0.2636308950347289;4.806910414378862e-06;21.526872312698252;0.011666666666666667;0.20626697031772498;0.79925
4.779786024351784;0.034641836678193406;0.7203464081925839;0.9576489687255414;1.132255088629647;0.7886713596688147;1.0129866677799972;;0.30074209282999037;4.806910414378862e-06;11.614332485040554;0.05125;0.30009819625831524;0.79475
5.175376421353944;0.4614412118276567;0.7372958790505911;0.9829439843818802;0.9288901801011435;0.9999999998146267;1.0947550236481443;;0.19398735772478035;4.806910414378862e-06;5.4346368269770995;0.0925;0.1729264214742096;0.797
5.026851232374564;0.0;1.25;1.1235980080963621;3.749999988126776;0.9999999999999999;0.8114534992344068;;0.028324242959409884;4.806910414378862e-06;10.729720715218809;0.00375;0.21153973302370044;0.78825
5.131850958016054;0.2555451178632983;1.5505525368894915;1.1171570041414496;4.277366960297491;0.9999999998502023;0.7943262340886562;;0.21939782126702567;4.806910414378862e-06;8.390568424594045;0.010833333333333334;0.2428733911084178;0.7995
6.337165252326026;8.290809241320995;0.6711425309295719;0.9945701700261887;0.7439323750387726;0.03683713535581141;0.613431866355013;;0.21939535739545163;4.806910414378862e-06;5.854289969159346;0.00125;0.22199022637439036;0.79925
5.94713581789547;1057.0987654316943;0.8108345081747872;0.9852829562660477;0.9775873298344743;0.0;0.8354115618124828;;0.0977411918842095;4.806910414378862e-06;12.487087861780477;0.020416666666666666;0.21460223931847203;0.80025
4.753439588057308;;0.0;1.0287562025374763;1.0;0.9999999993333334;0.8029306069784498;;0.0;4.806910414378862e-06;9.402999622180921;0.03958333333333333;0.23045257999342372;0.804
5.83411714477857;1.5503249761144595;0.6690403513832335;0.9777347324255627;0.9960622679823763;0.4109849106370314;0.799888378019502;;0.2907541255019175;4.806910414378862e-06;20.573244279497942;0.15583333333333332;0.3402907706571301;0.807
6.2576149287266825;0.000851938604188761;0.8972343644926635;1.0570455785108028;1.4177287562082745;0.27015428201753405;0.5182304979844141;;0.874232733612472;4.806910414378862e-06;25.454085406221;0.0008333333333333334;0.1355744208837046;0.801
5.421089519551172;1.4904851002524164;0.6389169179640166;1.3521405221429879;0.6613842069812755;5.403901819592623e-12;0.33297224420326904;;0.2503800104857412;4.806910414378862e-06;18.221067937978546;0.020833333333333332;0.2528527293990708;0.81275
4.753439588057308;;0.0;0.9362233704768324;1.0;0.0;0.8111574679119248;;0.0;4.806910414378862e-06;10.503036875028313;0.013333333333333334;0.22285358105492484;0.79725
5.190329041528816;0.02279671324538313;1.5441448950200072;0.9982627811302958;1.2451759797113167;0.0;0.702800215350233;;0.21875527610686635;4.806910414378862e-06;19.749977043799536;0.0525;0.16008674403404055;0.79775
5.026851232374564;;0.5;1.0085774678001376;0.8000000001999925;1.0;0.8115128344830124;;0.02832424295940983;4.806910414378862e-06;10.75163833170881;0.0033333333333333335;0.21104800415211114;0.8055
5.172535394073405;0.02321565603481038;0.9364599710101478;0.9852746240307745;1.270538533867765;0.08263214247590182;1.08456616764531;;0.4205231603409135;4.806910414378862e-06;6.803525840855327;0.0075;0.11909777802449922;0.8045
6.26760244696707;5.655076845553364;0.6911689598928369;0.9945701700261887;0.7338617533159713;0.03449525294931994;0.6128281156754707;;0.22217379620161667;4.806910414378862e-06;5.7484929860636536;0.00125;0.2312353155590525;0.79125
5.94713581789547;8.024691358025416;0.9981030734459548;0.9784907672324277;1.2248073238074921;0.0;0.8352252767778203;;0.12865561940604203;4.806910414378862e-06;12.46821817227389;0.024166666666666666;0.21566697616237815;0.811
4.753439588057308;;0.0;1.0287562025374763;1.0;0.9999999993333334;0.8029306069784498;;0.0;4.806910414378862e-06;9.402999622180921;0.03958333333333333;0.22983827423907718;0.80425
5.809246374572517;0.4325616661960218;0.6958888014045927;0.9781429333892732;1.0316703611580942;0.45574610017922185;0.8001307691637699;;0.2035613185689423;4.806910414378862e-06;20.597931054975852;0.11916666666666667;0.32733448901997;0.806
6.226588033106058;0.030056442985258346;1.2774230577210428;1.0032010468037813;1.2170820289427715;0.0;1.008092614225897;;0.4466399338135019;4.806910414378862e-06;11.3322905434298;0.007916666666666667;0.14452345316030904;0.81375
5.266383588382437;0.42689666667364934;0.8984038230390056;0.9686025029517186;0.8795398961734346;4.248592885012911e-11;0.3231540572687703;;0.2651029530249002;4.806910414378862e-06;11.975396253788038;0.06458333333333334;0.2944060505346889;0.80675
4.753439588057308;2.203910942083166;0.6715372134987531;0.9950445494757159;1.2741832491222764;0.4983249534409022;0.6205029037197284;;0.28588677721107064;4.806910414378862e-06;6.717759644346768;0.03;0.2491225727192977;0.79725
5.190329041528816;425.5448864504915;0.6478226341314692;1.1003660807595916;0.5327472705353946;7.939215820382664e-12;0.3248966196462569;;0.14616936910109277;4.806910414378862e-06;39.52062604140137;0.04375;0.15005235322084753;0.8145
5.026851232374564;;0.5;1.0085774678001376;0.7600000002399909;1.0;0.8115128344830124;;0.02832424295940983;4.806910414378862e-06;10.75163833170881;0.0033333333333333335;0.2107957223557351;0.81225
5.172535394073405;0.011316482138187796;0.9420459602355999;0.9803028610115824;1.621989213393862;3.771774718875379e-12;1.2816046280763211;;0.3219108606296187;4.806910414378862e-06;16.159899098298354;0.0033333333333333335;0.11812510444672224;0.8005
6.337165252326026;0.4075936719059854;0.9247869625100879;0.9945701700261887;1.3314348101688775;0.006600732199581702;0.6083931339011791;;0.23102491080996493;4.806910414378862e-06;4.905581511955994;0.0033333333333333335;0.21974751304110035;0.8095
5.94713581789547;1406.2499999997165;0.7213082096849811;0.9852829562660462;0.8545255715825524;0.0;0.8353448042741194;;0.09660177923693734;4.806910414378862e-06;12.479999878833752;0.023333333333333334;0.21382569567800921;0.80775
4.753439588057308;;0.0;1.0287562025374763;1.0;0.9999999993333334;0.8029306069784498;;0.0;4.806910414378862e-06;9.402999622180921;0.03958333333333333;0.23126004437363806;0.79875
4.889477273206269;0.06403099164866004;0.9704025061665071;0.9828198109180484;1.5243600561620292;0.9999999998745447;0.8033867453127537;;0.4639382731011874;4.806910414378862e-06;21.080416073401643;0.05541666666666667;0.29312482077611124;0.8
6.226588033106058;0.0012559072836297723;0.9745376251268972;1.199322366439548;1.270073023127899;0.0;0.8127992756472407;;0.3476725981450555;4.806910414378862e-06;22.235020431934664;0.004166666666666667;0.13815286796887177;0.79725
5.405233213639157;0.04078480454087402;1.6734462379463186;0.9948264485474061;1.2220568936637977;0.91149633803211;0.46847083572410825;;0.26557566441772573;4.806910414378862e-06;18.810720912216194;0.021666666666666667;0.2922772677143908;0.8045
4.753439588057308;4.994287890565366;0.6810880503235864;0.9952909897532667;1.2898234285722283;0.5120499635190344;0.6202871181721393;;0.24345220026921102;4.806910414378862e-06;6.7298406524253895;0.01375;0.2634726231640469;0.81975
5.050374664674436;0.0447020598554884;0.7517461825192758;1.0584680608943762;0.8456083365644372;6.850548542677811e-12;0.1616682284677267;;0.12555796574641442;4.806910414378862e-06;49.417074489748416;0.04125;0.1457243897548514;0.80675
5.026851232374564;;0.5;1.0085774678001376;0.6666666669999873;1.0;0.8115128344830124;;0.02832424295940983;4.806910414378862e-06;10.75163833170881;0.0033333333333333335;0.2113837123341156;0.79475
5.033685768816685;0.013552990023158401;0.9414155143820646;0.976696027597604;0.9483419965455434;0.2005861522125557;1.0874654596968372;;0.3463487169845619;4.806910414378862e-06;7.818217595282588;0.010833333333333334;0.12256541320683045;0.805
6.3082868830244205;0.08408458374535381;0.6740168510732218;0.9922917177974815;0.8849706559606999;0.0;1.288684964840494;;0.3404771752173384;4.806910414378862e-06;17.350076408107945;0.00125;0.1382302065897675;0.8065
5.967739965175509;10.113580246907096;1.6569892853777295;0.988384602498569;1.4888185061121884;0.20817719697569156;1.0226020794394215;;0.13983804782422907;4.806910414378862e-06;13.32493312060416;0.01875;0.21137752155137968;0.79475
4.753439588057308;;0.0;1.0287562025374763;1.0;0.9999999993333334;0.8029306069784498;;0.0;4.806910414378862e-06;9.402999622180921;0.03958333333333333;0.23059059982705596;0.8115
5.001980462168511;0.0;0.703703703703692;1.880503406261712;0.8600443761979915;0.28936647978002134;0.8009455464892257;;0.2549181866346244;4.806910414378862e-06;9.651825051039319;0.004166666666666667;0.2105146683970964;0.814
6.087738407849339;0.0315043740400777;0.733839312801025;1.2359814332972456;0.8653453619590268;0.0;0.8098163834686956;;0.32820684931850586;4.806910414378862e-06;21.704916352811065;0.01875;0.1293940756743529;0.7985
5.330204104726956;1.4194560501232731;1.5174502040112061;0.9947044034652702;1.5156563203135878;0.609639970647298;0.4330073707078217;;0.13769058154333685;4.806910414378862e-06;13.15696543410246;0.018333333333333333;0.21186864901164956;0.80625
4.753439588057308;;0.0;0.9362233704768324;0.8333333335416667;0.0;0.8111574679119248;;0.0;4.806910414378862e-06;10.503036875028313;0.013333333333333334;0.2218843085294938;0.802
5.190329041528816;219.83259147296792;0.6547511788138771;1.1003124341773765;0.5926485944039018;8.024637218162985e-12;0.32500640167049705;;0.1376905815433368;4.806910414378862e-06;39.52107383967614;0.0475;0.14995077738391835;0.8005
5.026851232374564;;0.5;1.0085774678001376;0.6666666669999873;1.0;0.8115128344830124;;0.02832424295940983;4.806910414378862e-06;10.75163833170881;0.0033333333333333335;0.21122634887916006;0.8
5.033685768816685;0.007399209465431195;1.4800573197677331;0.9731884534862305;1.3292763633428077;0.0;0.8911061956084266;;0.3259501347520795;4.806910414378862e-06;6.732209991317006;0.017083333333333332;0.12707044208274113;0.80025
6.686698252983167;0.08686489273672648;0.8728106053395355;0.9826289491156043;1.1019423287767327;0.0;1.2868517755245175;;0.34768727532077726;4.806910414378862e-06;16.997072214566366;0.00125;0.14087018772298399;0.81225
5.94713581789547;8.024691358025416;0.9981030734459548;0.9784907672324277;1.0857801620235876;0.0;0.8352252767778203;;0.12865561940604203;4.806910414378862e-06;12.46821817227389;0.022916666666666665;0.2169983317091184;0.802
4.753439588057308;;0.0;1.0049628457846924;1.0;0.0;0.8029580394661177;;0.0;4.806910414378862e-06;9.397104964054627;0.029166666666666667;0.23100778467476824;0.8055
5.001980462168511;0.0;0.703703703703692;1.880503406261712;0.8367184388976565;0.28936647978002134;0.8009455464892257;;0.2549181866346244;4.806910414378862e-06;9.651825051039319;0.004166666666666667;0.21028442951827314;0.792
6.087738407849339;0.05550660509826855;0.6771328867144709;1.2617079568396028;0.8038444169577278;0.0;0.8084906297582005;;0.3981522744214461;4.806910414378862e-06;21.324386243853418;0.018333333333333333;0.12154444362386918;0.8
5.912246272191808;0.4471068095205195;0.7050653410535486;0.9894963846465249;0.7641773516533844;0.0;0.9047955210206367;;0.24812817489725555;4.806910414378862e-06;10.082479921486998;0.005;0.1355019399313007;0.8075
4.753439588057308;;0.0;0.9362233704768324;0.8333333335416667;0.0;0.8111574679119248;;0.0;4.806910414378862e-06;10.503036875028313;0.013333333333333334;0.2232835920583903;0.81575
5.131850958016054;0.0;0.6000000000000227;0.992557085831149;1.8491243126552384;2.4999999937501424e-10;0.7965331860984222;;0.02832424295940987;4.806910414378862e-06;8.647581197642115;0.025833333333333333;0.2370555747709142;0.8095
5.026851232374564;;0.5;1.4365605111137882;0.7125000003343608;0.0;0.8113989645527555;;0.028324242959393786;4.806910414378862e-06;10.708692097418856;0.005833333333333334;0.21204965225441227;0.79775
5.033685768816685;0.04002156877370192;0.9606359305340564;0.9765095935559887;1.1266065055831778;0.14035535231539997;0.8873648062301183;;0.264058192989667;4.806910414378862e-06;5.408976462066415;0.020833333333333332;0.12924373633489086;0.80275
6.646013816925816;0.006141163880848712;2.1344311918724648;0.9617234993084448;1.9200956601030037;0.0032929005265744894;0.6042606408541111;;0.297876110485448;4.806910414378862e-06;4.348497474519453;0.0020833333333333333;0.22847560580183562;0.80125
5.94713581789547;447.22222222210803;0.9263267892727309;0.9884218871877655;0.9529477899430577;0.0;0.8357550818763444;;0.10066859734279446;4.806910414378862e-06;12.538483979185441;0.017916666666666668;0.20935286474246725;0.81025
4.753439588057308;;0.0;1.0049628457846924;1.0;0.0;0.8029580394661177;;0.0;4.806910414378862e-06;9.397104964054627;0.029583333333333333;0.23130201091592842;0.808
5.001980462168511;0.0;0.703703703703692;1.880503406261712;0.9012345679195157;0.28936647978002134;0.8009455464892257;;0.2549181866346244;4.806910414378862e-06;9.651825051039319;0.004166666666666667;0.21024377588358048;0.79325
6.131934694497036;0.05870019701474092;0.6776269758881941;1.2641925326924324;0.8043915308718769;0.0;0.8096998475831724;;0.3699515369179312;4.806910414378862e-06;21.45316266668093;0.01375;0.11798329098248887;0.80675
5.912246272191808;0.6711917633328456;0.7112811567599738;0.9894963846465249;0.7704475478259375;0.0;0.9048939733354864;;0.2495127009464865;4.806910414378862e-06;10.095907035387576;0.00375;0.13644100214093974;0.79925
12.718971236169414;52.60346912768383;0.8855252818833453;0.9904112565075283;1.6842096282403836;0.06920171891252035;1.108466743583791;;1.5133495483907395;4.806910414378862e-06;10.357257235442965;0.011666666666666667;0.16559416308371286;0.2425
5.131850958016054;0.0;0.6000000000000227;0.992557085831149;1.6857142817957096;2.4999999937501424e-10;0.7965331860984222;;0.02832424295940987;4.806910414378862e-06;8.647581197642115;0.025833333333333333;0.23594094738412985;0.8055
5.026851232374564;;0.5;1.4365605111137882;0.7125000003343608;0.0;0.8113989645527555;;0.028324242959393786;4.806910414378862e-06;10.708692097418856;0.005833333333333334;0.21256357770120235;0.80725
5.170277307591453;0.02245095269920165;0.8387545955364593;0.984521029479677;0.9953790183210944;0.07883350158340699;1.0826230662324576;;0.33734852747357275;4.806910414378862e-06;6.093631008453523;0.014583333333333334;0.12878147450469662;0.803
6.221094836791599;0.06017801319577332;0.6921406693929268;0.9826289491156043;1.1645747977921;0.0;1.2846534503467555;;0.43406761513324504;4.806910414378862e-06;16.60169874944079;0.002916666666666667;0.13305809416081119;0.80775
5.94713581789547;1197.916666666186;0.6641061947750578;0.9884218871877655;0.6987885458717858;0.0;0.8356836865294908;;0.07444479091802463;4.806910414378862e-06;12.530627047524604;0.019583333333333335;0.21107723318931917;0.79875
4.794124024114659;0.02238295350167782;0.8147709684172595;0.9902877329922394;0.840002599986655;0.49456421361298125;1.0980304400237078;;0.46263678387634044;4.806910414378862e-06;10.963867992966087;0.00375;0.11550214263240681;0.80725
5.001980462168511;3164.0625000040673;0.703703703703692;1.9055966074038593;0.8367184388976565;0.24898921638724772;0.8010689317038473;;0.22659394367523067;4.806910414378862e-06;9.689610260745493;0.002916666666666667;0.20992051380256446;0.80325
6.113249733867324;0.00025753600572172485;0.9675402360826568;1.3313989189436655;2.4843711457690856;0.9999999999749528;0.6204447887781513;;0.38448900084490983;4.806910414378862e-06;14.044802945322433;0.007916666666666667;0.11680515955152111;0.809
5.370888540784307;0.09304546643139855;0.7164902286804467;0.9939484337280329;0.874002543506698;0.0;1.293764221394449;;0.2791644341949812;4.806910414378862e-06;18.263423867588024;0.0008333333333333334;0.12345360880503653;0.8025
4.796965051395196;480.2469135801925;0.6587416989870353;0.9904112565075283;1.1197098651616773;1.8540357080766965e-10;1.108459835366467;;0.14267775705594438;4.806910414378862e-06;10.355376867729856;0.016666666666666666;0.16827783103266825;0.7935
5.131850958016054;0.0;0.6861694237157424;1.0234353310187714;5.26415604080472;0.8999999999162273;0.7940454455361035;;0.09393896824415626;4.806910414378862e-06;8.429009431836587;0.021666666666666667;0.23819973201215514;0.79425
5.026851232374564;;0.5;1.4365605111137882;0.7125000003343608;0.0;0.8113989645527555;;0.028324242959393786;4.806910414378862e-06;10.708692097418856;0.005833333333333334;0.21188547853450418;0.80525
5.052047589926332;0.015903250429787397;0.975623267443854;1.019222885207014;1.3106810817186014;0.5158678339436679;1.0839690099013723;;0.4188077487276031;4.806910414378862e-06;6.780198291140626;0.010833333333333334;0.1273825737854553;0.795
5.708615474685704;0.012137786755768057;1.3018617671848698;0.9947999975826753;1.3256247204603806;0.8725494024114179;0.4087823494943298;;0.3335402264049341;4.806910414378862e-06;12.065347753205288;0.05625;0.20379022315761486;0.79625
5.967739965175509;1000.5555555557403;0.7212842377709915;0.988384602498569;0.7269309277423703;0.2611511765716674;1.02343239082271;;0.1011077438555;4.806910414378862e-06;13.466718024595565;0.013333333333333334;0.2001511997568974;0.80125
4.794124024114659;0.016752870853216254;1.2690615298232073;0.9910047557159081;1.2739503073731806;0.0;1.293074648444227;;0.48348575016771933;4.806910414378862e-06;18.318693358620965;0.00125;0.1129980717980795;0.79925
5.059353794083612;0.017597505214402103;0.9424097402539269;0.9778104280517181;1.624233843597755;0.6166013360231922;0.33536110179743855;;0.40782369773810356;4.806910414378862e-06;35.29639891500541;0.0075;0.12934965753908195;0.8005
6.673292425904537;0.01786507180744205;0.7856025801997886;1.2709430305587113;0.9192991532131874;0.0;0.8129461834438351;;0.37328517418371626;4.806910414378862e-06;22.001659885520926;0.0075;0.11957408483816508;0.806
5.469053729983676;79.98284438211651;0.6495421742803361;0.9947345302507836;0.762547963610172;0.0;0.6243494689289506;;0.20982455086895027;4.806910414378862e-06;7.132579404463775;0.0008333333333333334;0.1993053917644829;0.80625
5.189662575450599;0.004161738190894397;1.0846377095554678;1.0095377931394593;1.2233547337307802;0.5948009242370131;1.2176060689920327;;0.30824044571154374;4.806910414378862e-06;30.327125892516573;0.04583333333333333;0.21191412164845247;0.79725
5.131850958016054;;0.6666666666666667;1.3677897510152386;0.8571428573809525;0.0;0.7920602364857238;;0.02832424295940987;4.806910414378862e-06;8.316544910291315;0.018333333333333333;0.24079756427325705;0.806
5.026851232374564;;0.5;1.4365605111137882;0.87500000015625;0.0;0.8113989645527555;;0.028324242959393786;4.806910414378862e-06;10.708692097418856;0.005833333333333334;0.2120885629705179;0.799
5.186966203449204;0.002579156413142492;0.7974685033824463;1.0185690505490168;1.1031176684091006;0.3038789307373185;0.49052309043452846;;0.44012963363654173;4.806910414378862e-06;24.297302347528067;0.03625;0.1395447172339223;0.80125
5.847465099942424;0.025114377070006005;0.8375177982274814;0.9734026135865939;0.9296232135739741;0.9999999997902044;0.2269109081035116;;0.319663101356997;4.806910414378862e-06;21.946083156968804;0.059166666666666666;0.20062953507415165;0.79475
5.967739965175509;831.1728395065305;0.8867324455155643;0.988384602498569;0.7720943466238291;0.305483663781391;1.023490689520771;;0.11589575844025654;4.806910414378862e-06;13.474029117012547;0.012916666666666667;0.19947811128411924;0.802
4.753439588057308;;0.0;0.9901998138403298;1.0;0.0;0.8068514806716692;;0.0;4.806910414378862e-06;9.909029340079575;0.0275;0.2285800907247589;0.818
5.059353794083612;0.007889916474293806;0.8002095737044412;1.0158202228586943;0.9001849049939753;0.0;0.5168529405087972;;0.3395002155026888;4.806910414378862e-06;25.727699593379754;0.004166666666666667;0.12370661129346465;0.8085
6.131934694497036;0.02908705842637967;0.9315891739996638;1.03827618875563;0.9553513283222366;0.0;1.0080589054236606;;0.26334281280331273;4.806910414378862e-06;11.603957092158849;0.01125;0.12646955220466577;0.80425
5.337865580391721;4.008337952573336;0.6658173339538465;1.0333294498829646;0.8211573352380318;0.0030472392382439356;0.6275698829312834;;0.24393432193403786;4.806910414378862e-06;15.85318504510396;0.03875;0.22696898950121389;0.80125
5.189662575450599;0.0015768077924201778;1.1300359367057067;1.0136196909530981;1.2614216779702467;0.693565339012764;1.2172801628609764;;0.45422549880734814;4.806910414378862e-06;30.308711467604084;0.03333333333333333;0.22306686056501737;0.78775
5.131850958016054;;0.6666666666666667;1.3677897510152386;0.568452381153457;0.0;0.7920602364857238;;0.02832424295940987;4.806910414378862e-06;8.316544910291315;0.01875;0.24153506286960966;0.8055
5.026851232374564;;0.5;1.4365605111137882;0.6714285718106981;0.0;0.8113989645527555;;0.028324242959393786;4.806910414378862e-06;10.708692097418856;0.005833333333333334;0.2116130023610367;0.8125
5.170277307591453;0.026970526637071442;1.0039679371486845;1.0072164892864521;0.8203048584899113;0.3024940696670939;0.8853746395586668;;0.2852777210780899;4.806910414378862e-06;4.541216947822304;0.02875;0.13559000123825646;0.81875
5.855126575607187;1.8131236252836237e-05;1.0128381852495336;1.0456448192554473;1.1176007522960334;0.3461178719909609;0.4131105091567861;;0.2878341708234515;4.806910414378862e-06;8.78950475752359;0.10208333333333333;0.2107520315156404;0.81125
5.967739965175509;161.49691358031836;0.8595476268005408;0.988384602498569;0.8684520785597905;0.23668301517516757;1.023327212962251;;0.13983804782422907;4.806910414378862e-06;13.454313872126567;0.015833333333333335;0.20240770966541155;0.79975
4.753439588057308;0.0;0.5999999999999773;0.9975112267528392;100000000.9166515;0.9999999995000001;0.8112069695348129;;0.028324242959409857;4.806910414378862e-06;10.491527211023934;0.005833333333333334;0.22491857682967023;0.8035
5.042664898225862;0.021173934525447993;0.8715801485158877;0.9796434618490503;1.223251273962496;0.5576271031026595;1.0952569873634435;;0.37667389723925093;4.806910414378862e-06;10.574342242767925;0.00125;0.11286314281412606;0.8005
6.0671342605693;0.009993023029617814;1.6371575541863748;3.7890361658591587;9.447956934792781;0.9999999999438391;0.8208243372113142;;0.23591324968644842;4.806910414378862e-06;11.005037319968224;0.002916666666666667;0.13060753977276807;0.7835
5.335946393741395;4.739056735349488;1.3762645291526594;0.9948264485474063;1.1627692534636582;0.6322024612577999;0.46894942713115106;;0.268111433557556;4.806910414378862e-06;18.770720412034695;0.06666666666666667;0.2751248699475198;0.807
4.658115426138478;625.0000000000044;2.3333333333333295;0.990411256507528;1.9599999985066647;0.05128205129684417;1.1084699610949722;;0.09660177923693747;4.806910414378862e-06;10.356761766268495;0.025416666666666667;0.18010339914322773;0.80225
5.131850958016054;0.0;1.0;1.36547934938149;0.9262202048730366;0.0;0.7920471935475567;;0.02832424295940987;4.806910414378862e-06;8.32680847829268;0.01875;0.24136048318372805;0.80825
5.067535668431915;0.25921455146245614;0.9705944425352525;1.0439074972790323;0.9915059329095024;0.0;1.2968970639499686;;0.15489903008181605;4.806910414378862e-06;19.07583127591518;0.0004166666666666667;0.10907055881137467;0.80625
5.7116350389989545;6.2223168251196865;0.5963113322413661;0.9927142484409259;0.6155932673394624;0.08919170074288686;1.2799891153875105;;0.26405819298966676;4.806910414378862e-06;15.852922486632675;0.0025;0.13079896295799076;0.80475
5.8738115362369;0.00035287615598909367;0.9537603385157938;1.0047881673627015;1.0410971233566022;0.22620810671454838;0.9979863544079016;;0.3707253273220171;4.806910414378862e-06;17.64388531788055;0.11333333333333333;0.21866315942849937;0.797
5.967739965175509;428.5555555556627;0.800571894478726;0.988384602498569;0.8177323594608399;0.2505709935903759;1.0230973774429881;;0.12555796574642164;4.806910414378862e-06;13.412282088942515;0.019166666666666665;0.20483140013729395;0.797
4.753439588057308;0.0;0.5999999999999773;0.9975112267528392;120000000.89998183;0.9999999995000001;0.8112069695348129;;0.028324242959409857;4.806910414378862e-06;10.491527211023934;0.005833333333333334;0.22482597272927654;0.80075
5.001980462168511;0.0010170498665156861;1.271936333658875;1.011422438567137;1.83101265873646;0.5870072131143346;0.24276327550880186;;0.46814208056353535;4.806910414378862e-06;22.415902379722713;0.011666666666666667;0.24421498802582767;0.80625
6.111330547216997;0.0005326349142547177;2.6387165557870045;1.3490217583675228;14.145292224575432;0.8357074247000081;0.6268045413194661;;0.3070237985644641;4.806910414378862e-06;16.827931345836472;0.014166666666666666;0.1264800329184783;0.80875
5.335946393741395;29.572167768097923;0.923076672837338;0.9948264485474063;0.8309407285838967;0.6501579202252267;0.46895182172777133;;0.23677052864684894;4.806910414378862e-06;18.783150337354208;0.059166666666666666;0.2776062137899863;0.79875
4.67196329471569;0.005792497849393798;0.9377222917333949;1.0354085489821139;1.0273487672375143;0.0;0.22526559060600673;;0.3565838257498664;4.806910414378862e-06;45.40826426838178;0.00875;0.1375498532260448;0.803
5.131850958016054;;0.6666666666666667;1.3677897510152386;0.6214285716449879;0.0;0.7920602364857238;;0.02832424295940987;4.806910414378862e-06;8.316544910291315;0.018333333333333333;0.24239307906379773;0.80775
5.067535668431915;0.5675671952067703;0.7344817240612996;1.0467975314158342;0.9489851446497042;0.5533321198858957;1.1024110906525784;;0.20356043338734653;4.806910414378862e-06;12.148797321841629;0.0008333333333333334;0.11228496546318811;0.81075
5.170277307591453;8.42062919649827;0.5956497659164702;0.9927142484409259;0.5611908762063176;0.07738541389813353;1.2799550230104;;0.2838674955460845;4.806910414378862e-06;15.852626797070066;0.0025;0.12773019604704364;0.80525
5.847465099942424;325.8836253902298;1.072571374859244;1.8822800403611726;1.06695322732302;1.0;0.8004265613591623;;0.12666844282530276;4.806910414378862e-06;9.092366785162895;0.0016666666666666668;0.1760984979232148;0.803
5.426382233768008;58.71119281049272;1.2691550217623369;0.988384602498569;0.9582305445007069;0.2592452313919187;1.0233230090232313;;0.1320724820716149;4.806910414378862e-06;13.44013303512683;0.01375;0.20120458442019173;0.8085
4.779786024351784;0.03607934705671178;0.7295249779632296;1.0100618842211013;0.9130967185422708;0.6820024114282285;0.8139280547518708;;0.20790401489180796;4.806910414378862e-06;22.58825363107345;0.06166666666666667;0.2927157092219595;0.806
4.870792312576556;0.18869334855263312;2.0858429580178854;1.6717755591924799;2.2281244362615316;0.8637770172169097;0.2573484888336626;;0.4463113563873598;4.806910414378862e-06;15.499930072058286;0.005;0.2433059844043768;0.79875
6.111330547216997;0.0032348973223167037;2.2996227976926016;4.40056210395875;11.26392253051715;0.9999999999531027;0.8182503764124142;;0.26334281280331273;4.806910414378862e-06;10.75585999892686;0.011666666666666667;0.12566071241766041;0.801
5.335946393741395;14.028455662505012;0.6708536024543097;0.9948264485474061;0.6316919054127141;0.6935945499446474;0.4694079885771281;;0.21934326550684258;4.806910414378862e-06;18.835947389766527;0.0425;0.3097766648807054;0.795
4.655274398857939;15.081923487267238;0.7527250410564225;1.0145081174291675;0.9544706423388654;0.0;1.2960519623836098;;0.5368392668515692;4.806910414378862e-06;18.84611601543363;0.0008333333333333334;0.11822458912732689;0.81075
5.131850958016054;0.0;1.0;1.36547934938149;0.8624668944422628;0.0;0.7920471935475567;;0.02832424295940987;4.806910414378862e-06;8.32680847829268;0.01875;0.24093141345775015;0.80675
5.026851232374564;0.0;2.0;1.3866511881605441;3.1428571321428564;0.9999999985;0.8113492314060661;;0.028324242959393786;4.806910414378862e-06;10.688557725345678;0.006666666666666667;0.2130260324716398;0.8065
5.170277307591453;0.34295473518482894;0.8631765909150374;0.993328369391423;0.8679141895089378;0.05765464824954161;1.2799663940664323;;0.33929055940014485;4.806910414378862e-06;15.864893282565248;0.0033333333333333335;0.12236635495834328;0.80975
5.847465099942424;1395.9741320596731;0.9956044345701048;1.9184728933255901;1.006253864406122;1.0;0.8006245321897721;;0.10969767869772586;4.806910414378862e-06;9.124708957915267;0.00125;0.17433983600081288;0.812
5.94713581789547;208.71913580248722;0.7612848187262136;0.9884218871877659;1.1580206583179313;0.0;0.8361749656008851;;0.0977411918842095;4.806910414378862e-06;12.612618672768926;0.019583333333333335;0.20477322968062256;0.80075
4.753439588057308;;0.0;0.9742186495985579;1.0;0.0;0.8111798160095979;;0.0;4.806910414378862e-06;10.496807295979577;0.009166666666666667;0.22375090517797946;0.809
4.870792312576556;2.220035891054043;1.148551183955864;1.753329962313464;1.5285426450775768;0.8335899410887014;0.2574575948481079;;0.43470800656621855;4.806910414378862e-06;15.471793050060556;0.0125;0.23961550622095265;0.808
6.113249733867324;0.006337525334335739;0.7558237324375925;1.1932620179017006;1.54071139372827;0.4541409285752065;0.2853693935005066;;0.458108931580727;4.806910414378862e-06;16.965400630107908;0.0008333333333333334;0.11972215638821247;0.807
5.490652324910128;7.33606452914587;0.584749610673108;1.3525085246410096;0.6097973392676741;8.688973129889182e-12;0.3343624205450619;;0.1960610210163645;4.806910414378862e-06;18.27670647010249;0.035833333333333335;0.2573818457612338;0.80475
4.622251438465353;40.638341272298895;1.0645958265026276;0.9610919312329615;1.1504461186539046;0.0;0.18858513292564869;;0.14490266885540626;4.806910414378862e-06;24.564553411236556;0.05291666666666667;0.297877318748261;0.7995
5.189224289931156;0.20117160683076354;0.8156305014940003;1.0637181463563317;1.0363851947601446;0.0917446398362402;0.13601638652626272;;0.28169821113321;4.806910414378862e-06;49.21112158818826;0.02875;0.14157242240377899;0.79725
5.026851232374564;0.0;2.0;1.3866511881605441;3.399999988;0.9999999985;0.8113492314060661;;0.028324242959393786;4.806910414378862e-06;10.688557725345678;0.006666666666666667;0.21316117713891086;0.8045
4.993001332759334;0.026492527269785515;0.6813297066787253;0.9740286369839494;0.940628820292506;0.3469952660766896;0.39506015755709656;;0.5068634010179867;4.806910414378862e-06;11.883413592649957;0.09083333333333334;0.26872043534822304;0.7995
5.847465099942424;348.9581631433259;1.0259574893218026;1.9121476477784811;0.921230403676683;1.0;0.8008273224156003;;0.0981162193217833;4.806910414378862e-06;9.158028902410413;0.0008333333333333334;0.17226274960883173;0.79325
5.94713581789547;20.44605783940637;0.858019564416173;0.984830194420312;1.886585561538418;0.0;0.8364878540270216;;0.19826970071583694;4.806910414378862e-06;12.681160049327675;0.017083333333333332;0.2027803321927089;0.807
4.753439588057308;;0.0;1.0287562025374763;1.0;0.9999999993333334;0.8029306069784498;;0.0;4.806910414378862e-06;9.402999622180921;0.03958333333333333;0.230218977241793;0.798
4.870792312576556;0.2568255960975259;1.5819427632870962;0.9127145480880572;1.6922946928817397;0.4208759929224522;0.16238955921070244;;0.263342812803311;4.806910414378862e-06;23.71164379406838;0.0075;0.2432218920476028;0.80475
6.252099359124043;0.008877171998079608;0.7882505920353231;1.1560264683216779;1.3359428859469995;0.6814715489568375;0.2786455352107951;;0.4748680685381741;4.806910414378862e-06;16.520550818964352;0.0016666666666666668;0.11803265437874538;0.802
5.370888540784307;0.10450968705299125;1.2742919080849695;0.9913928012194949;1.1199400625257854;0.0;0.9088674679147009;;0.2480593666953144;4.806910414378862e-06;11.001924325643602;0.00125;0.1263378849907585;0.804
4.759181877071745;0.04991731617460022;0.7807829038559799;3.1873678702600774;0.8832570740875425;0.0;0.8228758867905518;;0.30979515199199265;4.806910414378862e-06;10.537394797127144;0.05708333333333333;0.319522030497376;0.82325
5.131850958016054;0.22222222222222224;1.0261047336639908;1.5951552578702146;4.667407554341188;0.899999999926644;0.790550278156139;;0.09393896824415626;4.806910414378862e-06;8.33381417341838;0.015833333333333335;0.243835449557693;0.80175
5.034512708039328;0.010123253217314889;1.2345327182014862;0.9971074666857828;1.155468045011715;0.0;0.4399264422599388;;0.2923405873013286;4.806910414378862e-06;12.502385390711337;0.024583333333333332;0.2652909942684333;0.78875
5.033685768816685;0.01935070658386542;0.6644669209009433;0.9803028610115824;1.1899235307899942;0.01581668842169961;1.2815103488530601;;0.3262451019886665;4.806910414378862e-06;16.107000461513124;0.005416666666666667;0.126134490488189;0.80375
5.469053729983676;1394.5833333320677;0.6307753876814258;1.7522617858970677;0.887479105502307;1.0;0.803761547577477;;0.09811621932177862;4.806910414378862e-06;9.473794072834929;0.0025;0.17376475510328945;0.801
5.967739965175509;24.209876543207823;0.8371205408533667;1.0019661022864865;1.1920210065282029;0.11204643231940903;1.0238747057152902;;0.18393745477469;4.806910414378862e-06;13.568288374373054;0.01125;0.1964399605291764;0.80675
4.753439588057308;;0.0;0.9901998138403298;1.0;0.0;0.8068514806716692;;0.0;4.806910414378862e-06;9.909029340079575;0.0275;0.22759484249882947;0.81025
5.412150043984058;40.13943677404726;0.7478085859645416;0.9380129172492422;0.966059249157529;0.20623819467006202;0.16206519870875927;;0.20133719468558428;4.806910414378862e-06;23.691413898555563;0.01125;0.2459960484127955;0.79875
6.131934694497036;0.029360242939849134;1.0337061323250205;1.0449446714474828;1.0388431605166804;0.0;1.0096784467814803;;0.3486204033212197;4.806910414378862e-06;11.917983766166007;0.0020833333333333333;0.12212589414451915;0.80425
5.370888540784307;0.2779499463741526;1.1231900592686481;0.992461949444573;1.1303323639568756;0.0;0.9090319777266863;;0.21668965711581023;4.806910414378862e-06;11.003628440982018;0.0008333333333333334;0.13178552905261204;0.8075
4.753439588057308;;0.6666666666666667;0.9673052939316926;0.8333333335416665;1.0;0.8111271895025807;;0.028324242959393765;4.806910414378862e-06;10.518337510117911;0.015416666666666667;0.22142359082563218;0.8025
5.131850958016054;0.0;1.0;1.36547934938149;0.9180224498589296;0.0;0.7920471935475567;;0.02832424295940987;4.806910414378862e-06;8.32680847829268;0.01875;0.24156843976397102;0.80775
5.032593521389001;0.02599426671004884;0.7762985170912875;3.5093004637469547;0.8790115402549534;0.0;0.8226128493658789;;0.27188502647863233;4.806910414378862e-06;10.52650053223252;0.01375;0.30156872957085473;0.81525
5.679737105384097;0.09910571696391192;0.6431162605204039;0.9764181762845414;0.7698252251561023;2.925468879102706e-11;1.0856974792532523;;0.3237479319255176;4.806910414378862e-06;7.126238584778521;0.01625;0.12811017013864698;0.79075
5.469053729983676;0.21784356653486947;0.6087569281522159;1.7913406400186591;0.8748177753931645;0.9999999999999999;0.8039683958438909;;0.0981162193217833;4.806910414378862e-06;9.506942407799047;0.00125;0.17166406366882747;0.805
5.967739965175509;199.08395061730036;0.654919766605425;1.0019661022864865;0.8331590110730742;0.18016395080322192;1.0246206111067773;;0.15185183467816452;4.806910414378862e-06;13.703510580108146;0.004583333333333333;0.18931228375886597;0.80425
4.753439588057308;;0.0;1.004445729497452;0.7500000003125;0.9999999985;0.802990326238225;;0.0;4.806910414378862e-06;9.392271371515289;0.02;0.23170922214683629;0.80575
5.412150043984058;19.15740482834014;0.6764042389850982;1.657443068901319;0.9608715861359982;0.6615004579964532;0.2571937553165095;;0.13983804782422923;4.806910414378862e-06;15.416136250573002;0.009583333333333333;0.24344599413114906;0.79925
6.111330547216997;0.003432818971903203;1.5270770427738372;1.0897249546867147;10.718437588598558;0.779136947810281;0.6358590951330706;;0.23911750953980287;4.806910414378862e-06;17.341935274734176;0.0033333333333333335;0.13037455125667868;0.7985
5.370888540784307;0.1051442405883261;1.2140608306042027;1.0454418687006188;2.6199110457817274;0.853788946270201;0.7180955797393017;;0.23591324968644858;4.806910414378862e-06;17.4733411621015;0.0020833333333333333;0.1337095160995697;0.793
4.753439588057308;;0.6666666666666667;0.9673052939316926;0.8333333335416665;1.0;0.8111271895025807;;0.028324242959393765;4.806910414378862e-06;10.518337510117911;0.015416666666666667;0.2215156971962654;0.804
5.189224289931156;0.46955863916070584;0.7791982023190925;1.0635762445298556;0.9966424925479358;0.13837429768409118;0.13489511559193146;;0.2166896571158122;4.806910414378862e-06;49.20560663999128;0.029583333333333333;0.14557381274560505;0.81575
4.914348043412321;0.12250812147907063;0.7229175616335908;0.9654201797361843;0.8940198283792046;0.785727617332113;1.0122255409956655;;0.23743403426908705;4.806910414378862e-06;11.510326904137413;0.01875;0.3111269665031042;0.804
5.679737105384097;0.07263026005641147;0.8789895637340426;0.9831929017478472;1.0303822105641032;1.237344009074223e-11;1.083359718369645;;0.2630800723294512;4.806910414378862e-06;6.226066283552254;0.01625;0.12757881904864296;0.79325
5.469053729983676;0.21784356653486947;0.6087569281522159;1.7913406400186591;0.8569346004493311;0.9999999999999999;0.8039683958438909;;0.0981162193217833;4.806910414378862e-06;9.506942407799047;0.00125;0.1723757662369567;0.80225
5.967739965175509;291.3580246914076;0.6204042670873032;1.0019661022864865;0.7585646111091292;0.19427251488246033;1.0246560132283327;;0.15934853508288088;4.806910414378862e-06;13.706318561571182;0.005833333333333334;0.18840372365320304;0.80525
4.753439588057308;;0.0;0.9901998138403298;0.7500000001979167;0.0;0.8068514806716692;;0.0;4.806910414378862e-06;9.909029340079575;0.0275;0.22733786299154102;0.811
5.412150043984058;0.003781844265375201;0.8755830704298034;0.9976066243916843;2.936119516860158;0.9383666448561965;0.42902960471576673;;0.20982455086894825;4.806910414378862e-06;10.67784529687051;0.009166666666666667;0.23815108675295732;0.811
6.131934694497036;0.021090408426423873;1.112980859561352;1.0247543876774503;1.0998821782953856;0.0;1.0111556145751588;;0.2858867772110708;4.806910414378862e-06;12.029152477844832;0.0016666666666666668;0.12817499879077426;0.7945
5.370888540784307;0.020685107466040787;1.0486691272592326;1.0496977748563707;1.1040200906990953;0.5533321198806155;1.1020817736610595;;0.28169821113320337;4.806910414378862e-06;11.704746424728139;0.0008333333333333334;0.12156079092789242;0.78825
4.753439588057308;;0.6666666666666667;0.9673052939316926;0.8333333335416665;1.0;0.8111271895025807;;0.028324242959393765;4.806910414378862e-06;10.518337510117911;0.015416666666666667;0.22049789927098234;0.80625
5.050374664674436;0.743243679546688;0.5812658965861658;1.0591329650910515;0.6719235846409272;0.01991783142169291;0.14764569497567998;;0.14621997661147906;4.806910414378862e-06;49.30070073772387;0.04125;0.14613769775640445;0.8015
5.034512708039328;14.102101614547001;0.7776983780487704;0.9756913221071144;0.9618741445331183;0.10100928408789057;0.6237494994867778;;0.27967609564845824;4.806910414378862e-06;15.250166742149059;0.027916666666666666;0.2685469060555161;0.811
5.679737105384097;0.022463681228213222;0.8547986711971979;0.9961238148314067;1.4499878305304548;0.8612330050345008;0.6905520876929889;;0.3093294582176082;4.806910414378862e-06;14.567906554038254;0.03375;0.13643534292585718;0.79375
5.469053729983676;0.13615222908429347;1.243687081935587;1.7225425535620977;1.2849797359948878;0.99999999995;0.8071682521271125;;0.18787793648831252;4.806910414378862e-06;9.881095834550944;0.00125;0.1751212753843462;0.7995
5.967739965175509;105.53472222220404;0.6868380315835395;1.0019661022864865;0.7676908788116901;0.22974362540463378;1.0249943207978076;;0.16363081700064638;4.806910414378862e-06;13.76031802073882;0.004166666666666667;0.1840655132040591;0.80225
4.753439588057308;;0.0;0.9901998138403298;0.9230769231538462;0.0;0.8068514806716692;;0.0;4.806910414378862e-06;9.909029340079575;0.0275;0.22710544542554523;0.8045
5.412150043984058;0.003781844265375201;0.8755830704298034;0.9976066243916843;2.6595310144515643;0.9383666448561965;0.42902960471576673;;0.20982455086894825;4.806910414378862e-06;10.67784529687051;0.008333333333333333;0.23877004496461218;0.79625
6.654607465274825;3.981915652085017e-05;1.6440029805881646;1.1627942628727577;2.9332179748565315;0.4552188122183134;0.20394023997213978;;0.5958152739608461;4.806910414378862e-06;24.691779940341686;0.0004166666666666667;0.11949038652735326;0.80575
5.476715205648441;0.005139727331970251;0.9251770385109074;1.1101381921975073;1.9076726202704468;0.3244519106943271;0.4447719950626127;;0.21806052112777635;4.806910414378862e-06;13.20267602255324;0.035;0.2256245073481852;0.80875
4.753439588057308;0.0;2.0;0.9116204429787755;533333334.33345455;0.9999999995000001;0.8111399256389833;;0.02832424295940987;4.806910414378862e-06;10.510214259827388;0.014166666666666666;0.2217904558995314;0.8145
5.051479416272098;0.7335053253668388;1.1096116291491105;1.1069980978071046;1.0541509751986842;1.5396884490294016e-11;0.3180101911271061;;0.14621997661147917;4.806910414378862e-06;39.37283512603819;0.05375;0.153134259537694;0.8065
5.026851232374564;0.2556266913028023;1.069714917554543;1.0022670771325648;1.1861647678929288;1.5811560854275693e-12;0.2724792585170295;;0.2481281748972408;4.806910414378862e-06;22.764239444319916;0.020833333333333332;0.2644758368441777;0.81875
6.221094836791599;0.015945171418552933;0.844222542144557;0.9961238148314064;1.0729548331477787;0.8032522492480612;0.698699488460114;;0.2942350196843641;4.806910414378862e-06;15.463197077809967;0.032916666666666664;0.14036497920754093;0.80425
5.469053729983676;0.21894639959045273;1.2427048454523866;1.7644709803067022;1.2842726237546327;1.0;0.8073742276005573;;0.19000100462452843;4.806910414378862e-06;9.91288226008489;0.0008333333333333334;0.17364330858980917;0.8095
5.967739965175509;19.859522244125706;1.0424065697163891;1.0019661022864865;1.1635867863702507;0.3250514421958141;1.0255644962131099;;0.15558224319733335;4.806910414378862e-06;13.859358578111186;0.0025;0.1792432442056624;0.7955
4.753439588057308;0.0;0.7999999999999319;1.0466210449742275;0.8803961470198554;1.0;0.8112389280050326;;0.028324242959409884;4.806910414378862e-06;10.487198054312755;0.004583333333333333;0.224398102384165;0.80125
5.412150043984058;8.001828989483299;0.6617400597856162;1.6583589236853382;0.9428920641890742;0.7283927617613478;0.2576988001937674;;0.14267775705594124;4.806910414378862e-06;15.432466112740647;0.01;0.2402055621440817;0.79175
6.64694598961006;0.001596750069416551;0.841316693994304;1.0400399853110827;2.210385078547294;0.24212811117750718;0.2677672926716758;;0.5631188560987952;4.806910414378862e-06;23.06097044208455;0.00125;0.11697497648032357;0.813
5.337865580391721;4.209490247735368;0.6585389613751754;1.025881506924502;0.8127596650614787;0.01884154917157951;0.6271205716992526;;0.2372654683272008;4.806910414378862e-06;15.797182752744966;0.045;0.233078891979071;0.80275
4.753439588057308;;0.0;0.9362233704768324;1.0;0.0;0.8111574679119248;;0.0;4.806910414378862e-06;10.503036875028313;0.013333333333333334;0.2225099832624299;0.80175
5.050374664674436;1.046807372533193;0.5976188557603506;1.0591670246817264;0.6895724514091492;1.2792708344441714e-11;0.147124892517198;;0.2021048040076441;4.806910414378862e-06;49.2988044433777;0.04875;0.14926840710694214;0.81275
4.614589962800588;0.12882198465380257;1.255737631637444;0.9997219056019597;1.0242605486276615;0.0;0.2587956979285446;;0.2030157954486381;4.806910414378862e-06;22.48338534130872;0.06458333333333334;0.28292245443851977;0.81675
5.859372362690603;0.011775682418684298;0.6881974186945944;1.0040689936543732;1.5386794182653474;1.2176102511992724e-11;0.51126097451151;;0.29084715698064023;4.806910414378862e-06;25.23645976295393;0.030416666666666668;0.15061515654309673;0.8015
5.330204104726956;8.942015427014262;0.9366960109971162;0.994799997582675;0.8938818832056343;0.7939895189391416;0.42310043827372107;;0.3207882142071411;4.806910414378862e-06;12.707636915026162;0.025416666666666667;0.18349625947158957;0.80775
5.94713581789547;69.36805555556374;0.6693984577999452;0.9872222702570179;0.819631940530228;0.0;0.8392382492140539;;0.12555796574641453;4.806910414378862e-06;13.0946805668552;0.0020833333333333333;0.17895958929439487;0.8095
4.753439588057308;0.0;0.0;0.9901998138403298;625000000.8956202;0.999999996;0.8068836116510018;;0.02832424295939376;4.806910414378862e-06;9.904445581317686;0.018333333333333333;0.2292641039103708;0.80175
5.412150043984058;60.712188665146066;0.728668669801658;1.6089874924404957;1.0831769687967097;0.6666666664866386;0.25805124247869493;;0.1449026688554061;4.806910414378862e-06;15.43100408376646;0.01125;0.23775921758922774;0.811
6.783537528384828;0.02133732191855374;0.8382378821421087;1.043045676715446;1.2252161853013126;0.20749723681374319;0.2681401023345049;;0.4241382844380807;4.806910414378862e-06;23.446759571140074;0.0008333333333333334;0.10493777989269526;0.8205
5.337865580391721;0.1485776161638843;0.8167810871808345;1.600375361290909;0.8814112958134611;0.0;0.2828556280042536;;0.22410490227110066;4.806910414378862e-06;17.23949183746548;0.042083333333333334;0.2237387237393259;0.79825
4.753439588057308;;0.0;0.9362233704768324;1.0;0.0;0.8111574679119248;;0.0;4.806910414378862e-06;10.503036875028313;0.013333333333333334;0.22361337184718988;0.81
5.190329041528816;17.84067650837382;0.7512736979091784;1.1006876875314626;0.6074893877784475;0.00977558370791624;0.3253038453640162;;0.17773086487991027;4.806910414378862e-06;39.52622731632994;0.029166666666666667;0.14635383556763196;0.81875
4.614589962800588;0.0007445982773242196;2.5649468537783147;0.9947044034652702;8.14569924808316;0.11589993215873613;0.4362783106723978;;0.2098946477081874;4.806910414378862e-06;13.492763500445777;0.027916666666666666;0.2723047839743635;0.8
5.859372362690603;0.7338670257372918;0.8724840664861822;0.9612939039357379;0.7138914988926116;0.0;0.3361101773375824;;0.31528838764526446;4.806910414378862e-06;35.16421513936;0.025833333333333333;0.15568800746568348;0.797
5.330204104726956;0.12090568067501922;1.112268314374792;0.9945701700261885;1.3979611657337732;0.0;0.6153914329432879;;0.23743403426908702;4.806910414378862e-06;5.886561555106136;0.004583333333333333;0.18398316768685435;0.80625
6.230080622018054;207.8000000000225;0.6885205449748487;0.9861164824076016;0.6655788144894996;0.0;0.8398435106138766;;0.1799746744596666;4.806910414378862e-06;13.192126239863663;0.0004166666666666667;0.1754261856202375;0.80725
4.753439588057308;3888.888888886299;0.7500000000000178;0.9901998138403298;342857143.6384031;0.9999999997500001;0.8069205729241723;;0.05664848591880364;4.806910414378862e-06;9.900869764016138;0.015833333333333335;0.22937147169012456;0.80675
5.877753460175626;44.30856892395078;0.7241585221675081;1.5599068740596862;1.190729567415227;0.3987344431783097;0.25853895680144373;;0.24150444809234367;4.806910414378862e-06;15.435373780558278;0.01375;0.23395277438531548;0.80225
6.783537528384828;0.03545617348313441;0.7579884000638327;1.0484475038325876;0.8768911835479134;1.0361917527945739e-11;0.26962089827006896;;0.42251637966284056;4.806910414378862e-06;23.756848549393837;0.0025;0.10213921636551404;0.79325
5.337865580391721;16.72432163273041;0.8105192748885114;1.034442660718972;0.9522060359316877;0.0;0.20079316615289014;;0.22410490227110075;4.806910414378862e-06;24.916251436830468;0.020416666666666666;0.22076638363041676;0.8115
4.753439588057308;;0.0;0.9362233704768324;1.0;0.0;0.8111574679119248;;0.0;4.806910414378862e-06;10.503036875028313;0.013333333333333334;0.22271246961965044;0.80725
5.190329041528816;0.08940543061046013;1.1084073892207151;0.9848465258012128;1.0776299555796813;0.07852520569287962;0.5129300570677833;;0.17669057504283842;4.806910414378862e-06;29.698890437701678;0.028333333333333332;0.15212309690445097;0.808
4.614589962800588;0.11972986138671567;0.8946837907611322;0.9945701700261889;1.5852872538744587;0.5910695899089798;0.6143510551959784;;0.26288448330897624;4.806910414378862e-06;5.865094683692481;0.030416666666666668;0.2883660607976313;0.80825
5.859372362690603;0.2850893387053299;0.7134925723987998;0.9612939039357379;0.7651136266422155;0.0;0.33587412680900813;;0.33169595981605665;4.806910414378862e-06;35.15883372450223;0.02666666666666667;0.15282437288914547;0.81025
5.8715618361344575;0.9845020303875677;0.8547032587802678;0.9945701700261885;1.1779243322061366;0.0;0.6152011811670861;;0.19826970071582073;4.806910414378862e-06;5.960344611549373;0.0025;0.1901717250265101;0.8045
6.230080622018054;330.9327846365137;0.6709083451237203;0.986633085917372;0.6500937387725825;0.0;0.8397863903843975;;0.16797960618607002;4.806910414378862e-06;13.18693400439862;0.0008333333333333334;0.17520716191148006;0.81225
4.753439588057308;0.0;2.0;1.0184900820268172;640000001.0001456;0.9999999997500001;0.8030274667092533;;0.028324242959409884;4.806910414378862e-06;9.388500483405815;0.015833333333333335;0.232446534761211;0.81125
13.334156228758275;21.06755806830934;0.6982412068143249;0.9770451529440681;0.908769706869396;1.0574210772919551e-10;0.16447061931448698;;0.9377660295143889;4.806910414378862e-06;23.71264091340343;0.00375;0.22369045308968538;0.239
7.249140944576396;0.00350710307836;1.1631639575392139;1.0380529468083188;1.1539991511592762;0.0;0.43240610267208124;;0.4902202222298279;4.806910414378862e-06;14.99042906020142;0.0004166666666666667;0.10392226625492021;0.8025
5.337865580391721;34.901161575442636;0.8105377470488729;1.0345541722786824;0.8567514745792997;0.0;0.20085585856126134;;0.21000036768322694;4.806910414378862e-06;24.92096761282047;0.020833333333333332;0.22003125729801865;0.8095
4.753439588057308;;0.0;0.9362233704768324;1.0;0.0;0.8111574679119248;;0.0;4.806910414378862e-06;10.503036875028313;0.013333333333333334;0.22271481734713736;0.8115
5.190329041528816;113.23474257077146;0.6873604079047783;1.1005464062522372;0.7084068636039224;0.0059353895871153495;0.324886045687194;;0.1426777570559443;4.806910414378862e-06;39.52189617719694;0.035;0.1487820639984262;0.81375
4.655274398857939;12.28965939162151;0.7874590637688231;1.0153176285954384;0.9926934962803129;0.0;1.296096725993646;;0.5634002601550334;4.806910414378862e-06;18.85704845322258;0.0004166666666666667;0.1189665408715854;0.79425
5.8426834668328524;0.4155370590567167;0.9445133535973247;1.0126051649587366;1.313667575472818;0.5314198465282067;0.7068635876102509;;0.27815769640747595;4.806910414378862e-06;16.34665948648808;0.018333333333333333;0.13863481094907482;0.807
5.8715618361344575;0.5934320870946409;0.7551146057985489;0.9900179002299179;1.0079419618520236;0.760095942426921;0.4285834326663291;;0.1886784938117707;4.806910414378862e-06;13.06331577086902;0.007083333333333333;0.20018031688665494;0.8055
6.433343381367077;3.7160160798920536;1.0325825853940778;1.0027148382949822;1.547378236573443;0.12561375858386842;1.0252967060540321;;0.22774245547862274;4.806910414378862e-06;13.840017697228046;0.0008333333333333334;0.18177414609691542;0.81075
4.753439588057308;0.0;2.0;1.0184900820268172;533333334.33345455;0.9999999997500001;0.8030274667092533;;0.028324242959409884;4.806910414378862e-06;9.388500483405815;0.015833333333333335;0.23222834236670412;0.802
5.412150043984058;105.46457266034427;0.6061207385645978;0.9555011762507156;0.796509076406736;0.05477906140003074;0.16318933530978422;;0.14267775705594124;4.806910414378862e-06;23.70056462925617;0.009166666666666667;0.24049672510338227;0.7965
6.665307810719707;0.01954044017330186;1.0453031060003184;1.0512252994555005;1.2210048095559607;2.9924996857276357e-12;0.28850402254816643;;0.3632022824818776;4.806910414378862e-06;24.806434839890095;0.00375;0.09687520971040875;0.7995
5.330204104726956;292.28421760847664;0.6944469929528396;0.9947741101873534;0.8119412955128942;0.0;0.624298079578284;;0.1789464222838572;4.806910414378862e-06;7.135654776344199;0.0008333333333333334;0.20058538295155304;0.8
4.753439588057308;;0.0;0.9362233704768324;1.0;0.0;0.8111574679119248;;0.0;4.806910414378862e-06;10.503036875028313;0.013333333333333334;0.2226860337652273;0.80725
4.81191767157007;0.5651429451822071;0.7079963603737984;1.003287355794121;0.8766285018582719;0.1943843090406347;0.5178460547164312;;0.15680986103289044;4.806910414378862e-06;29.921498406911688;0.0325;0.15333343265626348;0.793
12.577280583632154;2.808808889116756;0.7149786512951356;1.015194204320077;0.9571158638741958;0.0;1.2960671243158877;;2.480097111541408;4.806910414378862e-06;18.856377273145124;0.0004166666666666667;0.11466690655543944;0.237
5.8426834668328524;7.261354630306354;0.9106603474580379;1.0128880609789035;1.13473607959875;0.4429139852182081;0.7072493796636375;;0.27683657494794506;4.806910414378862e-06;16.368447967574408;0.015;0.1460788548251371;0.7965
5.8715618361344575;0.020555210619155204;0.8139641765655024;0.9902153754906078;1.0785960967744497;0.02062077137197421;0.24570886827934194;;0.2205813536176937;4.806910414378862e-06;22.256510719396726;0.027916666666666666;0.21547684224458064;0.80225
6.433343381367077;0.45304083621670044;1.0311183886042445;1.0024999510936907;1.1936065095956574;0.0;1.0244758486981633;;0.16363081700065468;4.806910414378862e-06;13.715558293331975;0.00125;0.19162934054775188;0.797
4.753439588057308;8888.888888880805;0.7142857142857492;1.1575476979676655;0.9744461885823216;1.0;0.8112756908524156;;0.056648485918803615;4.806910414378862e-06;10.48382100386623;0.00375;0.22573083027624002;0.81325
5.412150043984058;20.47325102881018;0.6452688701535875;0.9770451529440681;0.8451714545096586;0.08409601442222062;0.1644243793579237;;0.21806052112777635;4.806910414378862e-06;23.711820574945847;0.00625;0.23609479891961407;0.816
6.249841272642092;0.08877594677441299;0.6244656459738034;1.1239335729244733;0.8982746281087525;0.9999999999854168;0.18856990494509293;;0.23591324968645042;4.806910414378862e-06;23.49766171795188;0.007083333333333333;0.10139927887289296;0.79425
5.509738166041027;0.004628035524899829;1.1057967178893178;1.0100396618873904;1.4412387642426956;0.0;1.2967444955644452;;0.4042096080152906;4.806910414378862e-06;18.80953452021564;0.0004166666666666667;0.11677649138215104;0.806
4.796965051395196;0.6345420925928491;1.8753385811622143;1.0287583268003848;1.680691974727286;0.0;1.3031490492786793;;0.21806052112777638;4.806910414378862e-06;15.084887472988157;0.013333333333333334;0.16889257415899697;0.7985
4.81191767157007;0.5277723480968771;0.7170089379870637;1.0033680623520884;0.9011399516498962;0.14850454806939278;0.5177374855343447;;0.16207303993981745;4.806910414378862e-06;29.919640417362846;0.04041666666666666;0.15474501144838876;0.8155
4.753439588057308;3.177093868843365;0.743951733775635;0.9956636183223078;1.3900504655189845;0.5524879635825333;0.6204529549279582;;0.3046428163393441;4.806910414378862e-06;6.7557941951363025;0.02625;0.24639361047606118;0.807
6.3082868830244205;67.22222222224285;1.1292737050816894;1.0127320287196946;1.00489748172628;3.5702260334862367e-11;0.7078072159474865;;0.11198640412404941;4.806910414378862e-06;16.411452597719396;0.00875;0.15553270839832;0.81
6.249973206093205;0.017977777830770727;1.0766231097980759;0.9947999975826752;1.268346561236384;0.8038838648666093;0.4144528344152257;;0.26949162143946975;4.806910414378862e-06;12.41098137445501;0.014166666666666666;0.21216340873764672;0.798
6.412739234087038;13.896345143423007;0.7293482609885225;0.9874806863363453;1.0772435146994173;0.0;0.8381998974981735;;0.19526873212624613;4.806910414378862e-06;12.966860092023154;0.0020833333333333333;0.18822180983706108;0.8025
4.753439588057308;8888.888888880805;0.7142857142857492;1.1575476979676655;0.9776404150095312;1.0;0.8112756908524156;;0.056648485918803615;4.806910414378862e-06;10.48382100386623;0.00375;0.22689918511782547;0.8085
5.877753460175626;813.8888888888117;0.7331096485133806;1.4839934555502976;0.873241472531941;0.05481496936614917;0.2596502524887643;;0.1398380478242292;4.806910414378862e-06;15.455599576402525;0.011666666666666667;0.21676820951413947;0.79225
6.407375858528523;0.0003491081962308934;2.0980107894432916;1.443023221494151;1.4960598530068427;0.0;0.8123812383938331;;0.38307173251286325;4.806910414378862e-06;21.374447602707328;0.004583333333333333;0.10674569662186904;0.8055
5.495400166278152;17.250523321554176;0.6689198279268074;1.0078250335256107;0.7029582797751069;0.0;1.0095950053164418;;0.19548238376840518;4.806910414378862e-06;19.266270033938405;0.04;0.23307420978792928;0.803
4.796965051395196;65.71314356212052;1.1242933098621506;0.9904112565075283;1.4805414499804324;0.25464400718078956;1.1084787855446172;;0.14267775705594438;4.806910414378862e-06;10.364845116220545;0.01875;0.16541103497349696;0.80275
4.753439588057308;156.24999999985795;4.500000000001421;1.0068690499931183;3.336585359903009;0.4999999987498579;0.7996031205614966;;0.05664848591880364;4.806910414378862e-06;8.958831428808862;0.014166666666666666;0.23550348485720693;0.80475
4.753439588057308;;0.6666666666666667;0.9673052939316926;0.8000000002500001;1.0;0.8111271895025807;;0.028324242959393765;4.806910414378862e-06;10.518337510117911;0.015416666666666667;0.22248746819897772;0.8215
6.3082868830244205;0.15774955766523;1.1164206193232262;0.9894963846465249;1.2782399223505478;0.0;0.9009922650697942;;0.13983804782422912;4.806910414378862e-06;9.251325654585317;0.0033333333333333335;0.14971895858319437;0.8
6.646013816925816;0.028710086971198673;0.9795878379221326;0.9842564595386;1.0544499639573417;0.9999999999178494;0.2183927614394724;;0.36117314096448494;4.806910414378862e-06;21.990359904026473;0.020416666666666666;0.22682464528124754;0.8
5.94713581789547;19.185180438677943;0.8529172276729196;0.9711655633198315;0.9947422013235383;0.0;0.8386487982561754;;0.18554948198759177;4.806910414378862e-06;13.021389202038772;0.0033333333333333335;0.18398823175154955;0.8025
4.753439588057308;3888.888888886299;0.7500000000000178;0.9901998138403298;342857143.7361474;0.9999999997500001;0.8069205729241723;;0.05664848591880364;4.806910414378862e-06;9.900869764016138;0.015833333333333335;0.22852184044514348;0.8025
5.877753460175626;1458.3333333321987;0.9077953201111758;1.4639759751021326;1.0349763561654048;0.0;0.2604944124132008;;0.1120524511355503;4.806910414378862e-06;15.475478505636673;0.004583333333333333;0.2059238854973632;0.794
6.1316115549769705;0.0022076948045534144;0.9285764222486;1.0955196611787157;1.5831154004414612;0.9802568194664103;0.2853071743263812;;0.2731464684762509;4.806910414378862e-06;15.27888226270497;0.005416666666666667;0.09860409007895779;0.79625
5.495400166278152;6.42579892644028;0.6727706520952142;1.0078250335256107;0.7857988659356591;0.0;1.0096422294160814;;0.1766760723753263;4.806910414378862e-06;19.279163034550226;0.019583333333333335;0.23165560673192181;0.8125
4.796965051395196;620.3124999998122;0.7534591211034847;0.9904112565075283;1.2528961063128508;0.07152330914613288;1.1084854018642654;;0.15087654084112703;4.806910414378862e-06;10.360966149273862;0.019583333333333335;0.16672562159998267;0.80325
4.753439588057308;0.0;1.2499999999997868;1.001827194220248;1.7795844600699828;4.999999974997443e-10;0.7995658210268707;;0.028324242959409884;4.806910414378862e-06;8.962783092270387;0.015416666666666667;0.23508119954282622;0.8065
4.761101063722071;1036.3247863251595;0.7104452848009628;0.9690154226129429;0.6115961940324154;0.0;0.18936490038819276;;0.2030157954486381;4.806910414378862e-06;24.600584065186094;0.0425;0.27637190541206297;0.8055
6.3082868830244205;673.8888888885834;0.8230176685988414;1.0127243427458055;0.5889879304423404;0.0;0.7080787781885323;;0.10500018384161121;4.806910414378862e-06;16.43146262105692;0.004583333333333333;0.1588203860457466;0.81125
6.646013816925816;0.05092816481633381;0.8973372612319929;0.982229649805776;1.0564414497540595;0.9999999999359039;0.2118868525257219;;0.34767259814506074;4.806910414378862e-06;21.963508551422876;0.03958333333333333;0.2274539422988942;0.811
6.230080622018054;9.165675782798218;0.8291549662046876;0.98090280593638;0.7580771586718967;0.0;0.8396428664314134;;0.20356131856892898;4.806910414378862e-06;13.17589957308267;0.0004166666666666667;0.17639943746490236;0.806
4.753439588057308;686.7283950610132;1.666666666666951;0.9901998138403298;500000001.1185425;0.9999999996666666;0.8069623638274551;;0.08497272887821347;4.806910414378862e-06;9.898302980548461;0.014166666666666666;0.22937255544460736;0.814
5.877753460175626;155.55555555545794;0.8287220420348602;1.4667093533570248;0.9738790291042941;0.0;0.26100800775916355;;0.11557687720607687;4.806910414378862e-06;15.492391306802197;0.004583333333333333;0.20603124485002774;0.80475
6.1316115549769705;0.045094613932213375;0.8408548456594542;1.1438784603794292;1.1662031399895547;0.9854419835815506;0.21122092175758075;;0.24409828263670516;4.806910414378862e-06;23.76959602627687;0.005833333333333334;0.09496546113156701;0.80125
5.5125791933215655;6.254813449675148e-05;2.240581462650473;1.052895782782521;4.383330300292361;0.5705253639740838;1.303726454787942;;0.3519969627931841;4.806910414378862e-06;15.371590801115072;0.01125;0.1780247520558333;0.8035
4.796965051395196;63.38026566932546;0.7617358484418648;1.0276924427440328;1.0256130302334785;0.0;1.3030774668949718;;0.15087654084113317;4.806910414378862e-06;15.068047880028132;0.019583333333333335;0.1742793724302961;0.80875
4.753439588057308;8888.888888895961;0.6666666666666666;0.9879226521251947;1.4166666654861269;2.4999999937501424e-10;0.7995058459729888;;0.028324242959409857;4.806910414378862e-06;8.974024801483267;0.03125;0.23391863690865816;0.80175
4.614589962800588;16.69412515961968;0.7683995508454259;0.9997219056019597;0.9040867065279525;0.016807919734683513;0.2717427217255617;;0.18174257661068036;4.806910414378862e-06;22.73436158873647;0.03208333333333333;0.30023869921337637;0.8025
6.3082868830244205;1547.2222222224536;0.6634635224205804;1.0127345904548881;0.6316461101488327;0.0;0.7080353831319393;;0.10066859734278996;4.806910414378862e-06;16.42317802275768;0.00625;0.15577073642325884;0.80225
6.249973206093205;0.0223424237872378;0.6982312346930943;0.9842251854235613;0.9635297426655148;0.5839130401241989;0.39985008769966146;;0.28125452077664304;4.806910414378862e-06;12.197045383629531;0.022083333333333333;0.21113581255929748;0.806
6.412739234087038;16.213021349727587;1.241434832778847;1.0659317832075943;2.3805534905687304;0.0;0.8378359353544191;;0.1855494819875916;4.806910414378862e-06;12.922047470635926;0.0033333333333333335;0.19126182199057576;0.807
4.761101063722071;0.0051372310324857345;0.8737937595020874;1.4005802927673243;1.0044620892530671;0.01945530961459688;0.26252348173141893;;0.22008129828463585;4.806910414378862e-06;16.130612330488415;0.09458333333333334;0.2840053195790772;0.80475
5.877753460175626;155.55555555545794;0.8287220420348602;1.4667093533570248;0.9782325242535783;0.0;0.26100800775916355;;0.11557687720607687;4.806910414378862e-06;15.492391306802197;0.005;0.20489383590186555;0.8105
6.249841272642092;0.0010354240172116681;0.8545688477857882;1.1750654811566097;1.913185003942493;0.9999999999999997;0.43991164738515054;;0.338222600111913;4.806910414378862e-06;11.096840074361461;0.002916666666666667;0.10367363469959952;0.80275
5.490652324910128;0.004504553202877153;0.8670636478248347;1.1392649792473448;1.0789243855249786;0.9999999999786257;0.4828615250367929;;0.22008211701847333;4.806910414378862e-06;27.047876514944118;0.013333333333333334;0.23544138509792753;0.799
4.658115426138478;91.79375453887259;0.7803562964677873;1.0271805225477906;0.8381998432290728;0.0;1.3030429454870598;;0.14267775705594118;4.806910414378862e-06;15.062353334305097;0.022916666666666665;0.17807534677806403;0.807
5.000662808424099;0.012507598408406491;0.6903687235711525;0.9783764336756681;1.3937235444190275;0.9999999999107869;0.41144771307111716;;0.3961783422132051;4.806910414378862e-06;8.53539107082065;0.155;0.3492714971218564;0.81075
4.622251438465353;1.8352018080955954;2.207941628138969;0.9610919312329613;1.839781217346787;0.0;0.188384742817848;;0.17894642228385743;4.806910414378862e-06;24.550196761040887;0.03791666666666667;0.3063795716188123;0.817
6.3082868830244205;285.1388888890942;0.94986051263007;1.0127550797293425;0.8809751951324624;5.049062075468144e-11;0.7080029986867563;;0.11198640412404935;4.806910414378862e-06;16.41610760403302;0.00875;0.15577874561957722;0.799
6.249973206093205;0.115733123013115;0.7409663672471574;0.9653442904131795;0.7229057423129105;0.0;0.5954607212288501;;0.25913110234621417;4.806910414378862e-06;3.6888053859606247;0.006666666666666667;0.2005313977202447;0.81325
6.530835565764991;220.13888888881436;1.0121757022920783;1.1898784063864805;0.9108311419039884;0.0;0.8366261249521468;;0.09660177923693736;4.806910414378862e-06;12.752939881743979;0.00375;0.19233996353102814;0.8115
4.753439588057308;0.14603781327302867;0.8696631577670864;0.9902153754906079;1.0823152472231932;0.2060007665353101;0.2600572191568541;;0.20221548771100017;4.806910414378862e-06;22.437766678160454;0.07375;0.2711732013179246;0.8005
5.877753460175626;720.1388888886094;0.7618439689083318;1.4861294845312563;1.047584695006574;1.9999999950246925e-10;0.2601655143046208;;0.14267775705594443;4.806910414378862e-06;15.472534106950663;0.005416666666666667;0.21543850180864513;0.811
6.249841272642092;0.11143717661037222;0.6780890449402226;1.1325193785026055;0.9687052820599396;0.9999999999853729;0.19211263311180152;;0.2933556899917176;4.806910414378862e-06;23.69433079221175;0.005833333333333334;0.09956333275393256;0.796
5.474796018998113;7.284533321681905;1.0181233164527739;0.9948264485474061;0.9889485580153011;0.7117074029965857;0.4712578255992097;;0.2100003676832269;4.806910414378862e-06;18.980425863167177;0.023333333333333334;0.2610223738652359;0.8105
4.658115426138478;0.0;0.7999999999999997;0.9904112565075283;0.6267341987940642;0.0;1.1084746927120963;;0.07444479091802461;4.806910414378862e-06;10.350915981286969;0.017083333333333332;0.17273286088550382;0.80575
5.542020539831601;0.004658202168308448;0.9407159970490633;1.0197155895445493;4.196741151053208;0.8207020360051219;0.402731924669878;;0.4541968951843861;4.806910414378862e-06;6.450967595921225;0.20375;0.42505624426649524;0.809
4.622251438465353;0.42294803536968556;0.7537274254433446;1.3636340293237108;0.9448798651437875;0.20886005887074974;0.27408039694359165;;0.22410490227110091;4.806910414378862e-06;16.69139215178662;0.04958333333333333;0.3160761190306457;0.8075
6.3082868830244205;25.788395726260024;0.8753337100292632;1.0128088251647753;0.9500301626368576;0.15147186251153452;0.7077265532679293;;0.1952687321262438;4.806910414378862e-06;16.392047275041357;0.012083333333333333;0.15308657794014754;0.808
6.249973206093205;0.2579077188314916;0.6834278959746803;0.9658600362479952;0.8404330646561956;0.0;0.5951466162909876;;0.21178163189958724;4.806910414378862e-06;3.499494961593395;0.010833333333333334;0.1993368842569318;0.80475
6.412739234087038;2013.8888888887311;0.7941350907841881;1.1594024406906067;0.7855216849090432;0.0;0.8366135626869079;;0.09774119188420972;4.806910414378862e-06;12.746546274168189;0.005;0.19360803991675074;0.81175
4.753439588057308;179.183813442971;1.8571428571428341;1.6797803203862276;1.649739474676382;0.9999999999999999;0.8114147987006726;;0.10969767869772591;4.806910414378862e-06;10.47941039721622;0.0020833333333333333;0.22829827730289967;0.8015
5.877753460175626;194.55555555552027;0.9249796648264436;1.515062242745594;1.1888382468033831;0.399999999496495;0.2596774117145307;;0.1952687321262463;4.806910414378862e-06;15.462515768222595;0.007083333333333333;0.22133852028738413;0.8
6.783537528384828;0.03185672739561669;0.6739333254327793;1.0639776753242713;0.7908527291310458;0.031057923468943892;0.2785246728458939;;0.3511381608250883;4.806910414378862e-06;23.960150895117874;0.0008333333333333334;0.09656642444827716;0.805
5.469053729983676;0.09923843741266142;0.7771009698012546;0.9980991274114844;0.8655636916454676;0.0;0.28106998089530255;;0.18058881550657505;4.806910414378862e-06;22.82593020211653;0.01;0.21035032676036444;0.80975
4.658115426138478;0.0;0.7999999999999997;0.9904112565075283;0.8039153684570107;0.0;1.1084746927120963;;0.07444479091802461;4.806910414378862e-06;10.350915981286969;0.016666666666666666;0.17311748786150735;0.79925
5.9520237229236255;0.0057888760273525144;0.6942308815680158;1.038370062103866;2.65045925717696;0.9999999999940744;0.3971799472225887;;0.4976226910501782;4.806910414378862e-06;3.514560229752399;0.24375;0.46288058236248836;0.816
4.622251438465353;0.13196253203079075;0.7751968571394909;0.9771160955915239;1.0084905432307483;3.8622658139371587e-13;0.6130435308982425;;0.3282068493185168;4.806910414378862e-06;13.78988598670645;0.15333333333333332;0.3201196808566399;0.79875
6.3082868830244205;195.13888888899143;0.9238464708069783;1.012773001131181;0.8967701890643069;0.051401154203719546;0.7077424246946243;;0.17082585317595117;4.806910414378862e-06;16.39729859968375;0.012083333333333333;0.15198375564036878;0.79325
6.249973206093205;0.01420285121658388;0.6993010054519337;0.9880122321298146;1.0081685530142908;0.5877678602739834;0.4006355602328282;;0.23506947934558114;4.806910414378862e-06;12.209988335127363;0.027083333333333334;0.19922928272680673;0.80725
6.412739234087038;220.13888888881715;1.1109701870704258;1.1354128282143074;0.9312005294518861;0.0;0.8366056603677303;;0.1255579657464145;4.806910414378862e-06;12.740934353949314;0.00625;0.19785388940486578;0.79925
4.787154469299816;0.005638925510074513;0.7042952998789201;1.0019989187246714;1.0179488042511637;0.6910458743099844;1.0181541687085927;;0.28988029857066766;4.806910414378862e-06;22.588536302911617;0.05375;0.19929904353639624;0.806
5.877753460175626;3003.472222221831;0.7294723282816866;1.470245272854735;0.8883863108134223;0.0;0.2599169444445841;;0.10066859734279437;4.806910414378862e-06;15.461581975018063;0.007916666666666667;0.21280244124761039;0.79775
6.783537528384828;0.009181630187049586;1.0345424550275166;1.0539785059014402;1.0553194531011092;0.0;0.4385321922324142;;0.31625585315976035;4.806910414378862e-06;15.320949081538267;0.00125;0.09790499219566147;0.80275
5.469053729983676;467.1498878524325;0.6146954187918929;0.9945701700261885;0.7230489488974985;0.0;0.6241268178656273;;0.20210480400764416;4.806910414378862e-06;7.098204642742779;0.0016666666666666668;0.20183019204628636;0.8045
4.658115426138478;503.4722222222196;2.66666666666667;0.9904112565075283;1.999999998750002;0.0;1.1084622485157676;;0.09660177923693747;4.806910414378862e-06;10.35035664623657;0.020833333333333332;0.17561169770396487;0.806
5.9520237229236255;0.0007569346721116644;1.300230692890424;2.4864202843801646;2.0165946865385957;0.5879319951416411;0.20258094525341722;;0.32596497155791915;4.806910414378862e-06;11.280087773767638;0.17291666666666666;0.4455533638646662;0.8
5.29435618061051;0.030615342513673812;0.7079944802431015;1.0171377853402135;1.0226733708054232;0.7921152232353571;1.0216829511630068;;0.42249274475824694;4.806910414378862e-06;23.39799631522356;0.06958333333333333;0.21794780269871297;0.80275
6.3082868830244205;958.333333333464;0.6825622472605022;1.012766323501729;0.6723160513250598;0.0;0.7081440200893698;;0.10066859734278996;4.806910414378862e-06;16.4330125469188;0.005833333333333334;0.15559781234509754;0.79575
6.25763468175797;0.44316911156682465;0.7058591078774515;1.0655605125071757;0.7046682303154164;0.0;0.08971245903673171;;0.32841749121792846;4.806910414378862e-06;22.322020503574187;0.050833333333333335;0.20430460109322013;0.80975
6.412739234087038;3055.5555555558135;0.6524833179497203;1.1584687113493688;0.628496075973267;0.0;0.8363184322422188;;0.07444479091802464;4.806910414378862e-06;12.699810667217882;0.006666666666666667;0.1960370804594938;0.81175
4.753439588057308;630.0347222220215;0.8499999999999943;1.0019758796977833;1.411210922442233;1.0;0.8071778074383439;;0.12666844282530268;4.806910414378862e-06;9.898137255950575;0.01125;0.23269492980924023;0.818
5.877753460175626;3680.555555554594;0.7265562885214789;1.4570600211462463;0.7776018932075666;0.0;0.26019834697735666;;0.09660177923693752;4.806910414378862e-06;15.468208560603037;0.005;0.20969977783656912;0.79625
6.242179796977327;0.0022555359013832956;1.5318909021812548;1.1994663276541724;3.006567699905055;0.9999999999532484;0.6193880467730765;;0.3319057340789146;4.806910414378862e-06;9.574138634956142;0.0004166666666666667;0.09985056257927197;0.808
5.330204104726956;7.166666666666448;0.9569122340513878;0.9978234898457149;0.9622604194753874;0.0;0.4416272190501158;;0.11329697183760723;4.806910414378862e-06;13.638594500127157;0.0033333333333333335;0.2096349179075868;0.808
4.658115426138478;2.0194839173657902e-28;0.7999999999999997;0.9904112565075283;0.8319274586774377;0.0;1.1084667120395175;;0.04830088961846879;4.806910414378862e-06;10.350153244178452;0.025833333333333333;0.1742626053793119;0.80675
5.833794005258504;0.18575544834607993;0.6972180671076835;2.1310264244643395;1.0099974539164347;0.594984130014709;0.21206399099093193;;0.2281416427636782;4.806910414378862e-06;11.231666189367525;0.13916666666666666;0.435824094147455;0.819
4.787154469299816;0.013047112779335719;1.6275351674173175;1.0402613562234968;1.4414869586532693;0.0;0.8367388838689586;;0.3403977720484897;4.806910414378862e-06;21.217378666865063;0.04041666666666666;0.21077455517536905;0.795
6.3082868830244205;73.39506172843157;1.300319385689302;1.0129372268535446;1.1436367578439846;0.0;0.7083288744743255;;0.1406275807176264;4.806910414378862e-06;16.44560621768595;0.0075;0.1584029907264288;0.8075
5.716276950350469;84.39778526350283;0.602422710123416;1.0772306078549838;0.8242067144853182;0.9999999999683195;0.4064301128100762;;0.24805936669531792;4.806910414378862e-06;7.1766170469584;0.09458333333333334;0.204430090568633;0.81225
6.412739234087038;1420.138888889717;0.8961480762818854;1.1609064144384296;0.8385508691410116;0.0;0.8360278609669027;;0.07444479091802464;4.806910414378862e-06;12.653692743497919;0.00875;0.19820013830323488;0.79275
5.39949092462472;1597.8395061731774;0.6333333333333377;1.0211581572599475;1.3669808983306952;1.0;0.8072437335084997;;0.12666844282529197;4.806910414378862e-06;9.900621240526391;0.010416666666666666;0.23353048265526785;0.78875
5.995849791853578;50.08745870569329;0.7758047260407672;0.998259895669079;0.9740749394980313;0.10802441843256956;0.16899052221653837;;0.14490266885540615;4.806910414378862e-06;23.75099875432063;0.0020833333333333333;0.1995540044074868;0.799
6.665307810719707;0.015447859991639085;0.6786400230268511;1.0594006604886148;0.7328767606137925;0.0;0.4411917147049788;;0.27646245515417955;4.806910414378862e-06;15.923773410327147;0.0020833333333333333;0.09651270148082607;0.80575
5.370888540784307;0.043652444945799916;1.3610176295733387;1.045509926597043;2.8206259397302755;0.7183101038409047;0.7180370856441778;;0.24096026559433145;4.806910414378862e-06;17.480681161419046;0.0016666666666666668;0.1297482176850095;0.802
4.658115426138478;359.02777777782444;0.730372205364828;1.0271467413799562;0.7731135631824507;0.0;1.3030567447681922;;0.10110774385550003;4.806910414378862e-06;15.062480000216615;0.0275;0.18076068566959558;0.808
5.833794005258504;0.14096465924882937;0.7415542607222592;1.6134353769281884;1.816736549711921;0.5053224460213459;0.21922654868460623;;0.22588773751835767;4.806910414378862e-06;11.338607675526946;0.12458333333333334;0.41482920521405714;0.79525
4.753439588057308;3281.2500000009823;0.9999999999998735;1.486784650246913;1.103665790370505;1.0;0.8113636269810925;;0.0849727288782135;4.806910414378862e-06;10.479926643949273;0.0025;0.22647532319435862;0.79375
6.3082868830244205;0.00011001513962854464;5.388423462178053;1.0180719511945022;3.763519620383898;0.5839748526006527;0.7130183838478735;;0.13474581071973485;4.806910414378862e-06;16.94815148820634;0.002916666666666667;0.1549381019819078;0.80825
5.716276950350469;0.0016991851630270684;0.859834810912414;1.1199093845303425;1.3316929678342615;0.9999999999782284;0.6004259015333789;;0.23677052864684112;4.806910414378862e-06;11.258465158188475;0.10916666666666666;0.210936769349378;0.8105
6.530835565764991;137.65614727153692;0.8670548799348001;1.2721850916429127;1.1507722866382115;0.0;0.8357935732186744;;0.14062758071763623;4.806910414378862e-06;12.629956066199025;0.005833333333333334;0.19097241356308556;0.80025
5.39949092462472;511.4969135806195;0.6451612903225694;1.1184113150826165;1.1319648462028762;1.0;0.807314483410846;;0.10969767869772595;4.806910414378862e-06;9.904114334915963;0.008333333333333333;0.23556326165191768;0.80575
5.877753460175626;2.1016881204292166;0.858375444148082;0.998259895669079;1.2162280505698597;3.600813946985763e-11;0.16754679080047719;;0.11557687720607687;4.806910414378862e-06;23.735523274522755;0.0025;0.2088272309863856;0.80775
6.665307810719707;0.1248858471357873;0.7269875930541156;1.0809382095529232;0.8878705002562379;2.357128683460753e-12;0.29217017935622047;;0.29925730447886173;4.806910414378862e-06;24.755523196018608;0.0008333333333333334;0.09220741202164472;0.80575
5.526427061898778;0.006525532347694501;1.2720453653279435;0.9593014892767038;1.7772403113814532;0.5836771177179781;0.35910644150397275;;0.46609248559595934;4.806910414378862e-06;35.720894989728286;0.0004166666666666667;0.1317833545245422;0.804
4.658115426138478;0.0;0.7999999999999997;0.9904112565075283;0.8319274586774377;0.0;1.1084746927120963;;0.07444479091802461;4.806910414378862e-06;10.350915981286969;0.02666666666666667;0.17417306701453816;0.795
5.833794005258504;0.20582820684835415;0.667479043632826;1.614640544035024;1.1764430948211324;0.4299122874447175;0.21900408301591445;;0.26067449231251566;4.806910414378862e-06;11.357948006732034;0.13375;0.4296503935297309;0.81375
4.753439588057308;5624.99999999903;0.7000000000000057;1.3218446563119068;0.921512448740776;1.0;0.8113172574238661;;0.05664848591881971;4.806910414378862e-06;10.481396979975155;0.002916666666666667;0.2258089916363137;0.802
6.3082868830244205;0.031700538947625485;1.34868403505021;0.9909218305111537;1.3916226607615938;0.0;0.8975101273523098;;0.149185644682117;4.806910414378862e-06;8.358631100077838;0.007083333333333333;0.1490253844586576;0.7995
5.716276950350469;172.37381397837342;0.5820215202689497;1.0780768153279328;0.7396705111913225;0.9801164832823309;0.40647068075311465;;0.2013371946855889;4.806910414378862e-06;7.1943639979211715;0.09291666666666666;0.20340025777092707;0.8085
6.530835565764991;329.3981481480888;1.0154221309101157;1.198293649207573;0.9359284910000812;0.0;0.8357544289843046;;0.09774119188420972;4.806910414378862e-06;12.614663008514624;0.01125;0.19595406104354196;0.7995
5.39949092462472;2.0524691358022933;4.399999999999977;1.0404947011083352;7.968888873048674;0.7999999993800682;0.803499224399574;;0.11329697183760729;4.806910414378862e-06;9.396668548624863;0.010416666666666666;0.23650647681739045;0.81625
5.995849791853578;156.21570644721592;0.6322722011344779;0.9997196488655744;0.7941131133871858;0.023624704723850545;0.1706277890795855;;0.1749959311967533;4.806910414378862e-06;23.7702507041905;0.00125;0.19055836826008477;0.80925
6.665307810719707;0.003834971554613376;1.217636556628014;1.0733126875834873;1.1934129741142039;0.0;0.4584724926442237;;0.3698715334822892;4.806910414378862e-06;17.65610763759975;0.0004166666666666667;0.09023604743254406;0.79475
5.502768611226186;1.1955155439365008;1.223598994450331;1.0632722705788162;1.1005062735370605;0.0;0.8402229046565394;;0.318334551313059;4.806910414378862e-06;21.63977669179879;0.015833333333333335;0.21527936232863623;0.80225
12.580121610912693;14.160011471065218;0.7861814321518883;1.2768094214189152;0.8481403898514362;0.3953192854619004;0.9151211477761978;;1.4938017958333913;4.806910414378862e-06;13.690426488650207;0.017916666666666668;0.1636507932096155;0.24
5.4312858991077215;1.7940598428194738;0.7528941610484284;1.0049151590421999;0.9507055579691003;0.8281120872600699;0.09268786257672816;;0.38926379977229325;4.806910414378862e-06;21.36166190543205;0.07125;0.3168266742391958;0.8105
4.753439588057308;0.0;0.7999999999999319;1.0466210449742275;1.085714285533235;1.0;0.8112389280050326;;0.028324242959409884;4.806910414378862e-06;10.487198054312755;0.004583333333333333;0.22468590251324977;0.80775
6.686698252983167;1.336709335209977;0.7248252971242138;0.9961238148314064;1.782747860944927;0.7881326344620927;0.6999334118761376;;0.19604427483674364;4.806910414378862e-06;15.537690911689252;0.01875;0.1573676478878054;0.80925
5.716276950350469;91.85395203711005;0.5967099808402113;1.08342872133685;0.6752031102337168;0.9999999999675083;0.40701068901349097;;0.20208945027866942;4.806910414378862e-06;7.3184864007250985;0.08041666666666666;0.19822983163885297;0.8115
6.412739234087038;0.8562287407654581;0.7596176874740684;0.9887370432179786;2.31347819637931;0.0;0.6556064475873397;;0.2551410156531285;4.806910414378862e-06;18.434176450147348;0.010416666666666666;0.20530184539429802;0.797
5.39949092462472;4.141616298011104;1.3666666666667;1.084282272904852;8.05898832041502;0.999999999626389;0.8000768973873197;;0.12666844282530274;4.806910414378862e-06;8.967390872244719;0.01;0.2336645539641045;0.81375
5.995849791853578;14.453124999999973;0.7264883768483169;1.0007583598886576;0.8811394722402457;2.2055978288990133e-11;0.17182411487627913;;0.13769058154333363;4.806910414378862e-06;23.785178921931365;0.0004166666666666667;0.18501263701177975;0.80225
6.1239500793122055;0.006936068865248105;1.1877125956338934;1.0799793968872173;1.1719281358443145;0.0;0.4566155891752408;;0.3381110767713707;4.806910414378862e-06;17.509325987369117;0.00125;0.09073638318889884;0.826
5.502768611226186;1.1966656961943969;1.2763693299349683;1.0631564490468288;1.0821142867984574;0.0;0.8399555551701371;;0.3085677134193361;4.806910414378862e-06;21.62111729418015;0.0175;0.2199085645554209;0.803
4.658115426138478;3.2727846648301147;1.3310557083948151;1.3183392017469986;1.284295614371008;0.39927579935956525;0.9151167155324051;;0.1398380478242291;4.806910414378862e-06;13.694001320942588;0.016666666666666666;0.17323454307121236;0.80325
5.541854141108079;54.58333333337085;0.6527594492146848;1.4252243055662546;0.81285988773544;1.0;0.79052902304679;;0.10969767869772584;4.806910414378862e-06;10.105573531758388;0.009583333333333333;0.249128894166488;0.81325
4.761101063722071;0.17644101593088282;0.7191225149170632;1.4514476110130192;0.9062178443613924;0.17825932802514063;0.2753876765364177;;0.19606102101636447;4.806910414378862e-06;16.82180163718763;0.05416666666666667;0.27021564202345166;0.80175
6.686698252983167;0.8638594576574158;0.7741738344870545;0.9961238148314064;2.0989283905323743;0.683505959696918;0.7001587514785946;;0.20011019230350444;4.806910414378862e-06;15.559115941054966;0.011666666666666667;0.15970148401611492;0.7935
5.855126575607187;36.74479094886553;0.6216110747357695;1.0824479548782435;0.6057365288293284;0.9999999999676676;0.4074594885825882;;0.24805936669531792;4.806910414378862e-06;7.404831589498258;0.08208333333333333;0.19454794626616648;0.80025
6.412739234087038;6.373424015952227;0.8392859246502867;0.9920477746124693;1.5705047690529952;0.0;0.8363857171931658;;0.1789464222838572;4.806910414378862e-06;12.67678671116067;0.01625;0.20445346536229578;0.79875
5.777902294583466;4.461286608853624;0.6734513837733325;1.3692378777595136;2.157643043563602;0.9999999999615387;0.797296847611056;;0.19623243864356188;4.806910414378862e-06;8.646917249515647;0.005;0.22496644592351436;0.81375
5.995849791853578;39.15356605162051;0.7397630200634394;1.0001213021355884;0.8947981828638344;2.163865368784044e-11;0.17106572598132583;;0.134745810719735;4.806910414378862e-06;23.77458691383787;0.0008333333333333334;0.18613248080408248;0.81875
6.270461180233689;0.0040796855748507655;0.7910359788304399;1.213590697799473;1.3613820042142424;1.0;0.4462688792278076;;0.3667492736596432;4.806910414378862e-06;10.796578449272541;0.0016666666666666668;0.09762873218020636;0.7995
5.5125791933215655;0.06162289761410488;0.8932875050454112;1.0103864827550413;3.829367274124664;0.9999999999040635;1.1091489939719588;;0.31811752723413134;4.806910414378862e-06;10.760509602933297;0.005833333333333334;0.17130988978653794;0.80825
4.658115426138478;0.0;0.6000000000000001;0.9904718802834195;0.771428571629932;1.666666663166666e-10;1.1084795662566187;;0.04830088961846879;4.806910414378862e-06;10.360826453983133;0.030833333333333334;0.18154062814985106;0.80275
5.58253857716543;0.0003238966438536064;1.7980484774961645;1.0190020676206901;1.3723519408519724;0.11741028948875741;1.2805947661780177;;0.45991234999929637;4.806910414378862e-06;16.094326294293403;0.0008333333333333334;0.11864474540907706;0.8035
4.761101063722071;0.5753695462256069;0.7626849501476182;1.0253373594429291;0.7288127201254729;0.0;0.43948193947193026;;0.17894642228385477;4.806910414378862e-06;12.546794467782453;0.05;0.29337469500182506;0.805
6.804794584661121;0.014416934809583032;1.1130387882234756;0.9819399294447182;1.2594176732502371;0.17911597971180002;0.8887261278986851;;0.3513922749997926;4.806910414378862e-06;5.610856785481916;0.0033333333333333335;0.15979965773927632;0.804
5.716276950350469;0.0013812026714376067;0.6682500233192549;1.4173678045943219;2.1267244622563313;0.999999999971023;0.22019218848775587;;0.24409828263670133;4.806910414378862e-06;13.357475847098497;0.07416666666666667;0.1921648918932567;0.80925
6.433343381367077;70.41913816970127;0.7284877917646343;0.988384602498569;0.978613199966671;1.7716096458652372e-11;1.0232635028869466;;0.21548348049218527;4.806910414378862e-06;13.479545607500237;0.00625;0.2067833763392348;0.80525
5.777902294583466;4.468626527007295;0.7065757302719033;1.4338753023620092;2.243332804969868;0.9999999999642858;0.7973880376080059;;0.19000100462452602;4.806910414378862e-06;8.655539135761378;0.004583333333333333;0.22189510272723256;0.8075
5.995849791853578;329.06012024029013;0.6453252574453818;1.004245728743586;1.042509263684397;4.555832339205212e-12;0.15561617604924585;;0.13769058154333672;4.806910414378862e-06;23.375940609138855;0.0033333333333333335;0.1861383915182209;0.81425
6.2891461408634015;0.0013323311105931717;0.6890066628440791;1.3314833323988344;1.6558915656828819;0.7748337427084516;1.0094094743591693;;0.43467368455005334;4.806910414378862e-06;19.286552532429855;0.00625;0.10045394591341483;0.8095
5.5125791933215655;0.014638046610161994;1.071441115594883;1.0989640147555315;1.264439499516195;0.9999999999233795;1.4146816557461146;;0.32003836156854387;4.806910414378862e-06;23.571886434325005;0.008333333333333333;0.18440233335802242;0.80475
5.199473157545979;0.0;1.2500000000000009;0.9908938153935944;0.9836319625322011;0.16666666648611117;1.1084926884447384;;0.09660177923693747;4.806910414378862e-06;10.365854298410358;0.027083333333333334;0.18369244779849717;0.80275
5.129592871534102;0.03908805756380156;0.6643335540312942;1.1647985303902069;0.7573940374216693;0.9999999999079029;0.5915824958889824;;0.3020057920283787;4.806910414378862e-06;5.13634583944967;0.027916666666666666;0.30711226085498233;0.802
4.761101063722071;59.543226254958505;0.6108114231425888;0.9899772031091747;0.7956735120827311;1.0643043305032382e-11;0.6235405022186027;;0.14088849620018234;4.806910414378862e-06;15.286840859758057;0.06208333333333333;0.29192872922426133;0.79775
6.686698252983167;0.033580586380994794;1.0264847182703811;0.9819399294447182;0.9945301060581508;0.14661798144750623;0.8884092365545234;;0.30852158847537264;4.806910414378862e-06;5.472758798557493;0.005;0.15483954687957274;0.80675
5.716276950350469;0.015001946530681964;1.0983163149402666;1.0524358082857146;1.017393975143126;0.0;0.10867448988819316;;0.32726108340669696;4.806910414378862e-06;22.699567841346763;0.060833333333333336;0.18959523170499903;0.80125
6.433343381367077;509.5283141350924;0.6066303667781178;0.988384602498569;0.8273436327429203;0.0;1.0232497541589265;;0.1766905750428383;4.806910414378862e-06;13.484962632518092;0.006666666666666667;0.20501580783080983;0.80675
5.39949092462472;0.4978852511714655;0.8255660153471959;1.2185913514905906;6.458095808943108;0.6156495137652055;0.800430586769007;;0.09811621932178326;4.806910414378862e-06;8.998378648318823;0.005;0.2229297072979617;0.80525
5.995849791853578;344.60809942380564;0.9773754490760794;1.0030333460018526;1.0862675431467614;0.0025423827729712306;0.15419312801717452;;0.13769058154333347;4.806910414378862e-06;23.359038540868237;0.006666666666666667;0.1922522226280489;0.80275
6.1316115549769705;2.051171370286456e-05;0.7668626502300535;1.4598597142158476;1.8376577469752138;0.8177748576042233;0.6322094481911772;;0.41895606250861833;4.806910414378862e-06;14.074745552786297;0.005833333333333334;0.09462859966826159;0.802
5.495400166278152;47.22285785720661;0.5786948319570028;1.0078250335256107;0.7506575943120827;0.0;1.0092291651066716;;0.16911725581166806;4.806910414378862e-06;19.220779757954134;0.02375;0.24147028746578864;0.81925
5.199473157545979;0.0;1.2500000000000009;0.9908938153935944;0.9856779672156758;0.16666666648611117;1.1084926884447384;;0.09660177923693747;4.806910414378862e-06;10.365854298410358;0.021666666666666667;0.18388512879379718;0.7965
5.403004515851359;0.02474794900275554;0.6882621830185757;0.9946947276899969;1.060534456251746;0.0;0.39367691925849246;;0.3486204033212197;4.806910414378862e-06;12.44253914776364;0.07;0.35021534080038597;0.80825
4.761101063722071;3.3190207237022267;0.6029562724893687;0.9899772031091747;0.76506101523314;1.061169406665639e-11;0.6234765400425891;;0.14893805524272263;4.806910414378862e-06;15.27456913879007;0.049166666666666664;0.29804810815355454;0.8005
6.686698252983167;0.059087041502168626;0.8623537937674729;0.9822387234773424;1.0283577418021537;0.08545048357996422;1.0850994698708225;;0.3258769891620013;4.806910414378862e-06;6.704464099925227;0.0033333333333333335;0.15424255211579807;0.79925
5.708615474685704;0.0381579578828645;0.667013752618703;0.9790060673559161;0.7082312210691734;0.020620771536716504;0.22880610031120446;;0.2942350196843641;4.806910414378862e-06;22.01404838245242;0.051666666666666666;0.19687777322905267;0.8115
6.433343381367077;350.3049894075386;0.6345975306832231;0.988384602498569;0.8632983377498051;0.0;1.0232485948985406;;0.14490266885540626;4.806910414378862e-06;13.488782410146381;0.005;0.20363409438319016;0.8115
5.39949092462472;9999.99999999659;1.2500000000002132;1.1933834446949216;1.466176605262707;5.00568431686647e-10;0.8038514079810858;;0.02832424295940983;4.806910414378862e-06;9.426245225731074;0.0075;0.22409337065318952;0.8035
5.995849791853578;1395.1161625901752;0.9488389630211548;1.0036348577519019;1.0398389044921388;0.004555832343758214;0.154893701627117;;0.14893805524272571;4.806910414378862e-06;23.367277129735875;0.004166666666666667;0.18873687071019954;0.80075
6.268526233271803;0.004724321987303399;0.7444229428216892;1.4093765539044696;1.7393343011149518;0.9999999999730207;1.0096641173841687;;0.43990018804957925;4.806910414378862e-06;19.279139722414044;0.0008333333333333334;0.09816097969089356;0.8025
5.495400166278152;0.04177264924681933;0.6959453008989959;0.9577180106036284;1.435813239763544;0.7671206229663188;1.0155800122449568;;0.19606102101636438;4.806910414378862e-06;12.098225640248113;0.03333333333333333;0.2499663233758147;0.8075
4.658115426138478;640.1384083045098;0.6909896520785579;1.0268838048480453;0.8254591653870279;0.0;1.3030461588475417;;0.1120524511355504;4.806910414378862e-06;15.062095631403922;0.023333333333333334;0.18302553540519242;0.8125
5.410665991516124;0.028126703552539975;0.9588972980192998;1.0057266057119985;1.1586689636823275;0.886492098914629;0.0319492363563576;;0.30460142108633764;4.806910414378862e-06;21.265413991707263;0.14541666666666667;0.39878193100426074;0.80625
4.622251438465353;0.5236074304647963;0.7353891304080106;1.0106930709717499;0.7060033194310336;0.0;0.43923048024716166;;0.19418029860626468;4.806910414378862e-06;12.497226954559265;0.052083333333333336;0.3098445539818566;0.79975
6.686698252983167;0.010950213438376636;0.9584961995524982;0.9822387234773424;1.1931134333530944;0.17436892820631272;1.0843999284867114;;0.2491448640678914;4.806910414378862e-06;6.415398574304342;0.00375;0.15588713432742435;0.79875
5.716276950350469;0.18979385388413236;0.9138896158482858;1.0354266892423607;0.8809271136522365;0.0;0.09850059007832727;;0.27188502647863233;4.806910414378862e-06;22.55862795589301;0.07333333333333333;0.2086841515931335;0.79975
6.55143971304503;4.491933132982871;1.1289330779045461;0.988384602498569;1.2781089857516685;0.0;1.0230343178369545;;0.1398380478242291;4.806910414378862e-06;13.462061547012036;0.0033333333333333335;0.19536339953901946;0.81025
5.443016387962608;7.075075648373698;0.8683462528853987;1.0164231737270595;0.889740940694449;5.1798784308639815e-11;1.4040678483507072;;0.3567956023090124;4.806910414378862e-06;22.27851250749025;0.06208333333333333;0.18620449442315307;0.8125
6.374261161812325;533.3333333329808;0.8065307317336429;1.0007443365552426;1.0030794816132527;0.34534632905101237;0.2436627888834247;;0.10936072618602964;4.806910414378862e-06;14.323535452364236;0.017083333333333332;0.1901298179451198;0.79875
6.268526233271803;0.0027216526226796615;0.8920316762461933;1.3085544465083858;2.034796597857832;0.9999999999712712;1.0089964265305418;;0.41326115052567025;4.806910414378862e-06;19.21973431756698;0.0008333333333333334;0.10158323903301433;0.80475
5.474796018998113;1.6126195844678957;0.7300968521301404;0.9714194626689931;0.7059431753439305;0.0;0.3264493337538471;;0.18554948198758686;4.806910414378862e-06;12.21167737211811;0.035416666666666666;0.2876790525228378;0.806
4.658115426138478;2.0194839173657902e-28;0.7999999999999997;0.9904112565075283;0.8039153684570107;0.0;1.1084667120395175;;0.04830088961846879;4.806910414378862e-06;10.350153244178452;0.027083333333333334;0.17572803721927752;0.79975
5.833794005258504;0.025009234820246858;0.7835233431511818;1.0049151590421999;1.0827562756355766;0.8281120872659279;0.07086524596613711;;0.20797389264193328;4.806910414378862e-06;21.22386797840409;0.12041666666666667;0.40081248140363873;0.79275
4.761101063722071;291.76812337136215;0.6368298695325909;0.9674884434729509;0.5537046028536448;0.0;0.18917478939829985;;0.19526873212624385;4.806910414378862e-06;24.593366895413034;0.03875;0.2789460950537351;0.79925
6.823289791757935;0.0008104425244154869;1.096545679905365;0.9842089797338673;1.5482409368413268;9.915503306733575e-12;1.2808973852290666;;0.31174670155548306;4.806910414378862e-06;15.91641727485127;0.0004166666666666667;0.15325433067625657;0.801
6.25763468175797;1.2279497576672178;0.6331141523427822;1.0522636274868087;0.7194007712343313;0.0;0.0828844206016538;;0.2579102136947573;4.806910414378862e-06;22.247195222148736;0.06125;0.2154377874253039;0.7985
6.530835565764991;203.904481182461;0.6683128393572638;1.43151802505276;1.1289891989954464;6.375759126876212e-11;0.8356464487626981;;0.20356131856894227;4.806910414378862e-06;12.625318773371587;0.002916666666666667;0.18198324970376217;0.8075
5.443016387962608;6.892355087479849;0.8906877717427218;1.0164698826407503;0.8644916230930075;0.035056276462881064;1.4041409307133719;;0.3567956023090124;4.806910414378862e-06;22.284899030723867;0.06291666666666666;0.1863935438784708;0.81475
6.374261161812325;243.05555555550222;1.0425317183116416;1.0016763296365558;1.2344894693505604;0.4429139850693948;0.24266679911868871;;0.10969767869772579;4.806910414378862e-06;14.291779298826578;0.02;0.19415865741859192;0.80975
6.249841272642092;0.00544271186325223;0.9274392023178923;1.1504995634636601;1.1119141207942325;1.0;0.2783539449211909;;0.31815061523377974;4.806910414378862e-06;15.866851701696463;0.0004166666666666667;0.10124014320075528;0.80325
5.490652324910128;0.2716023081612688;0.7730184989651135;1.9403698697455085;1.0268753775432287;0.0;0.26652512513207793;;0.20989464770817876;4.806910414378862e-06;12.014861931962225;0.03;0.26057911198806955;0.8
4.658115426138478;640.1384083045098;0.6909896520785579;1.0268838048480453;0.7667248413480046;0.0;1.3030461588475417;;0.1120524511355504;4.806910414378862e-06;15.062095631403922;0.022916666666666665;0.18439998973991895;0.8035
5.826132529593739;1025.000000000659;0.6114998624580752;1.0346792792997666;0.7295584487332735;0.0;0.21585403572523973;;0.1708258531759513;4.806910414378862e-06;23.190564232088477;0.04791666666666667;0.35444768509172603;0.80675
4.761101063722071;22.89876543210008;1.2106020740180712;0.9722497691030026;1.1303040936196331;0.0;0.18980618197134191;;0.15489903008181605;4.806910414378862e-06;24.61623079474331;0.035833333333333335;0.26580678397945046;0.8045
6.823289791757935;0.023942075113965;1.36213452821523;0.9927142484409257;1.3446546562590573;0.044896747871351984;1.280583414353957;;0.3571165578857935;4.806910414378862e-06;15.871776093657067;0.0004166666666666667;0.14644861827732839;0.80075
6.324663415173781;0.0011771395562975007;2.1324448817167743;1.0258721618780304;1.3335627079566053;0.0;0.06300508794636349;;0.27113000826703865;4.806910414378862e-06;21.820921139172533;0.06041666666666667;0.2140930777076755;0.799
6.395398940707969;38.83611122163868;1.3731369263247488;1.6745284200926502;1.9600224648103777;0.3825455480581543;0.8359877722871685;;0.33810622732928075;4.806910414378862e-06;12.708929001943478;0.00125;0.16863523677330788;0.79625
5.39949092462472;559.6450617282114;0.8400000000000054;1.3177145528103182;0.9441186441537155;0.947630922662651;0.8077405430161146;;0.09811621932177862;4.806910414378862e-06;9.936668446351405;0.005;0.22610989836632314;0.81075
6.2388245367553035;110.65847120741428;0.6351718827761509;1.007272395464789;0.9271569819806178;2.7610619556818772e-11;0.14045634811716046;;0.11557687720607698;4.806910414378862e-06;23.005096443520628;0.007083333333333333;0.18756694789837208;0.7955
6.1239500793122055;0.017280436583639692;0.9720192318674569;1.0673858792410325;1.1620376614449177;0.027589483893682255;0.29715698286977105;;0.279596077958789;4.806910414378862e-06;25.010801414262897;0.0016666666666666668;0.09180796610131613;0.80675
5.469053729983676;1.3300582078859966;1.0523928841085564;0.9945701700261885;0.9019867451807349;0.0;0.6242610864329845;;0.26067449231251566;4.806910414378862e-06;7.070779922230286;0.0008333333333333334;0.20032186310213942;0.80875
4.658115426138478;924.1452991452885;0.9920694000303687;1.026799391043769;1.1241257970995444;0.0;1.303045353831046;;0.13983804782422912;4.806910414378862e-06;15.062899300462474;0.034166666666666665;0.1849575746474264;0.79875
5.826132529593739;1025.0000000003972;0.5855485960070613;1.0345539393062757;0.7001375053702936;0.0;0.21614500938942144;;0.2079040148918081;4.806910414378862e-06;23.206830238489673;0.05;0.3541955143416808;0.8075
4.761101063722071;435.41666666694505;0.656801719198621;0.9647960231285253;0.6087144025288804;0.0;0.18914078591631472;;0.19320355847387494;4.806910414378862e-06;24.589376744379987;0.03875;0.28151905969595714;0.795
6.823289791757935;0.003380215232909828;1.0622766142573536;0.9847867385450672;1.0115230302489222;0.2127916605113025;1.0830280225783742;;0.4482822251716425;4.806910414378862e-06;5.978933965782379;0.009583333333333333;0.14674890298607027;0.80325
5.845207013460471;0.01539043805107423;0.9467140267820905;0.9965449233631178;1.2922262822011281;0.8583303220654248;0.20675741465281108;;0.24299698964537841;4.806910414378862e-06;22.057150417598763;0.05708333333333333;0.20201741281304658;0.8075
6.395398940707969;91.17391360228048;1.135131562306888;1.6339714626598791;1.721183383492026;0.24798138245312804;0.8359192349216393;;0.2898053377108123;4.806910414378862e-06;12.693062777303787;0.0008333333333333334;0.17062820335374948;0.79475
5.433205805867228;15.0384053282679;0.6576831028862248;1.0263051981899243;0.7597244090961416;0.0;0.8324312427280983;;0.26531513513672683;4.806910414378862e-06;20.38967899072941;0.03333333333333333;0.2098311458908488;0.795
6.374261161812325;1759.2592592592528;0.7028263942820749;1.0007443365552426;0.8886119902312568;0.26882938286211144;0.24314462405605333;;0.11205245113555044;4.806910414378862e-06;14.306638823653776;0.01875;0.19194781993552393;0.811
6.1239500793122055;0.09142456630621787;0.6965812621409261;1.0787819060210073;0.8553804420666199;1.3760383881037487e-12;0.28657854797756893;;0.25913110234621417;4.806910414378862e-06;24.439717855057133;0.0020833333333333333;0.0933650425901247;0.80625
5.469053729983676;0.0017725545216997866;4.4943153612927595;1.0016162832522268;2.688854573787099;0.5661390841023085;0.4419377222743415;;0.22529856153870642;4.806910414378862e-06;13.611430458210833;0.002916666666666667;0.205331764780277;0.81075
4.658115426138478;0.0;0.6000000000000001;0.9904718802834195;0.5914067807236766;1.666666663166666e-10;1.1084795662566187;;0.04830088961846879;4.806910414378862e-06;10.360826453983133;0.03375;0.18179556805531574;0.80475
5.826132529593739;17.043895747597865;0.8645119799991107;1.034339164129;0.9884640346953818;0.0;0.2164071374312865;;0.2079040148918081;4.806910414378862e-06;23.22207419612737;0.035833333333333335;0.34608000827146523;0.802
4.614589962800588;146.0128572101777;0.6196178331655292;0.9997219056019597;0.702930619395295;7.516730210605804e-12;0.27179736217431316;;0.13983804782422934;4.806910414378862e-06;22.731789564051585;0.04;0.2936013715535431;0.80175
6.357686375566367;0.027854972647530993;0.8436084395086054;0.984521029479677;0.8985051940826906;2.1335898831258278e-11;1.0826690404308519;;0.4377974668930348;4.806910414378862e-06;5.803594908949641;0.015;0.13928665097678897;0.801
6.3865647448679725;0.0038143782036349533;1.0402617777793;0.9959722770218292;1.2567648574795234;0.3661892485601576;0.3988091605737143;;0.21875527610686624;4.806910414378862e-06;12.551782886496675;0.03333333333333333;0.195624076727786;0.812
6.395398940707969;3.500890993482501;1.4609086805632172;0.9929229861445193;1.4995357969745626;0.0;0.6547789624049097;;0.3436139911113115;4.806910414378862e-06;18.423341122046434;0.00125;0.16908000555118546;0.8035
5.39949092462472;;0.5;1.2290278438033766;0.5657516827197159;0.0;0.80395155336613;;0.02832424295940983;4.806910414378862e-06;9.436274628599122;0.00625;0.22178846519471992;0.80025
6.2388245367553035;1545.1388888886113;0.6624104552371932;0.9936328422350329;0.8415865673320032;0.1679497057945187;0.2436375143294213;;0.10110774385550003;4.806910414378862e-06;14.322181165401696;0.017083333333333332;0.18851489644996183;0.79
6.381029422234047;0.011508542162639065;0.9249264258214891;1.0595053956216658;1.117538162191199;7.443921905364138e-12;0.27493581503313325;;0.3168517900969103;4.806910414378862e-06;23.80644807017795;0.00125;0.09881439540351762;0.80075
5.495400166278152;0.26193728359810126;0.7653493501349761;0.9600547745037302;0.8803307933333305;0.7421807452814309;1.011546322769577;;0.17667505249269058;4.806910414378862e-06;11.447405540335476;0.06291666666666666;0.2364048999057132;0.8155
4.658115426138478;0.0;0.6000000000000001;0.9904718802834195;0.7257142859559185;1.666666663166666e-10;1.1084795662566187;;0.04830088961846879;4.806910414378862e-06;10.360826453983133;0.028333333333333332;0.18258332661894067;0.80625
5.826132529593739;246.91358024703473;0.5882223093494453;1.034888039883532;0.6219974393850876;0.0;0.21604089685275493;;0.1777308648799102;4.806910414378862e-06;23.199851068312825;0.04625;0.3563186858761527;0.805
4.614589962800588;0.03811485919184124;1.6171172946109371;1.0095657788659413;1.5783767763271375;0.003734388045168132;0.28588264991137574;;0.18867849381177063;4.806910414378862e-06;23.037024061378105;0.0008333333333333334;0.279660593978764;0.80175
5.816328644158865;0.0021947774427208276;0.7952928344222416;0.9932142977792573;1.6425664334776602;0.9177696332985065;0.6876832270149839;;0.3365319525126559;4.806910414378862e-06;14.22258859586365;0.04666666666666667;0.14295698904352894;0.816
5.845207013460471;1.3614191590492883;0.6505271907852772;1.0449407212119897;0.6196810399242291;0.0;0.5946569797148693;;0.20418953501445955;4.806910414378862e-06;4.037895960457565;0.019166666666666665;0.1922233927756944;0.80575
6.395398940707969;13.324654837129778;1.067916539061195;0.9887370432179783;1.2073392874986832;0.0;0.6546098920525814;;0.26181515295325614;4.806910414378862e-06;18.401995290825308;0.0016666666666666668;0.17305395021166195;0.808
5.39949092462472;257.338612528564;1.2272727272726767;1.4322987885561949;1.1615850968773163;0.9999999999;0.8079446826940914;;0.09811621932177865;4.806910414378862e-06;9.95669319775229;0.002916666666666667;0.22084453580427574;0.811
6.2388245367553035;573.045831484235;0.6857011956875952;1.0085121665087278;1.1484713619959095;0.034793321781248686;0.14223655716501915;;0.13983804782422896;4.806910414378862e-06;23.025732999926507;0.00625;0.18256405790964103;0.81225
6.4217138582913975;3.029110640537065e-06;3.1714552383421144;1.0299821809006082;3.161540906795123;0.0;1.29031116065857;;1.1533798747124775;4.806910414378862e-06;17.431719331930044;0.0004166666666666667;0.12012794399056288;0.7935
5.35180269965341;0.03278210947622196;0.912942691063429;1.6800542093620792;1.0598288091617953;0.0;0.2486386163064933;;0.1886784938117707;4.806910414378862e-06;11.160193128126593;0.065;0.29363770154046137;0.79775
4.658115426138478;20.451388888888896;0.8045112416733947;1.3180153199371962;0.8655675826763748;0.3849257983354431;0.9151073733620331;;0.1398380478242291;4.806910414378862e-06;13.689157775372083;0.01625;0.16938834547346526;0.798
5.284774798186238;0.04767125808413784;0.9534245666889138;1.0404556950934487;0.8988452434699226;0.0;0.3997549196635807;;0.331697589512407;4.806910414378862e-06;13.67764523526623;0.03666666666666667;0.35360994391673956;0.80825
4.614589962800588;78.12530393036333;0.6034672976019235;0.9997219056019597;0.6950127942900803;4.661678184713214e-12;0.27184870262622934;;0.1593009672272237;4.806910414378862e-06;22.733701784958296;0.037083333333333336;0.28980675045653237;0.7995
5.833017540016616;0.050827396265892;0.7321507889810099;1.0096755174613654;0.9574134519586798;0.8112431747643112;0.29484422527448007;;0.3262801270305459;4.806910414378862e-06;34.27746838474503;0.06541666666666666;0.15275872392770745;0.81
6.3865647448679725;0.5637050110534131;0.639196275675834;1.044804470223423;0.6098516144462706;0.0;0.5944479373208491;;0.2079040148918078;4.806910414378862e-06;4.012393812044977;0.012916666666666667;0.19537538557158105;0.79425
6.530835565764991;236.83979837828088;0.7039392077471169;1.3914003674160171;1.3147521876776187;0.0;0.8356058780540526;;0.1977479063848488;4.806910414378862e-06;12.614104820453328;0.004166666666666667;0.18588185014359473;0.80025
5.39949092462472;0.0;2.9999999999985785;1.265121821895481;2.639999995959459;0.0;0.804056535061349;;0.05664848591880367;4.806910414378862e-06;9.447351939938988;0.004166666666666667;0.21890434937855976;0.808
6.2388245367553035;573.045831484235;0.6857011956875952;1.0085121665087278;1.0068403125863208;0.034793321781248686;0.14223655716501915;;0.13983804782422896;4.806910414378862e-06;23.025732999926507;0.005833333333333334;0.18235331687267822;0.81275
6.242179796977327;0.0008299157982232193;1.8398650625848094;1.224155903482575;3.3423369256276354;0.9999999999581021;0.6225665872105262;;0.38924148831459804;4.806910414378862e-06;10.308685107496695;0.0004166666666666667;0.09648504106800002;0.7925
5.877304125148896;0.10689486269932102;1.0080503575027235;0.9683663929491788;1.1074759511295458;0.0;0.3125055475060884;;0.45278686529156287;4.806910414378862e-06;11.35626660497007;0.07041666666666667;0.26125557355245016;0.80625
4.67306804631335;3288.8888888891784;0.6103334558078516;0.9882924075746458;0.5532096805031154;1.33226762464356e-23;0.7240265898078924;;0.11205245113555046;4.806910414378862e-06;21.62774506018839;0.015416666666666667;0.1581453076195907;0.81425
5.423624423442957;0.02740452946463287;0.8757202390227122;1.0434962153630367;0.7625881936051805;0.0;0.4001117610939852;;0.3237479319255175;4.806910414378862e-06;13.651037260901468;0.03791666666666667;0.32070482382599325;0.80525
4.622251438465353;0.6342738897316682;0.6749001834696571;1.3643793485353592;0.8553548617175187;0.33163047822455494;0.2742882500506062;;0.18554948198758678;4.806910414378862e-06;16.71078224373715;0.04541666666666667;0.2997022096639708;0.80275
5.833017540016616;0.029633425198436272;0.7312265169225217;1.0096301579319682;0.9810417034527048;0.8116419221334065;0.29487677661969836;;0.2774733955328452;4.806910414378862e-06;34.27610084106993;0.07083333333333333;0.1542612701683652;0.80775
6.317001939509016;0.03749545899033915;0.9768837301453475;1.1091275713182802;0.9544859486881113;0.007534113545346915;0.5937997902464622;;0.243452200269211;4.806910414378862e-06;4.581319014613842;0.01125;0.2009092101752542;0.812
6.530835565764991;5.073183760675147;0.689565553998686;0.9887370432179786;0.8943476491041039;0.0;0.654143620126402;;0.1508765408411272;4.806910414378862e-06;18.332651944352467;0.008333333333333333;0.19633940536527975;0.808
5.39949092462472;;0.5;1.2290278438033766;0.6308080810323637;0.0;0.80395155336613;;0.02832424295940983;4.806910414378862e-06;9.436274628599122;0.00625;0.2216686101741129;0.79925
6.2388245367553035;1306.1292316550396;0.744830117655863;1.009144216118115;1.2331982601312013;0.030641876066126703;0.14315921374695767;;0.11557687720607683;4.806910414378862e-06;23.036695489761854;0.004166666666666667;0.18007683293493135;0.81425
6.262799704568925;0.01186773555713549;0.8049986798029672;1.0615923854807459;0.8567242310437052;0.0;0.44243066592215;;0.3592306510546547;4.806910414378862e-06;15.926367379913481;0.0004166666666666667;0.0957240938966438;0.7955
5.877304125148896;0.09642637801257535;1.112897502821463;0.9629389764050031;1.0725480921373007;0.0;0.3254966220517474;;0.41517398729086674;4.806910414378862e-06;12.015503895603999;0.05541666666666667;0.31205143647588823;0.798
4.67306804631335;3288.8888888891784;0.6103334558078516;0.9882924075746458;0.738222814960441;1.33226762464356e-23;0.7240265898078924;;0.11205245113555046;4.806910414378862e-06;21.62774506018839;0.01375;0.15734606710528357;0.7985
5.541854141108079;0.12143129489503923;0.68689083041605;1.0233714517756485;0.6820800824745227;0.0;0.3972043240130123;;0.28021812651439865;4.806910414378862e-06;13.182541437073535;0.04875;0.2980115556623008;0.79825
4.622251438465353;8.751508247575286;0.9161319415268878;1.0460145867391808;0.9884748658478834;0.0;0.4480237201161772;;0.2241913026241272;4.806910414378862e-06;13.449377310749867;0.010833333333333334;0.29224863493422815;0.80175
5.714787822351495;0.06757662593837131;0.6240835388116809;1.01411326825861;0.8336785346226778;0.38044769212189106;0.4931577315666661;;0.24635355619954596;4.806910414378862e-06;24.403531278632464;0.056666666666666664;0.15190129483807882;0.8145
5.7756442081015145;0.0019941929332891748;0.8270237288762577;0.9994106056352425;2.494376113384198;0.9999999999590646;0.20519783413417872;;0.3533157234867806;4.806910414378862e-06;22.305982236501347;0.06041666666666667;0.20852813411513016;0.8065
6.530835565764991;10.22222222221543;0.6841679505225794;0.9887370432179786;0.9669223596415899;0.0;0.6537679366663236;;0.15087654084112706;4.806910414378862e-06;18.29737256188919;0.012083333333333333;0.20116636819922915;0.80375
5.39949092462472;;0.5;1.2290278438033766;0.5780663783227015;0.0;0.80395155336613;;0.02832424295940983;4.806910414378862e-06;9.436274628599122;0.00625;0.2213003114110331;0.8125
6.2388245367553035;273.4722222221963;0.6955893430155838;0.9913276417513399;1.1378321748897415;8.39748526395791e-11;0.24466812390740192;;0.10110774385550003;4.806910414378862e-06;14.355305330880507;0.0175;0.1833790901983467;0.8005
6.1316115549769705;0.0426391075512701;0.8499816065704078;1.1463616807085277;1.1766095003295867;0.9999999999881072;0.2130930944808344;;0.279596077958789;4.806910414378862e-06;23.81942448766616;0.005;0.09420986952393288;0.81125
5.35180269965341;8.891941923613182;0.6327238799825362;1.8821045761363109;0.7805357628542766;0.0;0.26584493839909396;;0.22459840618567056;4.806910414378862e-06;11.879518012097396;0.04875;0.2858192180020185;0.808
4.658115426138478;19.587191358025226;0.7280852086738042;1.2353991940981532;0.7913576111663188;0.39697731083077875;0.9151770074914446;;0.12555796574641442;4.806910414378862e-06;13.69569231428083;0.014583333333333334;0.16257436717572413;0.81075
5.541854141108079;0.0466537755290115;0.6535322616574625;1.2798422374719363;0.7463619204850973;0.6999897335947427;0.5920332737810451;;0.30824044571154374;4.806910414378862e-06;5.212602842453807;0.02625;0.2803568372684793;0.80425
4.622251438465353;8.686849748186985;0.9338601222833572;1.042727373800429;1.0041527242918962;0.0;0.44804417105183797;;0.20356043338734653;4.806910414378862e-06;13.445054982095492;0.007916666666666667;0.2910352989613256;0.80175
6.256145553758996;0.07409184802561239;0.6356441538500394;1.013432729907763;0.847740024108355;0.380961111814708;0.49320209638106294;;0.2908471569806449;4.806910414378862e-06;24.40671324384324;0.05708333333333333;0.15363010375530411;0.80275
5.7833056837662795;48.562372619500586;0.7617887593905687;1.0181173452651504;0.7089841324482641;0.765608767489121;0.21154153612307022;;0.23972339837500162;4.806910414378862e-06;11.797382896117291;0.07041666666666667;0.21451911957100356;0.81
6.530835565764991;92.53472222222068;0.6444462227741886;0.9887370432179783;0.6406542210672442;0.0;0.6535041024692552;;0.1488895818360492;4.806910414378862e-06;18.28424712302481;0.0125;0.1930498671157674;0.806
5.39949092462472;;0.5;1.2290278438033766;0.707936508163316;0.0;0.80395155336613;;0.02832424295940983;4.806910414378862e-06;9.436274628599122;0.00625;0.22128227707660744;0.80625
6.2388245367553035;1336.805555555139;0.7246514456725714;0.9913276417513398;0.8997342117832894;0.0;0.24575787433520102;;0.09660177923693758;4.806910414378862e-06;14.391132997475406;0.009583333333333333;0.17804270686498339;0.80425
6.249841272642092;0.024109284388540878;0.7037666865869076;1.1146388234180322;0.9246598830178999;0.9999999999967895;0.28350943677738044;;0.2770114247402675;4.806910414378862e-06;15.566284145604905;0.005416666666666667;0.09653218105331388;0.8075
5.35180269965341;0.2802999770656891;0.7836430274911704;1.3535297589899478;0.8778452141444801;0.055636574463403;0.3355657346779743;;0.17894642228385738;4.806910414378862e-06;18.305250540391533;0.043333333333333335;0.2683931782631961;0.8
4.796965051395196;6.145083077246288;1.0357535788355814;1.1942617162648226;1.0673483237423516;0.38046750168947613;0.915269902060358;;0.14062758071763629;4.806910414378862e-06;13.708368115443342;0.00875;0.1584235231466366;0.7945
5.268442496790822;1383.4722222209614;0.6453498728556675;1.531250975809251;0.9053208520730934;1.0;0.789040288729266;;0.19000100462452604;4.806910414378862e-06;8.765842692476623;0.014583333333333334;0.24618375403136653;0.791
4.761101063722071;0.045247701020039444;1.259245526284468;0.9899772031091747;1.3906771381158098;0.038704363064376766;0.629714875503497;;0.2100003676832269;4.806910414378862e-06;16.048949845482145;0.0075;0.2783418585024195;0.8015
6.256145553758996;0.07603484862840369;0.7132430462321685;1.054984683471153;0.7344355863300196;0.8114068850416609;0.30201808126022306;;0.3262801270305459;4.806910414378862e-06;34.454124772909196;0.06458333333333334;0.15963764969494906;0.8055
5.7833056837662795;91.98128638715038;0.714699513559586;1.0181173452651502;0.8099297029474064;0.7599630683870395;0.21099014883053172;;0.24228654896265317;4.806910414378862e-06;11.757846551404205;0.07791666666666666;0.21893644152085587;0.80625
6.530835565764991;109.01688888890106;0.7191851654846352;0.9887370432179786;0.7466571774400994;0.0;0.6528657753020023;;0.18393745477469972;4.806910414378862e-06;18.232888544908267;0.0225;0.19321544480857283;0.81075
5.39949092462472;1563.5235575714114;0.9583333333333699;1.391836580631651;1.1321114878316403;0.9999999999;0.8078402062775824;;0.09393896824415626;4.806910414378862e-06;9.946183168604993;0.004166666666666667;0.22334235168366454;0.81375
6.2388245367553035;220.13888888878625;1.1723713655901171;1.0033022589984264;1.3199067174450982;0.05131670184838308;0.24700734171727615;;0.10066859734279415;4.806910414378862e-06;14.433843294102115;0.008333333333333333;0.17248128311352098;0.7995
6.249841272642092;0.014612466428562773;0.7364389364283942;1.1964456225077704;0.9939460919948659;0.9999999999842377;0.18439476967044274;;0.2770114247402675;4.806910414378862e-06;23.65013648007914;0.004583333333333333;0.10339661790163132;0.7975
5.35180269965341;32.42373708742363;0.5846900292121171;1.8928069190308736;0.7248944318530373;0.0;0.2658344970073837;;0.1476450005270858;4.806910414378862e-06;11.898308283475428;0.042916666666666665;0.2853946235265006;0.80325
4.67306804631335;3281.25000000081;0.6621760343437484;0.9882924075746458;0.5367532449043837;6.661338127870464e-24;0.7240549616828499;;0.10110774385550014;4.806910414378862e-06;21.629497124579377;0.01125;0.15651033425669603;0.79625
5.131850958016054;0.22222222222222224;1.0261047336639908;1.5951552578702146;5.191322919247072;0.899999999926644;0.790550278156139;;0.09393896824415626;4.806910414378862e-06;8.33381417341838;0.01625;0.24433566837186552;0.80475
5.05319766866904;0.002769851210939818;0.9953948919233957;0.9988061108145116;2.0651895608803343;0.024419527613084323;1.0107891749261269;;0.24345220026921113;4.806910414378862e-06;19.3723030977932;0.0008333333333333334;0.2894413281885665;0.8135
5.068736485784083;0.06580445602825859;0.7040845816777245;1.0970496931035243;0.7261037759679507;0.8112431747648984;0.3072974178509827;;0.28732561053645844;4.806910414378862e-06;34.587721287578276;0.0575;0.15689695699221226;0.80275
5.7833056837662795;34.76951618938412;0.6866228623751429;1.0181173452651504;0.8075561605844245;0.742953320812876;0.21009577156949588;;0.2501036526173615;4.806910414378862e-06;11.702754478142438;0.08125;0.22567853497760215;0.813
6.4610038730184165;33.49046533148702;0.8286613834574132;0.9887370432179784;0.980909918971193;0.0;0.6522567102140631;;0.2395499603163206;4.806910414378862e-06;18.18413474780291;0.014583333333333334;0.1933588294891198;0.80775
5.433205805867228;0.05387895866629678;0.6469965712912781;1.0019989187246714;0.943080870813156;0.7697371897509573;1.018807139409136;;0.22989317497945294;4.806910414378862e-06;22.696347603307856;0.06041666666666667;0.20441851100468078;0.80425
6.2388245367553035;2847.222222221609;0.6948241229754574;0.9913276417513398;0.7741926631820499;2.2949526698661638e-11;0.2463246837429528;;0.09660177923693714;4.806910414378862e-06;14.410054401532808;0.009583333333333333;0.17579581671108183;0.8015
6.249841272642092;0.1350262402060318;0.5880521688209572;1.0868822221793746;1.0777950164701475;0.9999999999960957;0.26666159556315944;;0.30686099924939786;4.806910414378862e-06;14.728310151199612;0.01375;0.10748331011557577;0.80875
5.335946393741395;0.7210940347305336;0.7508401432221614;0.9686025029517186;0.7794362051733755;0.0;0.32746385521107774;;0.18554948198759164;4.806910414378862e-06;12.230681475705081;0.051666666666666666;0.26531059195576545;0.8
4.67306804631335;736.8055555555278;1.0093055954175072;0.991003461347146;1.165394339179193;1.3322676268640328e-14;0.7240036017372764;;0.13983804782422918;4.806910414378862e-06;21.62645525542314;0.012916666666666667;0.15914818417803736;0.79625
5.131850958016054;;0.6666666666666667;1.3677897510152386;0.8571428573809525;0.0;0.7920602364857238;;0.02832424295940987;4.806910414378862e-06;8.316544910291315;0.018333333333333333;0.24176837771224577;0.80275
5.032593521389001;0.004836161297614327;1.5947636937299225;1.1512521876215782;2.936510535597211;0.7373871342583165;0.6377708363704965;;0.3181175272341313;4.806910414378862e-06;17.001060331826455;0.015833333333333335;0.2830621351295004;0.80375
5.068736485784083;0.046960877494958024;0.6894438710115487;1.1229070236315262;0.8572740654140862;0.8112431747649036;0.3215564830508102;;0.30042020436188227;4.806910414378862e-06;34.93807684843565;0.04666666666666667;0.15403735230738166;0.799
5.665075966101158;2.7002208383380086;0.7457099194248694;1.0181173452651504;0.9545422213392719;0.6985835134436716;0.21451563652328096;;0.2264423277339106;4.806910414378862e-06;11.666597767625884;0.07833333333333334;0.23025489263072832;0.81625
6.4610038730184165;0.1526765893429727;1.592279044175411;0.9887370432179784;1.809781740581229;0.0;0.6509654307881767;;0.34150910831969983;4.806910414378862e-06;18.087803533764568;0.02125;0.18860872766091585;0.80575
5.433205805867228;1400.7464738302594;0.6626313219011443;1.026786528888707;0.7303061343885393;0.0;0.8325545053642287;;0.28988029857066766;4.806910414378862e-06;20.406118138762714;0.05708333333333333;0.21166414372499767;0.79375
6.2388245367553035;1047.222222221798;0.7890016487386917;0.9913276417513398;0.9608905601614192;0.0;0.24526003279596434;;0.0981162193217833;4.806910414378862e-06;14.375011496564717;0.01125;0.17940739482093393;0.8005
6.0874152683292735;0.0034083628774124568;0.6671815548810514;1.1619901878524082;1.3223787594181287;1.0;0.43468754920776853;;0.39825343607378855;4.806910414378862e-06;9.332116993542236;0.017916666666666668;0.10956961875886181;0.7975
5.356550541021434;0.1894965426502017;0.6772777986048022;0.9600547745037303;2.1345399023716323;0.6555614642913465;1.0159806556510278;;0.308567713419339;4.806910414378862e-06;12.186281350578835;0.034583333333333334;0.23715592251517217;0.803
4.81191767157007;0.07363897322312704;1.344073910081013;1.0130774620958234;1.2955751775773146;0.03948938309228468;0.5375730520504699;;0.1406275807176361;4.806910414378862e-06;30.79276040290328;0.014583333333333334;0.14948656401907146;0.8135
5.131850958016054;0.0;0.6861694237157424;1.0234353310187714;6.116987248965664;0.8999999999162273;0.7940454455361035;;0.09393896824415626;4.806910414378862e-06;8.429009431836587;0.021666666666666667;0.23869942416342108;0.81125
5.032593521389001;0.017130544800869705;1.0852156036363816;3.504547432337091;1.1743745911797552;0.0;0.8291595747801406;;0.23743403426908705;4.806910414378862e-06;11.498991324028069;0.0004166666666666667;0.2811653564156995;0.79625
5.235036209373646;0.02489968062151589;0.8408181594543538;1.148986559076073;0.9108359620421377;0.811475975021354;0.33020316254050497;;0.2501036526173614;4.806910414378862e-06;35.1451476219292;0.04375;0.1559583401061403;0.818
5.665075966101158;1.2710803136613833;0.7632638441594941;1.0181173452651504;0.9742130100020188;0.6982247504744438;0.21427158954156372;;0.24573684034367463;4.806910414378862e-06;11.655397804970939;0.08041666666666666;0.23312294634136368;0.81225
6.325567247961395;0.005087244257546932;1.7588644414152248;0.9982711189055715;6.9032742953060895;0.8811356721458509;0.4806824576334747;;0.4525415867766129;4.806910414378862e-06;19.155338932871746;0.02;0.18080942475760062;0.8075
5.433205805867228;15.0384053282679;0.6576831028862248;1.0263051981899243;0.7253993246813046;0.0;0.8324312427280983;;0.26531513513672683;4.806910414378862e-06;20.38967899072941;0.022083333333333333;0.21019610334687203;0.79675
6.2388245367553035;1388.8888888881845;0.7396940937679547;0.9913276417513396;0.8334134020993453;2.5658350887149552e-11;0.2458279900873511;;0.09660177923693714;4.806910414378862e-06;14.393954092968249;0.009583333333333333;0.17708423725185277;0.8125
6.205644985994395;0.05477324013226079;0.6237127042293491;1.054118055219258;1.1368622880921793;0.9999999999955783;0.2579703042638485;;0.44144602370483116;4.806910414378862e-06;14.279858290145674;0.01625;0.11442096762415586;0.805
5.474796018998113;0.04305182406924801;0.9752442953926719;0.9863058819613973;1.9252806909038376;0.4921116952817055;0.6440488239998234;;0.24687582293691793;4.806910414378862e-06;17.493386229363917;0.03333333333333333;0.24533355457472056;0.8075
4.81191767157007;3.1116452991455437;1.7234507001969919;0.9902200795032037;1.511734949618901;0.0;0.724222272770233;;0.15489903008180428;4.806910414378862e-06;21.641125288600968;0.01;0.15152882533440223;0.79875
5.131850958016054;0.0;0.6861694237157424;1.0234353310187714;5.26415604080472;0.8999999999162273;0.7940454455361035;;0.09393896824415626;4.806910414378862e-06;8.429009431836587;0.021666666666666667;0.238746864441657;0.79975
5.034512708039328;17.397714270419662;0.800153940300016;0.9756913221071144;0.973566738092501;0.1383595631105012;0.6237315034975358;;0.2503800104857412;4.806910414378862e-06;15.237332377818513;0.034583333333333334;0.27275097963473954;0.797
5.2183473135158955;0.06055225174196214;0.8213027708226374;0.9822375665772627;0.720804011695326;0.0;0.7043593208941151;;0.20418953501445752;4.806910414378862e-06;16.329741696278933;0.0275;0.14654353140634416;0.8005
5.665075966101158;0.0011025952349770318;1.0135854978337282;1.2235564637013745;1.0305496563539223;0.9999999999999999;0.4035280067461409;;0.35419345112536044;4.806910414378862e-06;2.9416930951564937;0.10875;0.2603777952018645;0.80275
6.325567247961395;0.029885474251898997;0.7594346685025124;0.9951480841117297;4.181521975878622;0.9011466390347352;0.45916575399927884;;0.5101294540404154;4.806910414378862e-06;18.084003247503517;0.045;0.1863535579320747;0.8015
5.39949092462472;5.093783340954238;0.9624845474214111;2.906371324069098;1.9482546068699365;1.0;0.812091263585416;;0.11329697183760729;4.806910414378862e-06;10.517635692959393;0.0008333333333333334;0.22900659498013654;0.80275
14.160830721529521;13.985339506171215;1.4802601739017132;0.9913276417513398;1.4242697905391368;2.3314683480260456e-14;0.24523666372161734;;1.180052577682197;4.806910414378862e-06;14.374235776433643;0.012916666666666667;0.15617878994029938;0.24075
6.226264893585992;0.0027415502620415505;0.8589187608757328;1.1722032214715985;1.6284434715870202;1.0;0.4366620952011048;;0.6433797565840553;4.806910414378862e-06;8.936710308765974;0.029583333333333333;0.11536712240720767;0.79175
5.490652324910128;1.5307158437438213;0.7190583275858865;1.354554706766993;0.9382914274939764;0.02275370784127272;0.3367628001511552;;0.20989464770817876;4.806910414378862e-06;18.384802655388025;0.0275;0.25675048845937787;0.80025
4.753439588057308;0.0;2.0;1.032066691315412;1.6666666649999997;0.9999999989999999;0.8111192597291138;;0.028324242959393765;4.806910414378862e-06;10.527404436328446;0.01375;0.2212968102711811;0.8065
5.131850958016054;0.0;0.5999999999999773;0.9822968391816811;1.2999999981247867;0.0;0.7965023517587214;;0.02832424295940987;4.806910414378862e-06;8.66615837314103;0.027916666666666666;0.2358496527113041;0.80775
4.895663082782609;0.10857667505169026;0.7252414818979118;1.3234796608420119;1.1550613680509632;0.34794969327921366;0.2749116722318667;;0.2241913026241272;4.806910414378862e-06;16.713066725229822;0.035;0.2794806656509735;0.802
5.2183473135158955;0.06055225174196214;0.8213027708226374;0.9822375665772627;0.6859045131572418;0.0;0.7043593208941151;;0.20418953501445752;4.806910414378862e-06;16.329741696278933;0.027916666666666666;0.14593758649552097;0.81175
5.019024629533746;1.2924821306724184e-05;3.478896775348656;1.1948491458206925;2.380022073479101;0.7136804598354385;0.607755597785443;;0.4318807067723639;4.806910414378862e-06;9.736339044636667;0.11791666666666667;0.28723331757555876;0.81
6.325567247961395;0.014541630095241254;0.6439135200872692;0.9951480841117298;1.122414399549908;0.9256020474014084;0.44050499297369805;;0.46422802770326255;4.806910414378862e-06;17.190577407775297;0.04083333333333333;0.1878313026407875;0.804
5.39949092462472;156.2500000002131;4.499999999998579;1.1582560467511247;2.9161347294301794;0.4999999987501421;0.8037561007139821;;0.05664848591880356;4.806910414378862e-06;9.417267079407507;0.00875;0.22733363253571148;0.807
6.2388245367553035;3055.5555555548926;0.7169469023780493;0.9913276417513396;0.8830555202609826;3.628638780521529e-11;0.2469059825374528;;0.09660177923693758;4.806910414378862e-06;14.429644027461128;0.007083333333333333;0.17388460375532447;0.79625
5.941400902813081;3.258588073133764e-07;1.97017020680725;1.3435742262607435;6.3725087114971934;0.9999999999492509;0.4217695593238595;;0.9690059657125704;4.806910414378862e-06;18.47170826480927;0.030833333333333334;0.1336355453032604;0.79525
5.35180269965341;12.399436766522953;0.6223596834546583;1.9113845419315498;0.8836000822923538;0.0;0.26626813891767775;;0.1799746744596667;4.806910414378862e-06;11.951410989931608;0.028333333333333332;0.2777754510703619;0.8025
4.753439588057308;0.0;2.0;1.032066691315412;1.799999998;0.9999999989999999;0.8111192597291138;;0.028324242959393765;4.806910414378862e-06;10.527404436328446;0.01375;0.22046507302267968;0.80325
5.131850958016054;0.0;0.7999999999999319;0.9848931105070949;1.024489795781066;0.0;0.7964942763826517;;0.028324242959409867;4.806910414378862e-06;8.677160891538012;0.02666666666666667;0.23420867073813476;0.80375
4.895663082782609;0.4276260991022198;1.1174983777875798;0.9756913221071148;1.2721661124789891;0.058955486213095;0.6235000276229438;;0.2601731800090262;4.806910414378862e-06;15.173984474798683;0.02666666666666667;0.30422743202085184;0.81775
5.2183473135158955;0.16528346252252832;0.8220276117075422;0.9829827072509258;0.9480746641682584;0.0;0.7089764408130965;;0.2166896571158123;4.806910414378862e-06;16.862462790683654;0.022083333333333333;0.14699896301975676;0.79575
5.204009313753021;0.032556247269805834;0.9846524186981062;1.2170405291217776;1.7555341219849605;0.9999999999703258;0.8089772043066035;;0.3683689706578;4.806910414378862e-06;19.720588557662452;0.1025;0.30686296228672755;0.79625
6.325567247961395;0.03600096411869119;0.6488318690378029;0.9951480841117298;1.129848828691659;0.926189825301728;0.44013976341826644;;0.4667236498243273;4.806910414378862e-06;17.15608866361663;0.035;0.1846690552649941;0.79325
5.39949092462472;272.40628761810245;0.8928571428571166;2.4297598160176905;1.6988540587946703;1.0;0.8118226176094749;;0.12666844282530276;4.806910414378862e-06;10.496338463370774;0.00125;0.23253631926809806;0.80125
6.2388245367553035;347.22222222220665;1.1100385274329687;1.0028985103530315;1.2695843040316492;0.015642727585212072;0.24750166862652492;;0.10066859734279415;4.806910414378862e-06;14.449899157549655;0.007083333333333333;0.17174400302430898;0.80275
6.123556932314659;2.4560662558850657e-05;1.5227233851650834;1.2973919993247984;2.918491329056673;0.9999999999751747;0.2703589425059639;;0.8669428661167055;4.806910414378862e-06;18.485564317366332;0.04;0.14158728921076058;0.79925
5.35180269965341;0.0018976597244580423;0.8438520662931908;1.1549340081942894;1.0548463186420656;0.9999999999784428;0.4809810305007225;;0.23403152678117475;4.806910414378862e-06;26.93468359349444;0.04958333333333333;0.25349335430822795;0.80175
4.753439588057308;;0.0;1.0575498194897526;1.0;0.0;0.811116136459549;;0.0;4.806910414378862e-06;10.537412602498884;0.012916666666666667;0.21986574130730088;0.806
5.131850958016054;0.0;0.7999999999999319;0.9848931105070949;1.0214285713084326;0.0;0.7964942763826517;;0.028324242959409867;4.806910414378862e-06;8.677160891538012;0.02666666666666667;0.23489795767027022;0.7995
4.914348043412321;0.01883862903417965;0.8024367045999087;1.008796908236885;1.1827251315001037;0.9999999999569397;0.8138209811788524;;0.300346313275673;4.806910414378862e-06;22.49756021884002;0.01625;0.3069529945280843;0.795
5.2183473135158955;21.646105337562464;0.8548738345039862;0.9822375665772627;1.0001728518802915;0.0;0.7044244233167422;;0.2187214523720596;4.806910414378862e-06;16.343954199250273;0.024583333333333332;0.14872327194628032;0.80475
5.204009313753021;0.0745334975777988;1.081081755367698;1.197998897497898;6.108176156003854;0.7349416002362669;0.8132817322597008;;0.35139227499979264;4.806910414378862e-06;20.037164016590033;0.09;0.29129088645851337;0.8065
6.634415812561185;3.499111939306259;0.6271237515456136;0.9922391881291093;0.8911170952074172;0.9268292682944443;0.4109910984449151;;0.4115940040511468;4.806910414378862e-06;15.976588441650328;0.07416666666666667;0.2059162056068979;0.811
5.39949092462472;217.53472222237676;0.7931034482758682;2.3857481465258092;1.833877899332514;1.0;0.8117426549647989;;0.12666844282530276;4.806910414378862e-06;10.491136322005888;0.0016666666666666668;0.2320396663740382;0.80825
6.2388245367553035;0.9016059864266427;1.848792084232344;0.9909936056547979;5.310367940543055;0.8443002109639243;0.4219435240316247;;0.11557687720607673;4.806910414378862e-06;9.114621516518339;0.0175;0.17807351191997267;0.8035
6.176499486152242;3.330242421296879e-07;7.03968513509761;1.3949989372598113;8.240123900899231;0.9999999999561733;1.0071182835717456;;0.5237752869000101;4.806910414378862e-06;15.245864668330674;0.03916666666666667;0.12730796188859747;0.7995
5.474796018998113;45.37149382146709;0.7243577065544743;0.9948264485474061;0.7492097659775535;0.7109952743750252;0.47042210571442905;;0.22588773751835747;4.806910414378862e-06;18.91678055127249;0.04125;0.30030897728877165;0.79625
4.753439588057308;;0.0;1.0575498194897526;1.0;0.0;0.811116136459549;;0.0;4.806910414378862e-06;10.537412602498884;0.012916666666666667;0.21980732850542534;0.808
5.131850958016054;8888.888888885856;0.7142857142857839;0.9882503690118536;0.9632936506894683;2.4999999937501424e-10;0.7964910957643432;;0.05664848591880363;4.806910414378862e-06;8.689300393409773;0.025833333333333333;0.23281555479685334;0.7995
4.914348043412321;0.03906536163893465;0.6379104125273665;0.9964197050744404;1.085537931021926;0.8621155434446459;0.8093583749776375;;0.365476956834292;4.806910414378862e-06;21.955325672587374;0.08541666666666667;0.3352601025286704;0.80525
5.759705044923397;0.47410152635249303;0.6891324795551618;0.9829896249500119;0.8869241192964105;4.710911071911522e-11;0.7090214919899986;;0.1924621465359006;4.806910414378862e-06;16.860961608615057;0.02125;0.1501587839064975;0.80925
5.204009313753021;0.0001872543800675973;1.478887041614987;1.0048383788511435;2.7290405318899196;0.35205402336523683;1.006451598424205;;0.373194066001923;4.806910414378862e-06;18.779736070119032;0.125;0.2900974565335082;0.81125
6.634415812561185;0.49684904684716563;0.6235321578930232;0.9922391881291093;0.8446052025908939;0.9293586239450629;0.40983475135815206;;0.46672364982432046;4.806910414378862e-06;15.922476849374217;0.06416666666666666;0.21928896366470435;0.8065
5.286987735662477;0.00610861552572962;0.7515583621009415;0.9576489687255414;1.275648717145359;0.7785433175545393;1.0037833953935744;;0.3603681615433484;4.806910414378862e-06;9.97210453644578;0.17375;0.3729594275840402;0.82025
6.2388245367553035;1.9780613612061828;1.694814705344749;0.9935417183510525;5.064523945152564;0.8361536156966671;0.42190267782937324;;0.11557687720607701;4.806910414378862e-06;9.11016574546957;0.017083333333333332;0.17944150221415636;0.804
6.018964900265811;9.158015624596328e-05;0.8241734351442409;2.301064325288779;1.2279119637177323;0.0;0.6596467623241244;;0.49852503304107826;4.806910414378862e-06;15.279063369335551;0.027083333333333334;0.12509385194779873;0.805
5.526427061898778;0.000535053704274994;1.2400005794554787;1.0524671844916424;1.3231590846259111;0.0;0.2278488932728763;;0.3373485274735714;4.806910414378862e-06;45.37685424715113;0.0020833333333333333;0.13935093675105675;0.79525
4.753439588057308;;0.0;1.0575498194897526;1.0;0.0;0.811116136459549;;0.0;4.806910414378862e-06;10.537412602498884;0.012916666666666667;0.22083229070850108;0.79475
5.131850958016054;6180.55555555937;0.9999999999998377;0.9952894984460607;1.26507936473244;0.4999999987498579;0.7964928099624341;;0.05664848591880363;4.806910414378862e-06;8.702572120711531;0.025;0.23182553269798337;0.79825
4.914348043412321;0.008163301547880445;0.940562168035381;0.9819939238322247;1.7233993920528297;0.0838661069117733;1.0034061580383822;;0.27188502647863233;4.806910414378862e-06;18.331499669196646;0.07708333333333334;0.32008499829444637;0.78775
5.759705044923397;2.5510727456601194;0.7181237329258133;0.9872059110223557;0.9581395547244917;0.37447092765814755;0.7141460044137607;;0.2166896571158123;4.806910414378862e-06;17.421228827703022;0.015416666666666667;0.1495669605690003;0.80025
5.204009313753021;0.07269581478269983;0.8771726882641132;1.180811119803472;1.6071549027940617;0.9999999999675068;0.8088968657790734;;0.3149582291906101;4.806910414378862e-06;19.69160162872596;0.13458333333333333;0.31801112761897826;0.8095
6.634415812561185;2.7239292068003014;0.6261789042206707;0.9922391881291093;0.8680186037645923;0.9269161694316291;0.4094992919876514;;0.46422802770326255;4.806910414378862e-06;15.889011789284378;0.07083333333333333;0.21448635904330024;0.80775
5.019347769053812;0.16604940167681906;0.7455174754978312;0.9819939238322251;0.7770485220707778;0.056700039856974714;0.9952528399711589;;0.3112296713257738;4.806910414378862e-06;17.136183545025364;0.23291666666666666;0.34933955020385987;0.8095
6.374261161812325;5624.99999999905;0.8467271711584861;0.9806892839125835;0.8581199090128339;7.465124882336542e-11;0.4154077803322234;;0.1006685973427947;4.806910414378862e-06;8.034865594109622;0.028333333333333332;0.2013635286491963;0.81325
6.017045713615484;0.0003427327684558407;0.9475843615919699;1.336336066191088;2.3048176876169473;0.9999999999719107;0.6333109779003111;;0.5087027104760007;4.806910414378862e-06;20.19722938618842;0.04041666666666666;0.13290022636444743;0.81075
5.5125791933215655;0.12328501088988753;0.8220228997901976;1.0049297396589572;3.7710707375933006;0.750524153132309;1.108918712417411;;0.32003836156854387;4.806910414378862e-06;10.689807667467706;0.01375;0.17612567996400813;0.7985
4.753439588057308;;0.0;1.0575498194897526;1.0;0.0;0.811116136459549;;0.0;4.806910414378862e-06;10.537412602498884;0.012916666666666667;0.2196058973417619;0.81725
5.131850958016054;8888.888888885856;0.7142857142857839;0.9882503690118536;0.9673721339461939;2.4999999937501424e-10;0.7964910957643432;;0.05664848591880363;4.806910414378862e-06;8.689300393409773;0.025833333333333333;0.23325128732574374;0.80425
5.028326898462987;0.022621215785316316;1.0675035615740882;1.0517764717725346;1.1320906074424257;0.845336968073526;1.0131308784639792;;0.4911067454100756;4.806910414378862e-06;11.759434174601099;0.0004166666666666667;0.2462775425622899;0.802
5.759705044923397;2.667016094777375;0.6319039308166904;0.9872619151512916;0.8511786909775312;0.48272473837635804;0.7141850380346534;;0.22058135361769599;4.806910414378862e-06;17.430670565620552;0.016666666666666666;0.15272539083787223;0.808
5.037709590163459;0.006499804343339251;1.8363685269058792;1.0430458569513656;1.5574268998073773;0.32750673525978086;0.9852750766116222;;0.3615202561165019;4.806910414378862e-06;9.806898892593304;0.17958333333333334;0.33315047436540945;0.80075
6.771007351335953;1.1855256115517941e-05;3.334505615943236;1.1136575203327514;3.3521105212157623;0.9999999998939164;0.591572397572945;;0.33438249242425366;4.806910414378862e-06;14.3423048300165;0.08791666666666667;0.22291238805797847;0.795
5.019347769053812;0.2831532846656238;0.6861605533683355;0.9819939238322248;0.806345944256261;0.07177097363411206;0.9952469518931694;;0.32909303609317747;4.806910414378862e-06;17.17103278819135;0.215;0.34416318256699513;0.80275
6.374261161812325;0.0;0.5605331756169097;0.9796014712215323;0.5391994935653931;0.0;0.4151376741709975;;0.10066859734279458;4.806910414378862e-06;8.00962584714773;0.03208333333333333;0.20451131192524827;0.80225
6.045018305843556;0.00019002989847036268;1.3075109873230446;1.1335618932744491;1.7133749114766912;0.8599065732251702;1.0278996988693376;;0.5576663202755524;4.806910414378862e-06;14.132184508228837;0.034166666666666665;0.1301416353666288;0.79625
5.527531813496438;0.0042415164069277865;1.121262285812647;0.9977717568195601;6.990578243935491;0.9999999998953637;0.7194373956409165;;0.3510257212530722;4.806910414378862e-06;21.33858350177414;0.014583333333333334;0.16219072869817422;0.80325
4.753439588057308;;0.0;1.0575498194897526;1.0;0.0;0.811116136459549;;0.0;4.806910414378862e-06;10.537412602498884;0.012916666666666667;0.2200551053346801;0.80675
5.131850958016054;5624.999999995477;0.7777777777777988;1.003665191508495;1.0711111110005516;0.5000000000831912;0.796499418945321;;0.05664848591880363;4.806910414378862e-06;8.716970901950981;0.024583333333333332;0.23146748706041526;0.8
5.007722751182948;0.00011278059247330287;1.1621266747074708;0.9984618311339878;7.53094332975141;0.9484973797189576;0.456057209379143;;0.654476321074969;4.806910414378862e-06;18.227798578887956;0.00125;0.2239962429635502;0.7965
5.824588653250705;0.003813899330077688;0.7056920796906568;1.009626994362165;1.0650799959619581;0.9999999999849861;0.542512773491139;;0.22597106403582792;4.806910414378862e-06;27.060658045716348;0.02;0.15340558868296064;0.80725
5.456816810790238;0.00042410371317742006;1.5895248686282681;1.563341211409902;1.7629002883052924;0.8864076331329238;0.7982477352238131;;0.4344170512969436;4.806910414378862e-06;11.376135740725898;0.11583333333333333;0.27756348350847065;0.7995
6.771007351335953;0.15293844343598584;0.8936641172579886;1.180486225980335;1.0083111308459471;0.99999999998674;0.3945492784446762;;0.33426033043970377;4.806910414378862e-06;15.665144001752726;0.0775;0.22617825936407435;0.8035
5.019347769053812;0.018760981818538396;0.7790565773471124;0.9711334390015255;1.510431535390423;8.231333700390582e-11;0.7968300964145827;;0.3032519126100021;4.806910414378862e-06;20.289279088654663;0.20625;0.3362126218186606;0.809
6.374261161812325;0.0;0.5605331756169097;0.9796014712215323;0.4931194429219323;0.0;0.4151376741709975;;0.10066859734279458;4.806910414378862e-06;8.00962584714773;0.037083333333333336;0.2048930613171309;0.80125
6.069781508113809;0.00015013923645653866;0.9114967127207811;1.174200623730487;1.1226014019637875;2.9770482972151464e-11;0.5556526243609674;;0.7530071380892659;0.0013708017043195797;31.715043144408;0.017083333333333332;0.13308133966160932;0.80325
5.387577436642058;0.048567891216839104;1.0516973722997378;0.9545901383789911;1.4053694566840773;0.1923571208177629;0.34759577528288216;;0.32118917867925856;4.806910414378862e-06;35.422995198983315;0.008333333333333333;0.14245874583470888;0.798
4.753439588057308;;0.0;1.0575498194897526;1.0;0.0;0.811116136459549;;0.0;4.806910414378862e-06;10.537412602498884;0.012916666666666667;0.220031474957798;0.79975
5.131850958016054;185.1851851849817;1.1250000000000977;1.0132260169304665;1.361904761570179;0.6666666664304924;0.796510922591162;;0.0849727288782135;4.806910414378862e-06;8.732491162018695;0.024166666666666666;0.23106661077009338;0.80625
4.884729431838244;9.786637367564005e-06;4.285744091504738;1.8730950387271552;5.406102987355222;0.001711428518520782;0.1993052065856916;;0.44501730963123304;4.806910414378862e-06;9.104627676521105;0.02666666666666667;0.23116084963353167;0.7985
5.8078997573929545;0.2749165663681308;0.8183207711760905;0.9860117871794204;1.1997357172579812;0.2529840408729736;0.7258883373248612;;0.21178163189958088;4.806910414378862e-06;18.66208124425544;0.010416666666666666;0.14862413741391556;0.796
5.505011523259797;1.5971414223724694e-05;2.0314084168416033;1.103833789345101;1.8363520514637355;0.3704169318955953;0.6162282222715223;;0.4205346605465029;4.806910414378862e-06;18.767566651656804;0.12791666666666668;0.2584671171982526;0.80725
6.771007351335953;0.01094998217285881;1.1204890769185452;1.1570440344530257;1.2048745179443157;0.91905203171515;0.39319446851058987;;0.3003463132756669;4.806910414378862e-06;15.762821188400649;0.09916666666666667;0.22664557466391164;0.80225
5.000662808424099;0.004872016053398859;0.7078414070128329;0.9777197778175521;1.2347960956937512;0.9999999999516165;0.5984891128474014;;0.4012214089429984;4.806910414378862e-06;11.009220141731326;0.22583333333333333;0.3312535393451741;0.811
6.374261161812325;460.3998462125971;0.8865728720695548;0.9902543565333832;0.6662879583694656;6.661338134877822e-25;0.23315311730812407;;0.11589575844026434;4.806910414378862e-06;13.698633945205055;0.025416666666666667;0.2112949963491792;0.80275
6.003793148188838;0.00030162605772378337;1.082762128173251;1.2689385241497289;4.434622490089051;0.5461882939041238;1.301017857916228;;0.7484314302374903;4.806910414378862e-06;19.624390789708194;0.0020833333333333333;0.1299700622225469;0.79975
5.370888540784307;0.02921069124330783;0.7251406921682481;0.9939779165827003;1.1125204542140086;0.494564213608626;1.0985750219806618;;0.18554948198758692;4.806910414378862e-06;10.817628615698828;0.0025;0.12886490788131813;0.80725
4.753439588057308;;0.0;1.1085160758384052;0.6666666672222222;0.0;0.8111178197494096;;0.0;4.806910414378862e-06;10.5483593295155;0.010416666666666666;0.22153501165829334;0.80425
5.131850958016054;185.1851851849817;1.1250000000000977;1.0132260169304665;1.4342857138842147;0.6666666664304924;0.796510922591162;;0.0849727288782135;4.806910414378862e-06;8.732491162018695;0.024166666666666666;0.230666426283929;0.7985
5.263140801796991;0.002710249345565312;0.835847392998793;1.121634411522603;1.1483776800401047;0.44286205965907355;0.4389142390128914;;0.5148693344733947;4.806910414378862e-06;24.819153858137074;0.05375;0.2345326235108733;0.80075
5.759705044923397;0.43030086307287446;0.7064608002249972;0.9860117871794204;1.0873657441800229;0.3164729241117054;0.7198787082300018;;0.2020894502786695;4.806910414378862e-06;18.049580019135927;0.011666666666666667;0.14925443269698735;0.799
5.456816810790238;0.00018461891285372862;1.1596081429984;1.0008800136994884;2.6883227653784414;0.0;0.42412565555630066;;0.26308007232944425;4.806910414378862e-06;19.386905244453647;0.15;0.2755783530215984;0.80975
6.771007351335953;0.09117260910630237;1.1387972720822248;1.1569387710921373;1.0928885429997974;0.9139852875854783;0.3921745535943847;;0.24409828263670147;4.806910414378862e-06;15.72006433200817;0.11666666666666667;0.24327803633971298;0.80975
5.019347769053812;1.1637889348254031;0.7067933057910455;0.9737482643867169;0.9426777755418044;0.9999999992420572;0.7933300124438479;;0.3554566101094605;4.806910414378862e-06;19.63433313657842;0.23458333333333334;0.3370934582886019;0.8185
6.374261161812325;2313.368055553847;0.7426577275758969;0.9902543565333832;0.6221038874944083;4.188580946535754e-16;0.23261154234346793;;0.10500018384161555;4.806910414378862e-06;13.68096555583949;0.025416666666666667;0.2129216844515513;0.80475
6.018964900265811;0.00028067231705612597;2.3036990193707356;1.1807534430518456;2.1764768564568198;0.05286008935479733;0.3101184841703969;;0.5145750394690178;4.806910414378862e-06;25.22430979910925;0.017083333333333332;0.11262282963720843;0.803
5.370888540784307;0.41516972064366353;1.0954182111313775;0.9909218305111537;1.1090792608293247;0.0;0.9008644318961128;;0.22217379620161673;4.806910414378862e-06;9.181936825484502;0.007916666666666667;0.13276159001292054;0.817
4.753439588057308;;0.0;1.1085160758384052;1.0;0.0;0.8111178197494096;;0.0;4.806910414378862e-06;10.5483593295155;0.010416666666666666;0.21907462567056898;0.79075
5.405262602333311;0.013903625801028288;0.799215785543124;0.9860732350105004;1.3116097405832825;0.298086756545499;0.22530839343426096;;0.3897776161921345;4.806910414378862e-06;21.961848149335758;0.1075;0.2807188402746104;0.79775
5.263140801796991;3.027621475781504e-06;0.922624157350204;1.1400578692704744;1.2321193323173787;0.9999999999279281;0.2579085845774266;;0.5827021259169396;4.806910414378862e-06;15.73162439865079;0.07666666666666666;0.2577583585194797;0.8115
5.8078997573929545;0.12321568861492599;0.7895701062873604;0.9824395522055243;1.0409809781793111;3.413943709253178e-11;0.7326383828041126;;0.2020894502786695;4.806910414378862e-06;19.349382131406436;0.006666666666666667;0.1490341950706806;0.8065
5.183405166472982;26.75896908694851;0.7704798504578947;0.9877920414465278;0.6366564361686566;0.0;0.4100027252994052;;0.2020894502786694;4.806910414378862e-06;18.260565114533946;0.17833333333333334;0.30803605821922464;0.81
6.652777633670832;56.823459895948126;0.6988997179395058;1.036347198184005;0.8224942829370678;0.06765806809601213;0.5876728543843275;;0.19623243864356188;4.806910414378862e-06;14.568571682592037;0.08416666666666667;0.25390078080223577;0.80275
5.019347769053812;0.766698612514675;0.6921864646794725;0.9737482643867168;0.925134425961631;0.012661707270292233;0.7932738865944445;;0.3112296713257738;4.806910414378862e-06;19.628699198843748;0.24166666666666667;0.34215379929023393;0.81475
14.296267346586543;40.03424499050666;0.8858602536658919;0.977613675298555;1.1653348872261466;0.552786404054929;0.4141679955198123;;0.7620919931710595;4.806910414378862e-06;7.922952398219219;0.04625;0.1935030643724183;0.2345
6.037649860895523;0.0009003755667386771;0.7998240232087792;2.2140918963367757;1.475904776554632;0.9999999999999998;0.8475167894875771;;0.4661932503368827;4.806910414378862e-06;22.973682904821597;0.029166666666666667;0.12854842525859267;0.7965
5.387577436642058;0.00737527899155721;0.6833946117200644;1.0117298415042164;1.3056873685134005;0.0597953054855169;0.5125180333116647;;0.313030779109573;4.806910414378862e-06;25.261572127783197;0.014166666666666666;0.14387053577471937;0.80575
4.753439588057308;;0.0;1.1085160758384052;0.6666666672222222;0.0;0.8111178197494096;;0.0;4.806910414378862e-06;10.5483593295155;0.010416666666666666;0.21931233730773914;0.81125
5.266412977076591;0.002690248075127643;0.7542763463086142;0.9528958473429006;1.0642200333691427;1.0000000000000002;0.20923586025841984;;0.4929531299098662;4.806910414378862e-06;21.923837148939523;0.11583333333333333;0.34904792565386833;0.79525
5.263140801796991;3.027621475781504e-06;0.922624157350204;1.1400578692704744;1.164194051028822;0.9999999999279281;0.2579085845774266;;0.5827021259169396;4.806910414378862e-06;15.73162439865079;0.09125;0.2574860149903734;0.80375
5.8078997573929545;13.640205476944553;0.6523168709746928;0.989813869609154;0.6840807202156651;0.0;0.747153068590781;;0.26059631483421664;4.806910414378862e-06;20.741063470015003;0.00375;0.15107245385896503;0.79625
5.183405166472982;14.601471984802101;0.8737044959487078;0.987792041446528;0.7076745475900075;0.0;0.4102083018026141;;0.22008129828463582;4.806910414378862e-06;18.277322697582214;0.17166666666666666;0.30419936549828647;0.80325
6.652777633670832;1.9871804114967089;0.7990841814571541;1.0016201462355876;0.9097588732519635;0.0;0.5893588495822951;;0.21872145237205542;4.806910414378862e-06;15.148181432799447;0.10708333333333334;0.2497437807042974;0.804
5.019347769053812;0.047066089754175235;0.9934594435240544;0.9911112411071283;1.2523229850186537;0.9999999998723199;0.7923046310911959;;0.40120891382784385;4.806910414378862e-06;19.40859425277437;0.21666666666666667;0.33110651261299134;0.80725
6.374261161812325;104.69135802467402;0.8727906838841465;0.9780788530988327;1.5039891215220345;0.33333333320550357;0.4143827534939726;;0.10500018384161555;4.806910414378862e-06;7.94098416438216;0.03375;0.2149412119673637;0.8065
6.042120549556878;0.0063043762929256295;0.8393410428944307;1.0548335388359047;1.3352667215044358;0.8622448625026609;0.6743370997242516;;0.4628215541609434;4.806910414378862e-06;11.968741312446019;0.035416666666666666;0.1296296635415023;0.808
5.370888540784307;0.2260068551154739;1.19651479017673;0.9909218305111537;1.184671241202441;0.0;0.9008777448571784;;0.23420674336662003;4.806910414378862e-06;9.20084038918122;0.00625;0.12881172777798708;0.81475
4.753439588057308;;0.0;1.1085160758384052;1.0;0.0;0.8111178197494096;;0.0;4.806910414378862e-06;10.5483593295155;0.010416666666666666;0.2193992889441966;0.80525
5.9520237229236255;0.0034303312630015992;1.5358380610706857;1.0097516655570287;1.6210610724946477;0.9155077834763483;0.03142095753538668;;0.3739082273701423;4.806910414378862e-06;21.34605342029905;0.14041666666666666;0.387316960361434;0.802
5.263140801796991;0.008835617080464602;0.9441535688071161;1.1752847779642672;1.2258657186024067;0.49112028273246955;0.4339062978250049;;0.35997859190169773;4.806910414378862e-06;24.214277432275647;0.03333333333333333;0.22044568763598474;0.79675
5.8078997573929545;35.103104275206924;0.628416567788785;0.9901813779920776;0.8082789249585421;0.0;0.7472656109409743;;0.24914486406789157;4.806910414378862e-06;20.762146176809146;0.002916666666666667;0.14993739650033547;0.7975
5.183405166472982;0.36776763101861665;0.8396001492869071;0.9877920414465278;0.9677734360456229;3.021981813335913e-11;0.40414082005345026;;0.2549181866346244;4.806910414378862e-06;17.748421438485927;0.18958333333333333;0.32791441475273675;0.80975
6.788214258727853;0.2896109418345354;0.9348531446720251;1.0016201462355876;1.0243344750306211;4.049197956876495e-12;0.5910056345132176;;0.3162784029513594;4.806910414378862e-06;15.492145647100418;0.09666666666666666;0.2579260081215183;0.79225
5.139512433680819;0.005685935487547138;0.7076873865945298;1.0570091756761557;1.1641435822274036;0.8672138626100759;0.5966883537226108;;0.42011255544081816;4.806910414378862e-06;10.570164624257146;0.19833333333333333;0.31844146429561115;0.8075
14.296267346586543;6.250000000000097;2.2546441922343474;0.9796607505973762;1.7983474006995426;0.0;0.4151559906909182;;0.9377660295143889;4.806910414378862e-06;8.012054063777029;0.0425;0.19831118315244975;0.24575
5.984405143126361;0.011131825722382143;0.8295034662604963;1.0679499636066547;0.9969094625057514;0.8071754602859291;1.046645065282035;;0.44024458545160133;4.806910414378862e-06;15.194124415457477;0.030833333333333334;0.13047015294634304;0.7945
5.495400166278152;0.015845340177443747;0.7292012246691515;1.0047881673627017;1.127683574172913;0.0995329597230569;0.9997028404053439;;0.31460363540855796;4.806910414378862e-06;17.872449242325736;0.1125;0.2385545277457877;0.806
4.810812919972408;0.00501607388359413;1.0083498510117146;0.9635895269166985;1.593615165695374;0.5514504385368125;0.3576720112598096;;0.35549742430019954;4.806910414378862e-06;35.77669232708909;0.0020833333333333333;0.1273053613014085;0.79225
5.403004515851359;0.029282848723119537;0.8184234384589021;1.0079729180638843;2.5918201188409133;0.9999999998720545;0.2007122347256647;;0.3075547878972078;4.806910414378862e-06;22.4403309326739;0.08666666666666667;0.3634130828543549;0.80225
5.40199042705371;0.004202964867377118;0.7346235675695839;1.2363384838083147;0.9475450565489473;0.31283594995930664;0.4193409973698216;;0.5032152264742024;4.806910414378862e-06;22.424509782258813;0.018333333333333333;0.22204907811741845;0.804
5.266542025985453;13.053841290240383;0.6650731216761103;0.9903475488430349;0.8524162047470745;0.0;0.7473005049859879;;0.2844821044898101;4.806910414378862e-06;20.773288771092332;0.005;0.14972665721005973;0.8
5.2905170872006755;0.00933794181415399;1.8364639029513756;0.9877920414465275;1.3467294493671054;0.3282712509383353;0.39977498380864923;;0.24262224514918768;4.806910414378862e-06;17.343387348454062;0.20583333333333334;0.34148051453036266;0.8025
6.652777633670832;2.230939934867959;0.8881081116981738;1.0023402535418082;0.9251931505714194;0.0;0.5899826762065838;;0.2709760077300152;4.806910414378862e-06;15.209905356238377;0.07833333333333334;0.2344425967414605;0.80675
5.131850958016054;0.2446974342448701;0.8588246468949948;1.4132255298683227;1.3190792145175325;0.9999999999808437;0.7895985315151887;;0.19623243864356196;4.806910414378862e-06;8.433072829766619;0.010833333333333334;0.2499672523493359;0.814
6.374261161812325;0.0;0.5605331756169097;0.9796014712215323;0.7134804314942799;0.0;0.4151376741709975;;0.10066859734279458;4.806910414378862e-06;8.00962584714773;0.028333333333333332;0.20454643654417437;0.7985
6.115886323435047;0.0048897922902697;0.7931830291167791;2.255110556198642;0.8836136441624679;0.9999999999999998;0.9019835195707636;;0.5525108398010521;4.806910414378862e-06;27.071038903359113;0.009583333333333333;0.12273111949463138;0.80925
5.495400166278152;0.05575599713784687;1.0396427039815448;0.9600547745037303;1.135084071101855;0.839821751331374;1.0063962281047893;;0.25946086615768876;4.806910414378862e-06;10.529538617268273;0.105;0.25192058463038103;0.8015
4.753439588057308;;0.0;1.1085160758384052;0.6666666672222222;0.0;0.8111178197494096;;0.0;4.806910414378862e-06;10.5483593295155;0.010416666666666666;0.21941461479597915;0.80325
5.541854141108079;0.06679106793876473;0.691048824209956;1.0054216424251954;1.7464149533671107;0.5810246829973578;0.19914078560327778;;0.3322534458617543;4.806910414378862e-06;22.208811122719748;0.08541666666666667;0.2932226065188577;0.8025
5.399732340571759;0.0030795874722403184;0.752131679993191;1.1160693763899452;1.2584457613061166;0.29289321879603386;0.4105838044031705;;0.5180197880996793;4.806910414378862e-06;20.834120653847275;0.02125;0.24241909629508687;0.80025
5.8078997573929545;0.08900152737303735;1.184039652254592;0.9982481273182344;0.9643893716707657;0.0;0.7552067237927511;;0.2914837811745583;4.806910414378862e-06;21.493832577443946;0.0033333333333333335;0.1535066377329904;0.8025
5.456816810790238;0.008460073966606736;1.3133806378597999;1.0225123183164642;1.4213782946913236;0.37964554475019563;0.6046083283842626;;0.2415721397724236;4.806910414378862e-06;17.445791481654947;0.16666666666666666;0.29761676217596006;0.80525
6.652777633670832;0.46969277313705765;1.1906621840518323;1.0093449808118655;1.2645785278681183;0.0;0.5906000728923945;;0.3857074083397284;4.806910414378862e-06;15.289093808498091;0.051666666666666666;0.2208280989562478;0.8005
5.131850958016054;1.0030987146466142;0.7896731382830945;1.412724202076546;1.2614552222572153;0.9774188211789757;0.7895575508062682;;0.16994439748152765;4.806910414378862e-06;8.44975489175259;0.012916666666666667;0.2480850246826959;0.80325
6.256164830134373;206.66666666656454;0.7067765707497825;0.977613675298555;0.8364639286477296;0.6000000000343595;0.4133101864500168;;0.139838047824229;4.806910414378862e-06;7.850760152903684;0.050416666666666665;0.23343477856590436;0.802
5.956432550898288;0.0005571703593000205;0.696125673041198;2.592870703191854;1.5925186427379279;0.9999999999987965;0.8468432515364525;;0.4621573330625589;4.806910414378862e-06;19.46429036011541;0.027083333333333334;0.13440152525917606;0.798
5.29435618061051;0.0019479701373045645;0.9576525707098164;1.000995111217219;1.0277031278624724;0.5818759618353839;1.209626115114227;;0.3969861181364469;4.806910414378862e-06;28.67421783770663;0.09916666666666667;0.2112098044290821;0.8045
4.753439588057308;;0.0;1.1085160758384052;1.0;0.0;0.8111178197494096;;0.0;4.806910414378862e-06;10.5483593295155;0.010416666666666666;0.21977877333291285;0.7945
5.541854141108079;0.03318498426201546;0.7548435092316915;0.9994377196397665;1.0453673923115834;0.7198210858212731;0.19987379607490027;;0.44897557926742326;4.806910414378862e-06;22.071767755736946;0.09375;0.2738437450309056;0.79725
5.538581965828477;0.01761940989259729;0.8635973610655243;1.072822977412007;1.0679612552032427;0.9056837479347774;0.2218445388789327;;0.5638487996398107;4.806910414378862e-06;15.728552092615596;0.014583333333333334;0.2492988777745159;0.806
5.833807183280085;0.0006194398476692426;0.8367834547149597;1.0610981436700053;0.9553962634463715;0.8730982056170831;0.5923777500787363;;0.29335568999171757;4.806910414378862e-06;29.678698613099478;0.004583333333333333;0.15796097789938526;0.795
5.99817454219774;5.6046928592236815;0.7578807962074002;0.9877920414465278;0.7024935878851591;0.0;0.40966777024514395;;0.20009738705128965;4.806910414378862e-06;18.234195440252602;0.19458333333333333;0.31771760907186725;0.8015
6.652777633670832;15.071980862064352;0.7738152615118408;1.039483809167548;0.8989441078191216;0.03472040017428372;0.5880224471997564;;0.21740389535782434;4.806910414378862e-06;14.609537953778087;0.07541666666666667;0.24252253129027068;0.80275
5.276103972455586;0.009931209738101568;0.6671292874073638;1.0711667260516387;1.0911794503455383;1.0;0.39722640785018715;;0.43868653101369137;4.806910414378862e-06;3.388448858010356;0.18291666666666667;0.32470416213518016;0.80625
6.256164830134373;7.506448979591036;1.1022107752495065;1.2379898300713283;1.4133924190365528;0.05960381599007132;0.2300431537177719;;0.1789464222838572;4.806910414378862e-06;13.613012385629398;0.03625;0.23997805773925543;0.808
5.956432550898288;1.1280681839848241e-05;1.819599163818365;2.316763442943586;2.7715404577395195;0.569608340698091;0.3905921425955105;;0.4754647567210383;4.806910414378862e-06;20.93372068004935;0.03208333333333333;0.13402603253101342;0.80775
5.682578132664636;0.01077384948577524;1.4073913635137987;1.0001872930492124;1.3665161615757824;0.2751074776377278;1.4019878556416956;;0.45096188822997846;4.806910414378862e-06;22.049337943732596;0.095;0.2049970457760241;0.80225
4.753439588057308;0.0;1.0;1.1977070244485972;300000001.00006825;0.9999999985;0.8111243095687711;;0.028324242959409867;4.806910414378862e-06;10.560241698647394;0.007916666666666667;0.21916896648856835;0.80225
5.410665991516124;0.02418978441835973;0.7830051152445897;1.0057266057119985;0.9795654568205912;0.8387548450395201;0.06078519767678885;;0.3578828645617484;4.806910414378862e-06;21.270942219930706;0.12416666666666666;0.34187943640059215;0.80325
5.980204443896028;0.02232333623831144;0.7740580296213254;1.0663095746997955;1.0337672732629895;0.9999999999873405;0.2230089562959408;;0.5288845358081022;4.806910414378862e-06;15.960477404662111;0.02625;0.2516984314110044;0.79225
6.098000297567962;0.0002405635136550533;0.94139131241916;1.2521723224460624;1.374997180199649;0.9194430501006268;0.42915630032518015;;0.352180094346358;4.806910414378862e-06;37.87495249326651;0.007916666666666667;0.15920855811437448;0.81
5.99817454219774;12.633065484935932;0.8244629386416343;0.9850085796179977;1.1050864287870712;0.27159179548286394;0.24227495327133877;;0.24409828263670122;4.806910414378862e-06;11.97786978481559;0.18875;0.3146117406186475;0.8
6.788214258727853;18.33456215079534;0.7430421680752826;1.0349120437934984;0.7861444603635013;0.09359128230056625;0.5874977444059551;;0.24409828263670147;4.806910414378862e-06;14.542943768546046;0.10333333333333333;0.26032110827441934;0.81
5.276103972455586;0.0019059980193964366;0.8774291301539648;1.0296728524514847;3.38785879258441;0.8993004189768486;0.5944586557573893;;0.5063315706411736;4.806910414378862e-06;9.305415828727972;0.17083333333333334;0.34678053422876753;0.8105
6.256164830134373;27.771191429376046;1.2532271035706724;1.1509544303231676;1.316797444354006;3.468531104897397e-16;0.23016499375628188;;0.139838047824229;4.806910414378862e-06;13.611769561481012;0.035;0.2345020031295818;0.806
5.984405143126361;0.021418374027250598;0.7249175273545153;1.0202612837413358;0.9096140813874818;0.6412144592914302;0.8598187988830651;;0.28235443096286206;4.806910414378862e-06;9.258561107938846;0.037083333333333336;0.13678815059682822;0.80525
5.811617175825976;0.00019663913545122052;3.1634472809670684;1.0100144508314635;3.4078593109174293;0.5455163925162443;0.8195890397688739;;0.38772333081249066;4.806910414378862e-06;17.68967134539123;0.09833333333333333;0.22454945327679024;0.8075
4.753439588057308;0.0;1.0;1.1977070244485972;360000001.0000818;0.9999999985;0.8111243095687711;;0.028324242959409867;4.806910414378862e-06;10.560241698647394;0.007916666666666667;0.21794567822833646;0.808
5.826132529593739;13.959335814846177;1.46267489328348;1.0394835308935333;1.5176043496253127;5.3648825851631364e-11;0.2183178562450779;;0.2965282374222602;4.806910414378862e-06;23.284304389799086;0.04583333333333333;0.3828913213950959;0.819
5.846102660007333;0.000782034369125401;1.3352132647749082;1.0169086451948832;1.5189660976558697;0.014755324444063776;0.9966877760398826;;0.6221736965096393;4.806910414378862e-06;17.355411895697614;0.035833333333333335;0.28677142234063535;0.807
5.630481943621626;8.730002142320903e-05;0.8327830580553351;1.1611129538354201;0.9398924914313634;1.0;0.44383388125253115;;0.7547661165558978;0.0013708017043195797;53.6310030483064;0.0025;0.1638967758655556;0.803
6.463777958389308;5.78722175153684;0.8114485770798893;0.9522362141864054;0.9976587242766285;0.2945395697656364;0.24152517318460515;;0.45959482977073884;4.806910414378862e-06;11.894154043822358;0.19416666666666665;0.3283026774248766;0.81325
6.00672629710342;2.0359863412190204;0.8750732597725599;1.0280193995526452;0.9009757644669272;0.1100561815239255;0.5869406684488226;;0.28170013007751105;4.806910414378862e-06;14.502206469406973;0.12791666666666668;0.2643461838393193;0.80325
5.423624423442957;0.9674829781471365;0.6690755770401762;1.3959328257144281;0.8930524961626201;1.0000000000000002;0.7920196068986599;;0.10969767869772586;4.806910414378862e-06;10.704679156235953;0.008333333333333333;0.24863921254647275;0.7895
6.256164830134373;862.6543209874275;0.7982497253381123;0.977613675298555;0.6573013790312268;0.6666666665964995;0.4128276904277606;;0.11557687720607687;4.806910414378862e-06;7.806774151315833;0.06541666666666666;0.23915980190675087;0.803
6.148017970653333;0.0042256566714132466;0.6258269647758583;1.0911160127548172;0.8077244096574396;0.3688814232618489;0.6221860990689859;;0.47769678252135817;0.0013708017043195797;34.69038450984847;0.011666666666666667;0.137331078862315;0.80125
5.799500889509918;0.0021737066943871676;0.756120593022441;1.1361905954972764;1.0640975195743059;0.44286205971122344;0.4447971779011569;;0.3982908693367015;4.806910414378862e-06;25.213771775019477;0.1425;0.25433841400647805;0.8125
4.753439588057308;0.0;1.0;1.1977070244485972;300000001.00006825;0.9999999985;0.8111243095687711;;0.028324242959409867;4.806910414378862e-06;10.560241698647394;0.007916666666666667;0.21844770903478888;0.80525
5.284774798186238;6.391501215089492;1.812417704027066;1.0402925225166935;1.6972745239963185;0.07587089718106084;0.21864939495970526;;0.30127891586862937;4.806910414378862e-06;23.292611939838526;0.04833333333333333;0.3727667196061989;0.7915
5.827417699377621;0.003980672919386926;0.9456162826992648;1.0261914415457387;2.243619079491508;0.734765566423304;0.42592748811333647;;0.5101305137017416;4.806910414378862e-06;5.491347806490234;0.02375;0.2926861102582124;0.8095
5.647337389531458;0.00012547901605342853;1.7056038067794679;1.2414957433452642;1.888275719936398;0.9999999999223489;0.8612636940871574;;0.7393702970081121;4.806910414378862e-06;22.267184509849496;0.0004166666666666667;0.1983266266122195;0.8085
5.99817454219774;38.670249993001285;0.7668846322827965;0.9621765733521042;0.952383261235665;0.2923418683790129;0.24192697947333022;;0.3259501347520766;4.806910414378862e-06;11.941942007750216;0.18833333333333332;0.3182222925269796;0.80425
6.142162922160441;4.206595622697104;0.7228697454575176;1.0016201462355876;0.8259654925341282;7.609099120575006e-12;0.5903221668852583;;0.31873009800190916;4.806910414378862e-06;15.446192213763572;0.13375;0.2813438710180488;0.80025
5.541854141108079;0.9616447204240853;0.862164049995522;1.3457970930928767;0.9944964763595266;1.0;0.7907349015097037;;0.1699454577564109;4.806910414378862e-06;10.201799711430718;0.010416666666666666;0.24241557956424828;0.79575
6.374261161812325;88.88888888887482;0.9061665493384629;0.977613675298555;1.331242570405815;0.3675444677077512;0.41408769274462565;;0.11205245113555035;4.806910414378862e-06;7.911730283213059;0.0375;0.21610770112657096;0.795
6.146913219055671;0.0002514757064656485;0.7188623038919632;1.149598888499509;0.8015496569502633;1.0000000000000002;0.38807059614334694;;0.48207880527473324;0.0013708017043195797;52.579593936181794;0.015833333333333335;0.13534804922285038;0.8125
5.799500889509918;0.0014422900844554146;1.157261752188725;1.090231199594498;1.6649094145176864;1.0;0.6287059419258567;;0.369953972206462;4.806910414378862e-06;19.30923618213793;0.09958333333333333;0.23988711496269574;0.80375
4.81191767157007;3.3085956879620135;1.582481100485641;0.9882924075746458;1.618818578627947;0.0;0.7243563713767327;;0.14062758071763629;4.806910414378862e-06;21.643772984858305;0.007916666666666667;0.15314727731624142;0.798
5.833794005258504;0.2268325747891827;0.8247118570034635;1.0049151590421999;1.5206026709050338;0.7056079710652067;0.11562619537170221;;0.24262224514920086;4.806910414378862e-06;21.42160148823824;0.07875;0.3990797989136808;0.80375
6.3687754307851225;0.04198182350354649;1.4619652047175533;1.0182683907570946;5.154022576025956;0.6117672892054612;0.2619310825272292;;0.43444547063002387;4.806910414378862e-06;12.643390039493035;0.027083333333333334;0.32315176689017455;0.799
5.408746804865796;0.03012459755431852;0.9789589441396462;1.2013898877337656;2.0689583354246106;0.9999999999204746;0.19440001133938706;;0.4849761870464812;4.806910414378862e-06;6.609266383242576;0.2816666666666667;0.3767854366049004;0.7985
5.99817454219774;0.2040325868315812;0.9739249641488876;0.9915418361502436;1.4002087256068356;0.21819035240206652;0.2304029749483788;;0.3121201060331108;4.806910414378862e-06;11.07679119368742;0.20166666666666666;0.33761583286309443;0.8115
6.142162922160441;7.766106448470718;0.8437824416953308;1.0016201462355876;0.9427361769490898;1.5218198238284995e-11;0.5900362492489822;;0.3742959882967289;4.806910414378862e-06;15.42815122298236;0.13166666666666665;0.27198532603784975;0.8155
5.423624423442957;0.005223674166363996;0.860324059973047;1.1226935748507343;1.5372643999519218;0.9999999999999999;0.7996014835488805;;0.2731464684762626;4.806910414378862e-06;12.863329067636649;0.00625;0.2474908209701809;0.81325
6.256164830134373;176.15323036697055;1.0890105664542706;0.977613675298555;0.7657919506963052;0.7142857141122283;0.41265038497931755;;0.14490266885540615;4.806910414378862e-06;7.793636105537868;0.07666666666666666;0.2438451377090433;0.822
6.146913219055671;0.0002179631551690645;0.6612743742470283;1.2461890575905796;0.9862652177804871;0.9999999999982148;0.47507382357911015;;0.46576487984340925;4.806910414378862e-06;39.169353790523466;0.010416666666666666;0.13423348901677823;0.8045
5.821427757921356;0.00013353220152558076;2.3759371362570914;0.9687723251474651;2.221325801898451;0.9999999999320629;1.0949888427215066;;0.45986090481682396;4.806910414378862e-06;5.861876255143;0.0675;0.1760118856703125;0.8055
4.67306804631335;0.022362106518358443;1.1547786554149666;1.1003757507794585;2.678498301861089;0.0;0.3629440787156084;;0.21000036768322694;4.806910414378862e-06;40.35443807288086;0.009583333333333333;0.14697184054072726;0.809
5.808923235052451;6.5162037037006435;1.6841696497383754;1.0097936063304256;1.3288197334998795;0.09861218100123752;0.13621329932797058;;0.11329697183760723;4.806910414378862e-06;21.571211711548624;0.04583333333333333;0.3591286789872496;0.801
6.5350751543746854;2.909625452597942e-06;17.878535244271795;1.0319350950325301;15.04174743628304;0.8693846583000516;0.18907542329695545;;0.44024458545160133;4.806910414378862e-06;22.248195171812984;0.012083333333333333;0.31059901568018045;0.79725
6.123801101050795;0.016488772693287846;1.4012894401685898;1.1586789158321045;1.2851648003987777;0.002503195890379673;0.2109800589273785;;0.4312237914346897;4.806910414378862e-06;5.6093424698241625;0.20541666666666666;0.2904634096065942;0.8025
5.99817454219774;1.2960683826334394;1.015717258771742;0.9877920414465278;0.8572777725239049;0.0;0.40931975141976984;;0.21668965711581012;4.806910414378862e-06;18.19839600464076;0.20208333333333334;0.3303983751182125;0.796
6.142162922160441;0.8770933476066022;1.2180796820099309;1.0016201462355876;1.1039460646593113;0.06087279297795062;0.5898559553264395;;0.4586179559518378;4.806910414378862e-06;15.420468423945291;0.1175;0.2753612857708086;0.806
5.423624423442957;0.7525680837536036;0.8780125937590881;1.1766565249781238;0.9998615061350721;1.0;0.7944688268065564;;0.28324242959403423;4.806910414378862e-06;11.522337296934356;0.007916666666666667;0.24087540912018157;0.80775
6.256164830134373;0.01980855614831382;0.8758091619579501;1.0156660439039382;1.2518700894989625;0.6195570448802977;0.6045383858900012;;0.3069363283047926;4.806910414378862e-06;11.667746054492117;0.08541666666666667;0.2593620311357429;0.80875
6.146913219055671;0.0005647126453194772;1.0081369566901286;1.2398554126900523;1.420403506429975;0.9561576210286498;0.4455123518412114;;0.4952960302805942;4.806910414378862e-06;38.24775109555064;0.013333333333333334;0.13899636391506504;0.8025
5.783644583597903;0.00591781225089747;0.7220860232876254;0.9958076092843597;1.7033213566120222;0.9376630880719514;0.4244419163520489;;0.4705480917065097;4.806910414378862e-06;16.81677752187449;0.11625;0.28681108187084814;0.78625
4.67196329471569;0.0016085064339183526;1.1788910454813892;1.0594850611004651;1.7880253198499985;0.0;0.22875882282062973;;0.31232516661769827;4.806910414378862e-06;50.087004707798485;0.005833333333333334;0.14294758312246808;0.8
6.274526651244019;30.733161662661683;1.2886339004561846;1.0102267306638633;1.338791862231351;4.410070800554825e-11;0.1374921768804717;;0.12865561940603154;4.806910414378862e-06;21.58033470401535;0.0375;0.35247254340320905;0.80375
7.0006785705662535;0.0235482541792353;0.9575429391324558;1.01998204700481;3.893390358117993;0.7146215195868031;0.27501403018085;;0.36152025611650196;4.806910414378862e-06;13.076982682343552;0.0175;0.3163427234715078;0.80375
5.627293399414095;0.006213276189738742;0.8185920432096346;1.0666177751947936;1.9704562673248052;0.9999999999717342;0.2680256096087291;;0.4754261364417206;4.806910414378862e-06;8.556540284884113;0.15541666666666668;0.358204706744183;0.80525
5.456816810790238;0.2717949670026185;0.8742352402875246;0.9877920414465278;0.9356409838456305;2.7261443551631923e-11;0.4041998121786203;;0.24228654896265314;4.806910414378862e-06;17.760436899136497;0.2325;0.33746294290127904;0.80575
6.494632377479798;1.9080491901262906;0.813290517355975;1.01880789669387;0.9175480163339457;2.741367257057765e-11;0.4316158727302101;;0.3020057920283787;4.806910414378862e-06;19.77869832026652;0.05416666666666667;0.2633607093049065;0.7985
5.58992414703252;2.3133632583448867e-05;0.7684426951300154;1.0719405612711463;1.1162329507363087;0.9999999998564646;0.8073979175218218;;0.27314646847625096;4.806910414378862e-06;14.544910261429305;0.00625;0.2567302874326132;0.8105
6.374261161812325;202.03451751064003;0.681368762638822;0.977613675298555;0.7030342025934536;0.6003383990773887;0.413210379358782;;0.1789464222838572;4.806910414378862e-06;7.836813157009182;0.04375;0.23103567267450492;0.80225
5.984997195192362;0.0003474894765100613;2.3784825696474097;1.1345203725273365;2.5472923455398124;0.22588700025994374;1.3207104520491741;;0.4541166490061315;4.806910414378862e-06;18.707886419455335;0.034166666666666665;0.14514537412145695;0.8
5.799500889509918;4.183732600735675e-05;5.477037876100057;1.134457225708458;4.122436813168484;0.9999999998819101;0.17038257623338088;;0.44644457373700935;4.806910414378862e-06;8.139874428286879;0.175;0.28393683420629934;0.79475
4.67306804631335;0.20515299777263762;1.1889250514516392;1.012095525788414;1.1897155589469623;9.307736854087794e-12;0.5377662461131278;;0.16363081700065468;4.806910414378862e-06;30.79566380223167;0.010416666666666666;0.1523188212655938;0.79425
5.801261759387686;0.1215597228189842;1.023025170608818;1.0394074695534035;2.703110517030853;0.17444343315638547;0.23884654714041448;;0.1855494819875868;4.806910414378862e-06;24.09470794159236;0.02666666666666667;0.3448757737575123;0.802
6.5350751543746854;0.009246484423550345;0.765600133919094;1.0081373465249113;1.1182485707327425;0.7470177871967921;0.3157149194187169;;0.3155849731505529;4.806910414378862e-06;14.708500828509289;0.009583333333333333;0.2876555912486974;0.79825
5.177546289134542;4.7777123355195865;0.8718396949192154;1.9565757283851286;0.8080235436918612;2.2204460477824828e-16;0.18969258409052123;;0.25945376816500604;4.806910414378862e-06;8.285969024244306;0.19333333333333333;0.3469283516580025;0.80925
5.2905170872006755;0.008549616697555244;0.918927057776437;0.9920169643299339;1.5807464601811172;0.3552354409630864;0.5931605381052469;;0.2601711022884159;4.806910414378862e-06;15.85851252317195;0.22625;0.36048124198595;0.80725
6.1730260206929835;0.0010530569852196647;1.1180989076779178;1.039899381499158;2.2141317949488086;0.46223686513281004;0.25708210601567794;;0.39621744621486543;4.806910414378862e-06;12.69260941907828;0.03625;0.224161579057378;0.806
5.58992414703252;2.3133632583448867e-05;0.7684426951300154;1.0719405612711463;1.0968607922802571;0.9999999998564646;0.8073979175218218;;0.27314646847625096;4.806910414378862e-06;14.544910261429305;0.00625;0.2428743035149129;0.7825
6.374261161812325;24.99999999998428;2.346821257707516;0.9807728739980568;1.5699533266955514;0.10557280878383266;0.4153929557211044;;0.11557687720607673;4.806910414378862e-06;8.032451095080413;0.03166666666666667;0.1997646920331789;0.79375
6.1140362383537;0.0470487013940647;0.691203870727949;1.0357774809585962;0.7759467994835426;0.6078684872577734;0.8461422709512479;;0.4308351297974922;4.806910414378862e-06;7.584745295449607;0.025;0.15357415058396157;0.81375
5.696426001241848;0.0014512710544788375;1.0315920452341318;1.0497314846047092;1.2174444461346838;0.1649355668406276;0.12978917497098674;;0.5726765030671412;4.806910414378862e-06;44.41134949387597;0.042916666666666665;0.14953451742791696;0.81875
4.67306804631335;0.41354415991261334;0.6961143730773747;1.0114428476005188;0.7726547265640521;0.0;0.5304173625731884;;0.22989317497945302;4.806910414378862e-06;30.47413076466968;0.03375;0.16333930837067978;0.80325
5.808923235052451;188.8888888890605;0.8564952852599066;1.010801657483687;0.5295521689779639;3.1183909647059e-11;0.1379278360569707;;0.1056290949157101;4.806910414378862e-06;21.591745554130533;0.0425;0.3762119693550369;0.806
6.583269866844244;0.5760946451562238;0.6773008218263706;1.0978703202859925;1.094010288643604;4.307928800202439e-13;0.4961267246249777;;0.1777308648799102;4.806910414378862e-06;12.269944208057;0.017916666666666668;0.2589815283536198;0.80725
5.177546289134542;12.405746820963111;0.8508663189953894;1.9068582189158783;0.791345709236857;1.3757479280385497e-12;0.20981239320409775;;0.16797960618606986;4.806910414378862e-06;9.149567553988678;0.15291666666666667;0.3292321786163417;0.79825
5.311121234480715;0.4192096132404976;0.749720150956681;1.0054324145678186;0.8402573982532706;2.808347085255887e-11;0.9848910572311158;;0.3111644863946553;4.806910414378862e-06;9.780642043007349;0.19166666666666668;0.36572326453627657;0.80725
6.815260895551175;0.06492215465949865;1.3186853261983662;1.0260433770712531;1.3938011640613448;0.22605893526048154;0.4329615256975867;;0.489596978596261;4.806910414378862e-06;19.80920372693734;0.03791666666666667;0.2271206671096173;0.80875
5.565053376826468;22.04205285349485;0.6450482371925305;1.0705922600197604;0.8804126336540247;6.057051771601e-11;0.8167901906215544;;0.2062001058974432;4.806910414378862e-06;16.240083545556633;0.0033333333333333335;0.24047164550481168;0.80475
6.374261161812325;1406.2499999993668;0.8701987309176066;0.9785914511343219;1.1627097633705583;1.8377223340955663e-10;0.41458208032836724;;0.10066859734279447;4.806910414378862e-06;7.956468681678434;0.055;0.20879577950601413;0.80075
6.095282176155008;0.0005925121326058601;0.777094162346712;1.6305272955610595;1.3243434778068097;0.9269304554822749;0.6764325893081627;;0.5525108398010521;4.806910414378862e-06;24.28659684864884;0.027916666666666666;0.1472887863531659;0.80125
5.679737105384097;0.02699765406450888;0.8175595410038622;0.9781726314339301;1.1622650038491187;0.0;1.2828975426815767;;0.4308395365583865;4.806910414378862e-06;16.31514331433175;0.002916666666666667;0.12194313323279901;0.81
5.214425777720853;0.31741618808256256;0.8580379870269369;1.0135264121278555;0.9255541330574978;0.0;0.530571134568671;;0.3046500673238963;4.806910414378862e-06;30.482937653176577;0.02625;0.16834646510736392;0.80075
5.808923235052451;972.2222222228899;0.672458071041477;1.0111918117847032;0.5345486921497904;0.0;0.13891701949087393;;0.09811621932177868;4.806910414378862e-06;21.600282137117624;0.04041666666666666;0.3651681080242493;0.804
6.583269866844244;0.7210724324968253;0.7234786643802364;1.0951585249961011;1.0704105938597812;0.03112807177574102;0.4846906177561054;;0.21989236824806146;4.806910414378862e-06;11.289556183218046;0.02375;0.26937263512675674;0.807
5.177546289134542;0.047375641326795746;1.0483438063093529;1.3583346037148103;1.2367125704621553;0.0;0.29389636718030604;;0.20210480400764413;4.806910414378862e-06;16.70683719171885;0.13666666666666666;0.2951972506323636;0.8065
5.477420958070278;1.0032891036618468;1.1029462388938092;1.0277948995894204;0.8316480372314705;0.0;0.9870317047596027;;0.33595867603179624;4.806910414378862e-06;10.598912740597791;0.18791666666666668;0.3374812588055524;0.81
6.221220733162541;0.44093613207399357;0.9872053181511532;1.0447706590499581;1.1354911420167308;0.0545163174620444;0.4412116394249502;;0.395639766303746;4.806910414378862e-06;20.436320292743382;0.030833333333333334;0.2385258814649138;0.80025
5.565053376826468;86.60178777395278;0.6282824742120517;1.0708458911282706;0.85904390226504;0.0106448922070652;0.817017841415231;;0.2352757690449428;4.806910414378862e-06;16.283180093127022;0.004583333333333333;0.23801497826557838;0.81325
6.374261161812325;327.75855440187627;0.6328164675619391;0.9902543565333832;0.817342288510574;1.3322676269622105e-15;0.2320855026078278;;0.10500018384161555;4.806910414378862e-06;13.66400618835519;0.02625;0.21432354191267122;0.80575
5.972288856810303;0.00019919552316959726;0.9719172723625633;1.049081049792864;2.5334891445359773;0.9999999999545653;0.37882866001224624;;0.3786156337477868;4.806910414378862e-06;24.11285637160598;0.03916666666666667;0.14858110543237843;0.7935
5.785563770248231;0.0021958976256043396;1.1478430625088085;1.9868886950982745;2.001796335936658;0.9999999999373432;0.21778307119629858;;0.43083953655838647;4.806910414378862e-06;13.415291700771128;0.125;0.23474575015608493;0.80525
4.67306804631335;1.322063960832011;0.6367346090461171;1.0022576841798514;0.7861660522881897;1.295895392551026e-11;0.5238240917872375;;0.2606744923125156;4.806910414378862e-06;30.18102207067561;0.03958333333333333;0.1636047105846228;0.803
5.808923235052451;0.2660076189820606;1.6803162163159395;1.0065531702164663;3.624926129943346;0.6412342387867142;0.12021504210727657;;0.12666844282530274;4.806910414378862e-06;21.44329117342504;0.05125;0.3793646170912033;0.79275
6.041912135436743;2.897673230512117;0.7157523292787291;1.095289959804496;0.8381560762772401;0.0;0.48448446355938224;;0.2193953573954517;4.806910414378862e-06;11.312131779173159;0.025;0.259062643777243;0.8045
4.63618855772704;2.90542211986897;0.937190476037003;1.9432948602997182;0.8915322688144005;0.008368347951005483;0.21153613017142228;;0.21668965711581012;4.806910414378862e-06;9.31801144441477;0.1425;0.31008947060049613;0.79425
6.018778689477779;4.0698574849576366;0.8726165274804127;1.0148186316000891;0.6925566799858514;0.0;0.9868991616323277;;0.26067449231251566;4.806910414378862e-06;10.58997405727429;0.19;0.3497777041115948;0.8035
6.356657358219563;0.7318090052189737;0.9000857837224291;1.0327512301999426;0.7887945671078179;7.788045346038038e-12;0.4403017079824522;;0.2440982826367052;4.806910414378862e-06;20.422561958210494;0.06166666666666667;0.24955940968919793;0.81425
5.613248089296026;0.10637946350899186;0.8224358490680306;1.110271108832294;1.2574474511837943;1.8628561270277143e-12;0.8278843473288234;;0.3800091218425146;4.806910414378862e-06;17.98264141974178;0.00125;0.23465591093936725;0.80325
6.374261161812325;707.2222222219183;0.757201623356931;0.9902543565333831;0.7725633969312939;1.3322676255545189e-24;0.23251800760357832;;0.11205245113555035;4.806910414378862e-06;13.67662326817254;0.0225;0.21095113640325266;0.8065
5.972288856810303;0.011087364607107715;0.7170091601691186;1.031171130939042;0.9407350329876811;0.8596588137002565;0.6879954116052848;;0.2601731800090262;4.806910414378862e-06;12.460393924447182;0.03958333333333333;0.14536869331123495;0.80775
5.777902294583466;0.0025118735156487676;1.3887061574045108;0.955209258158012;2.181691924744305;0.0;0.5967512794036819;;0.42276896012632886;4.806910414378862e-06;2.079583342634275;0.05375;0.22259456198977598;0.80325
4.67306804631335;1.439264939064838;0.6386442023444745;1.0019453732574861;0.8618240882042623;1.319566671296542e-11;0.5239090755936965;;0.27916443419498144;4.806910414378862e-06;30.181870012329163;0.042083333333333334;0.16231927056147175;0.8175
5.808923235052451;1788.8888888908948;0.6774791974121586;1.0108363886940908;0.5877677277317078;0.0;0.1382037387483017;;0.09393896824415632;4.806910414378862e-06;21.592323519677663;0.04041666666666666;0.3661705782243605;0.80275
5.993717422967184;0.035128035512707954;1.008445453573363;1.0087644156534759;1.2811099765615457;0.322492514080735;0.46435073225994805;;0.2533368856505946;4.806910414378862e-06;9.477377356302902;0.035;0.28027682263751824;0.80075
5.177546289134542;11.405956355954446;0.7263472624656615;1.9762371140292931;0.7683433853453719;5.027924322868388e-17;0.1907693133066216;;0.17143066304580648;4.806910414378862e-06;8.398133593748641;0.19041666666666668;0.33545669640193104;0.7975
5.852478965888216;0.12737357177423694;0.9628294675694236;0.9931144031404091;0.8413909947165091;0.0;0.9847085240873679;;0.22419130262412731;4.806910414378862e-06;9.782747940906766;0.21666666666666667;0.394335903585159;0.80475
6.356657358219563;1.398950220499323;0.8290654298196511;1.0163868024651468;0.932415023048918;0.0;0.4310716399752335;;0.3020057920283787;4.806910414378862e-06;19.778090044558564;0.06208333333333333;0.2648143190868655;0.80475
5.565053376826468;22.121419690234205;0.6276840610716576;1.0780344320536703;0.9115208363306448;0.02320501619121445;0.8172645106449024;;0.27314646847625096;4.806910414378862e-06;16.328612749519078;0.00375;0.23803141967869104;0.8115
6.2388245367553035;116.1276432141291;0.7032048383880622;0.9902543565333835;1.0964809491631349;0.0;0.23598634187148237;;0.13769058154333658;4.806910414378862e-06;13.784946004547338;0.018333333333333333;0.1896733531337981;0.80475
5.972288856810303;0.021167572569189167;0.6440413787413591;1.0463898182159794;1.1589610362859464;0.9999999999768434;0.6786533179519375;;0.27916443419498144;4.806910414378862e-06;11.795998618983756;0.044583333333333336;0.15088123957264235;0.793
5.914493833358234;0.0100301048542814;0.7182418169965299;0.9753908130904732;0.9484335540414248;0.19728513622489763;0.3949728394877062;;0.5109845845324875;4.806910414378862e-06;12.045151569934038;0.075;0.24180258123453294;0.81475
4.67306804631335;0.31829652423449145;0.8024487955377017;1.0022838462720256;0.9932440087960159;0.05306506082029928;0.5181021007238075;;0.1789464222838547;4.806910414378862e-06;29.921529189198903;0.041666666666666664;0.16061743568371528;0.80875
5.808923235052451;972.2222222228899;0.672458071041477;1.0111918117847032;0.5810938229348113;0.0;0.13891701949087393;;0.09811621932177868;4.806910414378862e-06;21.600282137117624;0.034166666666666665;0.3624193925852324;0.807
6.041912135436743;11.22137306640223;0.6346549136370154;1.0953309687844281;0.8118120529068926;0.0;0.48552986316519986;;0.19604427483674364;4.806910414378862e-06;11.405068419932956;0.022083333333333333;0.2571411853252956;0.80575
5.177546289134542;10.425347222225874;0.6430947896561326;1.9640064685231926;0.6581663316089632;7.85046228492174e-26;0.19049755697905874;;0.18174257661068022;4.806910414378862e-06;8.354750507919173;0.20083333333333334;0.34277137016654224;0.8085
6.018778689477779;0.5294469966760954;1.0570727592570213;1.003586966231596;0.8384725082784118;0.0;0.986724685881277;;0.24805936669531797;4.806910414378862e-06;10.581314530832607;0.19041666666666668;0.3706410400475654;0.808
6.356657358219563;0.6763837574472659;0.8171525735749128;1.0153158053503109;0.8480364671229295;0.0;0.43102061904431777;;0.2911861887262197;4.806910414378862e-06;19.776947643591413;0.07708333333333334;0.26953166192648575;0.79525
5.613248089296026;0.24090162787988223;0.7051579323275402;1.1135658738635705;1.0694556895351004;0.010644892155494273;0.8289705290716333;;0.25333688565060547;4.806910414378862e-06;18.159899612751396;0.0033333333333333335;0.22206975312777755;0.816
6.2388245367553035;123.8425925925717;0.8263007714398164;0.9973104629213478;0.9107173636166181;0.0;0.23763089993086284;;0.1056290949157103;4.806910414378862e-06;13.839017580058291;0.014583333333333334;0.18354087297639918;0.81125
5.984405143126361;0.05376773285818743;0.6195514257732478;0.999109028476914;0.7095316245125162;0.8128235190086712;1.0560571429628287;;0.30471723715180876;4.806910414378862e-06;15.71351830409543;0.03208333333333333;0.1428074059833516;0.81325
5.311967960128711;0.0016320343359610336;2.91541861652821;1.240933901653376;4.593393518263042;0.8323719188503023;1.0902267576624918;;0.44930337151930316;4.806910414378862e-06;2.045698585885439;0.12125;0.18676763869586846;0.80025
4.67306804631335;0.16664758036123026;1.1097678269514046;0.9950012581785319;0.8957392947445241;0.27178418273837646;0.7098428720180142;;0.21483050240071738;4.806910414378862e-06;20.378978812519897;0.05583333333333333;0.17148078316214913;0.806
6.274526651244019;102.2376543210026;1.2733551232119982;1.0114269803509757;1.1255382905836906;0.0;0.13954820421187158;;0.13769058154333355;4.806910414378862e-06;21.60282634775602;0.03333333333333333;0.35632906128460357;0.804
6.041912135436743;0.5146692399553235;0.9580521452315388;1.005921632676845;1.2071396649321255;2.884460733775281e-11;0.47614777327377483;;0.2825705198336904;4.806910414378862e-06;10.580791431040861;0.017083333333333332;0.2649907158380739;0.79875
5.177546289134542;47.965246765713125;0.7478306377304602;1.9099063200466748;0.7599769425830235;1.6411680565652595e-12;0.2104236832278057;;0.18554948198758675;4.806910414378862e-06;9.193446958082557;0.15791666666666668;0.3279787837771672;0.792
5.852478965888216;0.14595617206774042;0.9427745421573763;0.9931144031404091;0.8274578456152027;0.0;0.9848984201608766;;0.19246214653590055;4.806910414378862e-06;9.828407194806594;0.20125;0.38492015506077026;0.80325
6.356657358219563;0.8197461077969175;0.9129761117548416;1.029402599638479;0.964981669310001;6.380652332295961e-12;0.44011875925393124;;0.21668965711581245;4.806910414378862e-06;20.420160337268292;0.05625;0.25342300720648536;0.805
5.613248089296026;0.5540860763611567;0.6808518625878139;1.1754407857677367;0.8097841834621157;0.010644892155496929;0.8423559922717656;;0.25333688565059465;4.806910414378862e-06;20.016730336830364;0.0020833333333333333;0.20859563040249435;0.80125
6.2388245367553035;627.469135802388;0.7639204594918549;0.9973104629213477;0.8500412997221173;8.68458582434763e-12;0.23943389020167852;;0.1056290949157101;4.806910414378862e-06;13.900118139551592;0.007916666666666667;0.17616692063397374;0.794
5.994215725221741;0.000382386657228501;1.0576828645783756;1.0532039953270818;1.1446747643456672;0.0;1.4213064807978915;;0.3347134417364459;4.806910414378862e-06;26.971969144769538;0.03625;0.15158138269261456;0.81
5.032961748795435;0.008357088541182318;1.3030200959536944;0.9835580065258549;1.5555844068963065;1.0;0.6022448545373683;;0.37465776349058866;4.806910414378862e-06;11.66576703248026;0.17666666666666667;0.2641479148783677;0.80425
5.5928371476795995;6.2392885175332395;0.8468257272064933;0.9982627811302957;0.7230680282319022;0.060814677545852125;0.7062161633668581;;0.21483050240071738;4.806910414378862e-06;20.054442704248277;0.07208333333333333;0.17992674111211;0.8135
6.266865175579254;2.271205411853517;1.1602340588116447;1.0444710188161526;3.6206917777037613;0.5080504474570078;0.25189273292605635;;0.1777308648799103;4.806910414378862e-06;24.594380074160732;0.0125;0.3223391177097792;0.799
6.041912135436743;1.6065869626194005;0.7393966308708377;1.0959592465194807;0.9279605476477932;3.2428909900640463e-13;0.48703232060033835;;0.21178163189958724;4.806910414378862e-06;11.53995664471847;0.01625;0.2554282135737767;0.79725
5.177546289134542;23.34408977267053;0.7359285007671618;1.9212526236522756;0.7605491018470212;2.3209621238452783e-12;0.21112525404845783;;0.15087654084112714;4.806910414378862e-06;9.255887126216571;0.15791666666666668;0.3217645776518376;0.81375
5.831874818608177;1.6952685939877339;0.8806064633319096;0.9659405121799663;0.9326506046158621;0.7026823414741622;0.7886202327411674;;0.16797960618607824;4.806910414378862e-06;8.643725613490332;0.22583333333333333;0.38802289096876247;0.814
6.356657358219563;0.005798845121692406;0.8305608726806707;1.0339020843412041;1.3342778230307268;0.3704793122530899;0.26747740764926176;;0.2440982826367052;4.806910414378862e-06;13.565865593167869;0.07958333333333334;0.268906598727635;0.8165
5.613248089296026;0.14999035875456473;0.759548992644368;1.177426380498575;0.9707424585103994;2.855824891243419e-12;0.8489141282052058;;0.29434865796534054;4.806910414378862e-06;20.853406729878404;0.0008333333333333334;0.2081549473781911;0.7995
6.2388245367553035;649.9453335253592;0.9276552673731426;0.9973104629213477;1.0037892421212353;1.3731535865092584e-11;0.24006435992385172;;0.13474581071973488;4.806910414378862e-06;13.921862059279311;0.006666666666666667;0.17345826123980207;0.8045
5.9148423377674035;0.0006504370995980849;1.0267585239798462;1.0045580810908097;1.8230100987316864;0.5812662226907852;1.2283760366649128;;0.30471723715180876;4.806910414378862e-06;23.184494141651093;0.050833333333333335;0.15633994358680847;0.803
5.151191466460555;0.04378138123416437;0.9294266091490242;0.9918872226465153;1.3099138031351125;1.0;0.6030223123699142;;0.3777584091475732;4.806910414378862e-06;13.12213390550032;0.19208333333333333;0.25893755219787146;0.80425
5.5928371476795995;1.8345253070856433;0.9939564108856639;0.998262781130296;1.0125606045213131;4.81809763046621e-11;0.7062959960480022;;0.30459609704935;4.806910414378862e-06;20.06312770309277;0.07;0.18284363867496167;0.8045
6.266865175579254;2.5217361724809546;1.107818595029133;1.0443379173026581;3.509613238089413;0.6089230554379551;0.2517104859148451;;0.15680986103289046;4.806910414378862e-06;24.585354402694534;0.013333333333333334;0.3244050454466166;0.805
6.583269866844244;0.03894026376346085;0.665736140938793;1.0147580877534779;0.851932421785876;0.9999999999813808;0.36203129365162223;;0.23420674336661998;4.806910414378862e-06;16.733421463721413;0.004583333333333333;0.2536339854713202;0.80075
5.177546289134542;0.07428883166750894;0.9874055096763721;1.3590989642999856;1.3053512604592907;0.0;0.29418352063845454;;0.18554948198758675;4.806910414378862e-06;16.71037096200445;0.14291666666666666;0.2995878689723297;0.80175
5.807004048402124;36.79807395562022;0.6208967973965499;0.9630266059125241;0.77817601848327;0.6678180805812298;0.788699949274377;;0.19604427483674366;4.806910414378862e-06;8.694558113896049;0.22708333333333333;0.398532544515343;0.81
6.356657358219563;0.0011712504133443242;0.980134499503189;1.248184213720215;1.9808791046973873;0.5549989775951492;0.3115751502322183;;0.35633012596117497;4.806910414378862e-06;16.37263635573967;0.08166666666666667;0.23784752311120178;0.806
5.613248089296026;1.0878653172597155;0.6431229953748455;1.1416924474921855;0.8026866110989135;2.0165973133557658e-12;0.8358690722433901;;0.3290930360931775;4.806910414378862e-06;19.145568002398957;0.0020833333333333333;0.21451705400737808;0.80475
6.832864699143937;70.53583168965145;1.3089706562370398;0.9979577863266554;1.3028677843813163;0.01941932427896735;0.2402010705469874;;0.17499593119675594;4.806910414378862e-06;13.927650508145756;0.005416666666666667;0.17209608267265147;0.803
5.9148423377674035;0.03430216729733761;0.6523964207390337;1.0096287680395182;0.7200744485586972;0.7866144542106985;1.0492782584773888;;0.27335707552429;4.806910414378862e-06;15.060674511867031;0.03958333333333333;0.15223118339895972;0.79475
5.032961748795435;0.005620687353116632;0.8540036540721839;1.0497759980151973;1.3399829154833471;0.29874419623448495;0.4054558955903131;;0.3258769891620014;4.806910414378862e-06;19.91578868572925;0.21333333333333335;0.29083534741563205;0.81625
5.577884527504725;0.0019425511243189508;1.0187789304066663;1.1962088499661636;1.4441274636456871;0.0;0.9011951890593664;;0.2391175095398029;4.806910414378862e-06;11.048660960500268;0.07958333333333334;0.18727171365704262;0.81375
5.801261759387686;0.0008399194304592497;1.4325166108008616;1.038035282623142;1.4458617094737756;0.9999999999048715;0.4171398492213635;;0.3149582291906102;4.806910414378862e-06;15.714053606854227;0.010416666666666666;0.33558566580633303;0.80925
6.583269866844244;0.28953940145162493;0.6695866060543506;1.014759946023963;0.8564905326142425;0.9717701357685422;0.36220938194245844;;0.24262224514918768;4.806910414378862e-06;16.73312020188559;0.004166666666666667;0.2583340524999149;0.79075
5.177546289134542;1.3848136400844815;0.9045465606913394;1.982107290305078;0.9516417429330747;2.616820762897252e-26;0.19258385594054714;;0.18497698610323587;4.806910414378862e-06;8.518861591037556;0.18916666666666668;0.32975384110610406;0.80625
5.973303771991687;0.005514523975094173;1.365255125843157;1.6818984705610558;1.727117170817316;0.7779020244552085;0.801643853714246;;0.20208945027867387;4.806910414378862e-06;12.357016838237485;0.14583333333333334;0.3190531401252921;0.807
6.645925308448835;4.1568763028669896e-05;3.606183888801068;1.1743116995701217;2.0405487005112586;0.5131355044133524;0.22703427515223754;;0.31303077910957455;4.806910414378862e-06;15.19437472504448;0.07416666666666667;0.2506734371381937;0.8125
6.173100285028697;1.275399798904387;0.6887144517450534;1.1431878116567553;0.8234379324837036;1.9158810976604937e-12;0.8362314061792543;;0.3037383275461972;4.806910414378862e-06;19.197771081899887;0.0016666666666666668;0.20974511478247332;0.81075
6.2388245367553035;92.45722798922763;0.822521115756259;0.9973104629213481;0.9071172978267867;0.0;0.23711599585703372;;0.1056290949157103;4.806910414378862e-06;13.822252137640406;0.011666666666666667;0.18493536022358967;0.79625
5.984405143126361;0.0419179782160355;0.6078616535218275;1.0240680677492118;0.7722029176791155;0.6266049384856546;0.8515477375919009;;0.2652507854089353;4.806910414378862e-06;8.05383104678627;0.05708333333333333;0.15250005591420046;0.80475
5.032961748795435;0.0007510949815832311;0.8662135119488095;0.9908445684651049;1.2696185894221212;0.9999999999895276;0.2222217194553021;;0.4892649434952807;4.806910414378862e-06;16.416488820583222;0.16375;0.3054087408626755;0.81525
5.5928371476795995;0.8661660346456732;1.065053043015329;0.9982627811302957;0.9043141002734233;0.0;0.7029998048213604;;0.20210480400764655;4.806910414378862e-06;19.75999783105353;0.08916666666666667;0.1791815503336119;0.81
5.259904027980185;0.0014272405558618023;1.1939389687031448;1.2921866507283266;1.8571777266726137;0.9999999999891105;0.6115205491419284;;0.4468386684689672;4.806910414378862e-06;11.449044895713891;0.006666666666666667;0.30924325490546245;0.80525
6.583269866844244;0.09549037663176908;0.8739970408273041;1.020929701050716;1.0809332885880572;0.9999999999848197;0.37773021174876653;;0.20011019230350444;4.806910414378862e-06;17.448671399523803;0.0020833333333333333;0.24441972314455057;0.8015
5.177546289134542;0.0885276400399242;1.1960845151865582;1.9215870011012686;1.0190130002369155;4.141440046708335e-17;0.19232942543197404;;0.2573105385372458;4.806910414378862e-06;8.435064920520656;0.20833333333333334;0.3534110403910253;0.80225
6.438907188183255;29.269313674678088;0.7404127203335358;0.9682198658082752;0.6596275544408008;0.3623709213919102;0.6052885467268453;;0.17082585317595125;4.806910414378862e-06;17.5812672686995;0.16458333333333333;0.3369946598503506;0.80675
6.5278289767708815;0.02168728628934168;0.8963301676379439;1.1244955887248462;1.0469749112893691;0.04593296752954358;0.2909252126078431;;0.3700159698547416;4.806910414378862e-06;19.90944206534504;0.11708333333333333;0.2684798107186627;0.802
6.173100285028697;0.1770317729143673;0.7027263377458174;1.211260533019371;0.9951959488162607;0.02320501628170879;0.8576636849423149;;0.3037383275461972;4.806910414378862e-06;21.935082698700633;0.00125;0.1981296016974891;0.79075
6.374261161812325;23.181588811994384;0.7602519156687024;0.9902543565333831;1.1235968158933998;0.0;0.2344326922566589;;0.10936072618602964;4.806910414378862e-06;13.735670866634251;0.02375;0.20020307542250573;0.8105
6.101919952037644;0.0024082897294325912;0.8482640776162624;1.0354192202997872;1.3467273306646859;0.9999999999999999;0.6558400394770375;;0.38804815431715234;4.806910414378862e-06;10.540430542044234;0.055;0.1528957358675949;0.79625
5.1839276603682105;0.01600704112397389;0.8810109458721394;0.995284517266034;1.3362201854119624;0.63326983719999;0.8035362792779114;;0.5203422045768389;4.806910414378862e-06;4.886160547971034;0.15333333333333332;0.24682402783244506;0.80675
5.5928371476795995;0.8891256036082634;1.0636315599688164;0.9982627811302957;0.7738960065573333;0.0;0.7030575855242429;;0.2131485057655157;4.806910414378862e-06;19.76078688953875;0.07916666666666666;0.17724671457723315;0.79975
5.300588464037536;1.1646699686355466e-05;1.7845766347387284;1.170747902170798;3.4455807964599487;0.5476609767887072;1.2876830656211027;;0.6215803130243988;4.806910414378862e-06;17.658775123637085;0.0004166666666666667;0.12299760976883359;0.8025
6.583269866844244;0.22229268863215182;0.946560478585389;1.0055254397178066;1.3935596419780403;0.0035524090960812904;0.4989653336104061;;0.2189263899907046;4.806910414378862e-06;12.523244006960509;0.005833333333333334;0.25150125048552435;0.806
6.651756105940255;0.009435137509641768;0.7431152590424825;1.151979673043052;0.9544808831700331;1.0;0.2575084064952053;;0.4183604466789617;4.806910414378862e-06;8.074147388398048;0.20833333333333334;0.37394816234595024;0.81075
5.973303771991687;1.7918592452055522;0.699109651320613;1.2839585822305652;1.2210962027821246;0.8061993667280384;0.7945421041246757;;0.14918564468211712;4.806910414378862e-06;10.573303246619728;0.17166666666666666;0.35285796828759963;0.80925
6.645925308448835;0.009744579937645968;1.052141093467443;1.1573665517442604;1.2074520401334086;0.07097377230324028;0.30552192142758183;;0.3072861536202318;4.806910414378862e-06;20.581596025513328;0.07041666666666667;0.2508669873752858;0.79725
6.182318815058077;0.21807687285065855;0.7818588993576814;1.249544674668907;1.0751519870606832;0.34880334414422975;0.865952397987441;;0.42485685859871286;4.806910414378862e-06;22.905393094412535;0.0008333333333333334;0.19033100588865118;0.803
6.374261161812325;2.514257336922778;0.9148787203869481;0.9902543565333831;1.2651095168939723;0.0;0.23552277496092164;;0.1198605717056487;4.806910414378862e-06;13.771570753033945;0.020416666666666666;0.19804188330181574;0.79375
6.1140362383537;0.003575791274040514;0.9500215627873675;1.042312114792119;1.069350974405991;0.635850520424822;0.8347441819691991;;0.45305489498506135;4.806910414378862e-06;6.548977167282362;0.055;0.15598510602193377;0.80475
5.457339304685466;0.031510786743786885;0.8086371830688278;1.0067601702913092;1.2463557871973407;0.999999999914092;0.8037272524887635;;0.48524449029837546;4.806910414378862e-06;4.8277582878323395;0.1175;0.23827296721494384;0.80375
5.036526796097224;0.0008238764475187911;2.598860070825039;1.1345788715733185;2.1539585654159654;0.0;0.8965627862364858;;0.28164598553230463;4.806910414378862e-06;10.02288242862189;0.10291666666666667;0.18501507530968014;0.80425
5.4394380892942555;0.000308608335861746;1.8641665080654135;1.166724076934959;2.6630021047928696;0.7470449984536427;1.0918534318102449;;0.6489074049240965;4.806910414378862e-06;9.888732293230838;0.00125;0.12310018723126823;0.8025
6.583269866844244;0.14239943040211564;1.0328974253289787;0.9873063012050288;1.3495882495655507;0.06630043814063273;0.6756811898170774;;0.17082585317595128;4.806910414378862e-06;16.067656508133023;0.0075;0.2392072345487681;0.8085
6.273344735981507;0.04078776001544999;0.7981270083763894;0.9478011476633353;1.5856511171609444;0.7184458593207237;0.28512472580470827;;0.2933556899917177;4.806910414378862e-06;9.564277575312719;0.14;0.3303720151035296;0.80375
5.973303771991687;1.2255225098790794;0.6964419044601425;1.2848191154484767;1.217168365290885;0.805971499943676;0.7945828506824271;;0.17082585317594873;4.806910414378862e-06;10.575996777472756;0.17125;0.3504877157073268;0.81325
6.645925308448835;0.08117036528015334;0.7042362517377012;1.0874667190442022;0.7884052318278159;6.678552229945791e-12;0.27809304562344983;;0.2922996461341911;4.806910414378862e-06;19.225027578682745;0.06708333333333333;0.27116698263504907;0.79425
6.182318815058077;0.024575451395280692;1.1324997240849881;1.3030796282966022;1.440271464818972;0.9999999998563632;0.8742129155603614;;0.5214959819401379;4.806910414378862e-06;23.831587698719076;0.0004166666666666667;0.18714815368257537;0.8085
6.2388245367553035;10.067389875083123;0.7020647442001275;0.999413461433039;0.7844366619357315;0.0035632455888936756;0.13277198232171802;;0.14062758071763634;4.806910414378862e-06;22.741162291661468;0.00375;0.17821553718238803;0.79975
6.115886323435047;0.0001855681477949948;0.7797935030360383;1.0566050360736317;3.4483158869082926;0.8781143818468334;1.0498215083152431;;0.48802733698971984;4.806910414378862e-06;24.17345760139416;0.025833333333333333;0.1453361339463335;0.79975
5.659717454428531;1.3916036947210286e-05;3.761840618854881;1.10808361963885;3.763870581634493;0.0;0.4557377620594776;;0.579150667242834;4.806910414378862e-06;18.33493503338164;0.09958333333333333;0.23363770169365114;0.8015
5.036526796097224;0.02683526459415095;0.841448902329969;1.0502082516802498;2.0599594310987213;0.8633203794042273;1.0919298149597099;;0.2001101923035045;4.806910414378862e-06;3.5882686880970764;0.115;0.19583454990645638;0.802
5.300588464037536;0.013550023550682994;0.7383295757851958;1.1800350167100133;1.395102942303891;0.757030041795743;0.899163071716968;;0.5639065991664703;4.806910414378862e-06;9.738590830668917;0.0016666666666666668;0.12861414287988812;0.8045
6.041912135436743;0.3328402366867099;1.0168072065469618;0.9891471443489429;1.3335851720928638;0.053448554094073175;0.6753586183877363;;0.1355650041335143;4.806910414378862e-06;16.04854867053319;0.01;0.2365721016254079;0.808
6.289201041893522;0.24205119721734555;0.8941952150869902;1.9423488230703434;1.772035433324451;0.5142016878363898;0.2319808838439536;;0.17499593119675605;4.806910414378862e-06;10.015323382994572;0.09291666666666666;0.3106567204964887;0.809
5.993907919271726;0.004260777314864936;2.168934626806688;1.0014788577774756;2.1434518016200013;0.9999999997830658;0.9896846247688474;;0.23467900519134993;4.806910414378862e-06;11.57363754894143;0.14625;0.34863922514834766;0.79975
6.645925308448835;0.31340401351756664;1.0974136152701852;1.0651075066657363;1.0648154102574625;0.0;0.45272069752311844;;0.26017318000902623;4.806910414378862e-06;18.347853595644757;0.07833333333333334;0.2625466866700593;0.8115
6.206081804226124;0.0014055943890140031;3.179586958177362;1.0112715287655987;3.1564739695494244;0.6630823341050639;1.1190226364073037;;0.22770680144400338;4.806910414378862e-06;21.241748508900226;0.00125;0.15411120091193137;0.8075
6.2388245367553035;10.067389875083123;0.7020647442001275;0.999413461433039;0.7604851799285903;0.0035632455888936756;0.13277198232171802;;0.14062758071763634;4.806910414378862e-06;22.741162291661468;0.002916666666666667;0.17789699707907566;0.8035
6.027638557446378;5.924619728144408e-05;0.8785515733686877;1.8615326979512616;2.6963046830491195;0.0;0.720257141433993;;0.7986174564754883;4.806910414378862e-06;20.129511407358248;0.014166666666666666;0.15361436892069097;0.803
5.671833740744588;0.0005227210230703192;0.8347809694000626;1.0211971761602514;1.5671680560238745;0.6002669930220629;0.8304049003241152;;0.4515336374261239;4.806910414378862e-06;4.105532637049943;0.08083333333333333;0.22561725785431616;0.79525
5.036526796097224;3.061728395063243;0.6751242950927447;0.9729939028450542;0.8489857495631966;0.7333946148259625;1.2881780969515453;;0.1449026688554063;4.806910414378862e-06;11.2709168622087;0.13166666666666665;0.20755409208722073;0.81425
5.300588464037536;0.004498452953998671;0.8177540055225236;1.1508330879177686;1.51689514236363;0.7437963546161336;0.896263793093468;;0.6129847685036302;4.806910414378862e-06;8.995337062455663;0.0020833333333333333;0.12631143214872595;0.7995
6.583269866844244;111.25000000001852;0.8331683065943494;1.0303094307130611;0.892209784597339;0.0;0.6842342115698484;;0.10936072618602981;4.806910414378862e-06;16.822330948476253;0.006666666666666667;0.23068804040298946;0.80975
6.289201041893522;6.766748396346237;0.7497194429951378;2.6838717203027116;1.2459190362465231;0.5768169811958443;0.25176399896521845;;0.17499593119675605;4.806910414378862e-06;10.873156949865187;0.05708333333333333;0.27866204006335793;0.79525
6.438907188183255;88.90688640798378;0.6885424119760447;0.9583539593119357;0.6716488877785017;0.36498773683723035;0.6055741973281259;;0.17082585317594862;4.806910414378862e-06;17.610861901133205;0.16666666666666666;0.3370435930916625;0.7965
6.510488683391813;0.5796798314133628;1.041334271422126;1.0635060795106912;1.023431977290372;0.0;0.4528847612826159;;0.21872145237205534;4.806910414378862e-06;18.35507625044927;0.0675;0.2631071484990214;0.80925
6.1418049184756525;0.1838382449766737;1.346095990807263;0.9971218702606907;1.2652053822625233;0.24662919644764889;1.0781006283425025;;0.24515435452858736;4.806910414378862e-06;17.46484644068898;0.005416666666666667;0.18025487128961865;0.81025
6.2388245367553035;68.05555555557366;0.6628071890396898;0.9966983348217037;0.7983814589404165;2.011737721101418e-12;0.1327472877751461;;0.14764500052708282;4.806910414378862e-06;22.741109282899576;0.005;0.1803927506198476;0.79925
6.106196524139852;3.3466395644053475e-07;7.146092186988549;1.173388962406149;7.188515496625817;0.605627138414609;0.45854440299425897;;0.6769769898653908;4.806910414378862e-06;27.997773181961314;0.014583333333333334;0.15244094814817297;0.8075
5.671833740744588;0.0010633460180300002;1.2620567959359528;1.0079046741901985;1.5698884223524898;0.514661860601012;1.218212374461929;;0.3670216429627235;4.806910414378862e-06;22.352231434148482;0.06125;0.21753698215511624;0.792
5.036526796097224;3.061728395063243;0.6751242950927447;0.9729939028450542;0.9069612083161024;0.7333946148259625;1.2881780969515453;;0.1449026688554063;4.806910414378862e-06;11.2709168622087;0.13166666666666665;0.20755704229408156;0.81575
5.398753653236905;0.06709753145873451;0.7372086490992019;1.107051601618327;0.9713841515432173;1.0;0.7983202009948164;;0.3800053284758974;4.806910414378862e-06;12.553949119213227;0.004583333333333333;0.23094674280033864;0.80475
6.583269866844244;4.580103806229197;0.9210026724699896;1.021989803309573;1.2128627869415753;4.2595672023666936e-12;0.6841831818582116;;0.14162121479701706;4.806910414378862e-06;16.78635688421318;0.00625;0.24151210650723415;0.80875
6.289201041893522;6.27207420702787;0.7819642055807432;2.2705620606304104;1.282473381766929;0.5707110360810218;0.25173773825671053;;0.1426777570559444;4.806910414378862e-06;10.88141695227079;0.059166666666666666;0.27805884099465805;0.8085
5.973303771991687;57.32089966641373;0.6964858857533004;0.9585398674449344;0.6784656566328451;0.36572310516078477;0.605773637888781;;0.1785595403497143;4.806910414378862e-06;17.62754016465685;0.14541666666666667;0.33249013048897147;0.80375
6.645925308448835;0.32470998831599246;0.793241511189404;1.0200552304582577;0.7624775569705555;0.0;0.4439427483875759;;0.22058135361769587;4.806910414378862e-06;18.233316323691827;0.06833333333333333;0.28165908874821294;0.8065
6.206081804226124;0.0006305949700596759;1.138288949466356;1.0666762372351573;2.7375802039732413;0.4725660191494917;0.9698422592127252;;0.4252102117497883;4.806910414378862e-06;19.67785534113094;0.0004166666666666667;0.14689628307014602;0.79475
6.2388245367553035;3.6817882971736835;1.4397766501224978;0.9937541382735435;1.4185318897841581;0.0;0.12876190847102523;;0.15680986103289046;4.806910414378862e-06;22.697123634500365;0.00625;0.18967440655435067;0.80775
5.97946318519919;0.006980320694666115;0.8472684607940095;1.0092580748955275;1.3163386808396684;0.5030153776985273;1.2540200953612397;;0.32726108340669696;4.806910414378862e-06;24.79609120354707;0.025416666666666667;0.15458080898125434;0.8125
5.542794697583249;6.055646445732741e-05;1.196577442625572;1.0506065907368571;1.2551568448798498;0.0;1.4117960463477346;;0.4266655748665814;4.806910414378862e-06;25.711164144232427;0.07083333333333333;0.21577119442071788;0.80425
5.577884527504725;282.06447187948453;0.6971557504976515;0.9729939028450543;0.892901077593884;0.7366029794133273;1.288221050965975;;0.1449026688554063;4.806910414378862e-06;11.287435425895815;0.13333333333333333;0.21402647361065802;0.80875
5.398753653236905;0.06709753145873451;0.7372086490992019;1.107051601618327;0.9656609818518609;1.0;0.7983202009948164;;0.3800053284758974;4.806910414378862e-06;12.553949119213227;0.004583333333333333;0.24093267654398792;0.80475
6.583269866844244;0.049951767692054665;1.5677901542390327;1.231322804502824;1.458923282977167;0.42057665307370623;0.5224105734173227;;0.1977479063848488;4.806910414378862e-06;14.377590893815535;0.0025;0.24123489470827822;0.806
6.273344735981507;39.80512734098804;0.8927120058654704;0.9751702960348801;1.1670879901879605;0.511602508024517;0.3158757439966842;;0.14918564468212328;4.806910414378862e-06;11.244752105148004;0.08583333333333333;0.2940714842278747;0.81125
5.973303771991687;0.2920923567131621;0.8315385313045943;0.948717267757293;0.8023495107083665;0.36237092139158905;0.6017770119968092;;0.24150444809234364;4.806910414378862e-06;17.076229836826133;0.125;0.3308057714408825;0.811
6.510488683391813;0.3366265113016725;0.7549964930790876;0.9974810945732081;0.7529270841493682;0.999999999881963;0.6288016432850128;;0.2035604333873466;4.806910414378862e-06;8.489979392538794;0.07333333333333333;0.27234488283854963;0.80525
6.193965517910067;9.91911941707772e-05;1.8044907575741158;0.9940491822180194;2.653931306500574;0.6362479942599252;0.6221059303300109;;0.37072532732201713;4.806910414378862e-06;23.941068273695173;0.0020833333333333333;0.16574937665049977;0.8065
6.2388245367553035;68.05555555557366;0.6628071890396898;0.9966983348217037;0.764778368763819;2.011737721101418e-12;0.1327472877751461;;0.14764500052708282;4.806910414378862e-06;22.741109282899576;0.004166666666666667;0.1808641388195358;0.79475
6.004226387469442;0.0062551806222778;0.6290093329108486;1.0909743490038946;0.6778442221815707;1.1443668921268064e-11;0.816774508327454;;0.40321734288432304;0.0013708017043195797;28.894918758714553;0.019166666666666665;0.14683149708948115;0.808
5.542202645517248;0.0036790996664926353;1.0820693385911067;0.9999898822619719;1.4285733638947258;0.4900742197376426;1.2313987371730295;;0.38168412864065193;4.806910414378862e-06;23.075757483104837;0.04625;0.1971880684223226;0.797
5.577884527504725;125.00000000001667;0.695126109973142;0.9729939028450543;0.8905399412299043;0.718322346051084;1.2882729535189357;;0.14764500052708288;4.806910414378862e-06;11.296087518721244;0.13125;0.2142048931529028;0.816
5.398753653236905;0.43722293623943265;0.7439403787486766;1.198614047097972;0.9478505532219073;1.0000000000000002;0.7956204789092333;;0.31156667255344417;4.806910414378862e-06;11.828917062281887;0.00625;0.23064936951092668;0.80625
6.601954827473956;0.058962493532388506;4.062677182562085;0.9965101353750475;2.2919266401245153;0.4729537229481913;0.8613140895847997;;0.14963136174785824;4.806910414378862e-06;23.63347340353089;0.012916666666666667;0.23766651663468513;0.81675
6.273344735981507;16.059990339237228;0.9445116088273777;0.9751702960348799;1.445573338057228;0.5203245934126439;0.31557166765313993;;0.1398380478242291;4.806910414378862e-06;11.21481891145865;0.06375;0.35520444471548723;0.79075
5.431946040584186;0.18714337055176114;1.151591003460547;0.9494463139998407;1.0343428472857217;0.3658107202564021;0.6023372897347318;;0.2838674955460847;4.806910414378862e-06;17.110887086904206;0.09541666666666666;0.3158409101795328;0.8145
6.510488683391813;0.013417757409389122;0.8168696923047952;1.0196883291330643;0.9603332190022081;0.9110722094885978;0.6351955043144666;;0.24573684034366705;4.806910414378862e-06;8.757553887115591;0.03333333333333333;0.2549530455891217;0.81925
6.193965517910067;2.2926037188888186e-05;1.527623035023315;1.1713235622920766;2.98141945672771;0.9999999999666654;0.8149739460692245;;0.43957342592742915;4.806910414378862e-06;21.157890352296665;0.0004166666666666667;0.14633159323964862;0.8105
6.832864699143937;9.600249903883958;1.36671529851766;1.0121726273833385;1.4631388063237154;1.5320938017783812e-11;0.14130414249161488;;0.23911750953980307;4.806910414378862e-06;22.843303552030427;0.00125;0.16393817060528132;0.79075
5.9396055400376575;0.0016971275535272634;0.7291352369628271;1.06426059705164;0.8587630903403487;2.2530295451147445e-11;0.644655645838512;;0.4204692370588439;0.0013708017043195797;35.69847982269919;0.019583333333333335;0.14563046412389608;0.811
5.671833740744588;0.0002692245902730962;1.118191521936932;1.0108909747158477;1.5049149677601332;0.8450452438691591;1.0309356080187484;;0.31507710095254055;4.806910414378862e-06;13.086918478806231;0.05375;0.20906564114760132;0.8065
5.714476066279493;0.20539045821665472;1.654334431436638;0.9729939028450543;2.2224309887269404;0.5878013064871744;1.2876896233013355;;0.17268848599775302;4.806910414378862e-06;11.127769368806435;0.14625;0.21727114889058;0.8115
5.398753653236905;0.24700436495989775;0.7797675214377723;1.3031083092265194;1.2527348901173678;0.9999999999999999;0.7935473147947555;;0.2781576964074759;4.806910414378862e-06;11.182832352949172;0.006666666666666667;0.23000551966354077;0.8025
6.060597096066455;2.540337634932535;1.0153929406333235;1.2852177854565563;4.032456645913087;0.33426004191845193;1.0457693545507707;;0.19548238376840532;4.806910414378862e-06;23.582803039988274;0.019583333333333335;0.23037064299497156;0.7965
6.273344735981507;24.08928567795596;0.9714121514164508;0.9751702960348799;1.67840727527701;0.502386648384197;0.3159015043922586;;0.1376905815433334;4.806910414378862e-06;11.218082340932293;0.06666666666666667;0.26787350189332143;0.807
5.431946040584186;0.9560706656025683;0.7412928665524178;0.9624314002346022;1.0757814420442136;0.43764840509378916;0.41328216594920225;;0.2415721397724236;4.806910414378862e-06;18.4912758529728;0.12208333333333334;0.31297966367602126;0.8185
7.104528845780447;0.1905782489851839;0.8825177373491075;0.9996380667156904;0.9391769319208536;0.9999999998959119;0.6296022398081619;;0.26181515295325614;4.806910414378862e-06;8.736827656142747;0.03958333333333333;0.21489509641950677;0.80425
6.206081804226124;0.0025723639407653908;0.8915091094061272;1.0382513564043596;2.297073702712064;0.6779454957057345;0.9479252363981717;;0.24914486406789163;4.806910414378862e-06;17.698839418233092;0.00125;0.15529780431613846;0.801
6.832864699143937;2.071112432289951;1.69049490338138;1.0133960137322053;1.772031741479759;0.030641876051666354;0.14337755994568263;;0.2655756644177137;4.806910414378862e-06;22.869281230933364;0.0008333333333333334;0.16225203762200385;0.7975
5.98927376729457;0.043888064812881496;0.6666890964011761;1.1301208434991952;0.6425380563635209;1.3092325300099187e-11;1.1713702578090903;;0.3480145600436996;4.806910414378862e-06;21.834741476277497;0.02125;0.14735681015416172;0.807
5.653079678545895;3.214354591123713e-06;1.0534474842546127;1.5841316950504207;3.1248728133664216;0.9999999999525521;0.3482939973256707;;0.6164249343299752;4.806910414378862e-06;18.686340745376164;0.050833333333333335;0.20640064585369503;0.81525
5.577884527504725;1025.0000000004989;0.6261483989758863;0.9729939028450543;0.8081266069859153;0.7350133631544306;1.28825560992553;;0.10936072618602562;4.806910414378862e-06;11.289702507342435;0.13041666666666665;0.21227472969418032;0.799
5.516983370902025;0.042138580767072144;1.0118065637032676;1.3777053031024122;1.8564547963237084;1.0;0.7920908623925674;;0.2943486579653452;4.806910414378862e-06;10.627277176740263;0.007916666666666667;0.22781271418161664;0.80125
6.060597096066455;18.623819898327355;0.9553982568448305;1.001135012989597;1.5723009420098406;0.5379927479116347;0.8616921231240507;;0.14062758071763623;4.806910414378862e-06;23.690692280552717;0.008333333333333333;0.225333031990415;0.7985
6.391441067659461;503.4722222215471;1.415704119422874;0.9751702960348799;1.4278845306456365;0.0;0.3314244712104188;;0.11198640412404927;4.806910414378862e-06;12.044045137953857;0.03833333333333333;0.24313775255418307;0.79475
5.431946040584186;0.04387000117986911;1.37564479023464;0.9711093265106282;1.5229665451285368;0.0;0.23799908938717448;;0.21178163189958726;4.806910414378862e-06;11.60464391898498;0.09833333333333333;0.3128626173175407;0.804
6.510488683391813;0.35591216132592834;0.7603271179026815;1.0212334987800027;0.704138263412599;0.0;0.4448921968978791;;0.1855494819875867;4.806910414378862e-06;18.317675892037524;0.049166666666666664;0.2473690056769332;0.7925
6.206081804226124;0.008815852970473539;1.109239399878813;1.0616434206574417;1.2715235193641414;0.6619669346482768;1.289759059914488;;0.26742228666589724;4.806910414378862e-06;27.46633343400531;0.0016666666666666668;0.16039369488552105;0.79375
6.231163061090539;0.003686454235565196;1.1776737411593199;1.030126162344605;1.318670367221361;1.0;0.23162960424824003;;0.23911750953980307;4.806910414378862e-06;22.778367027036722;0.00125;0.17738299308516658;0.7925
5.924652919862783;0.1315111377172567;0.5877301543450308;1.122097104082294;0.5735524952411359;1.2104550650407608e-11;1.1642267189353936;;0.24914486406789155;4.806910414378862e-06;20.828390633664053;0.0225;0.15171561943570144;0.80275
5.506930709910124;6.438553841583643e-05;1.3795151018245708;1.0516252926262095;1.3455949310777275;0.8376910578799842;0.3325527143662977;;0.6014841856599791;4.806910414378862e-06;15.520473334040728;0.032916666666666664;0.25374493997756575;0.805
5.173118334871992;0.29794136763374257;1.7655498060101886;0.9729939028450542;5.863437872060253;0.4865446818291117;1.2876850682288519;;0.10969767869772583;4.806910414378862e-06;11.113127068049293;0.14625;0.20444221617621786;0.81375
5.516983370902025;0.12625098130179938;0.6902279702073232;1.2547951749950916;0.8714884867679171;0.999999999961432;0.5954416064749751;;0.3234927450102506;4.806910414378862e-06;6.91300593852566;0.013333333333333334;0.25518316713184014;0.80625
6.611173357503335;0.002749108821692614;2.194487141348857;1.091989755855401;6.5847028217847345;0.9999999998556593;0.8769326928544204;;0.23420674336662;4.806910414378862e-06;24.849517994670574;0.0033333333333333335;0.2188900803049945;0.80125
6.391441067659461;8888.888888895961;0.651880802250352;0.9751702960348799;0.6693022849025476;0.0;0.33171043986090526;;0.10066859734278981;4.806910414378862e-06;12.062819618220498;0.042916666666666665;0.24578535650064792;0.79925
5.431946040584186;0.5321076798067388;0.8070804856237939;0.9624314002346022;1.2287689174624703;0.4200313487821219;0.41356558945391797;;0.22597106403582778;4.806910414378862e-06;18.503578089781982;0.10541666666666667;0.3116221397464363;0.79975
6.462293970922254;0.34550019025820905;0.6729733913418181;0.9935855381935698;1.1073587331266554;0.57810181861171;0.6234696440249368;;0.19000100462452843;4.806910414378862e-06;8.535342107997087;0.09625;0.2430271332191628;0.80875
6.1418049184756525;0.036280504788927435;0.7002288150684842;1.0175293501382547;1.021661600896261;0.6074147806092837;1.2621621829799492;;0.24914486406788605;4.806910414378862e-06;25.322154516253054;0.0033333333333333335;0.18098808774780964;0.81425
12.896829492604972;0.05299152747126965;1.0759967051097477;0.9809268915465802;1.1080509830287655;0.9999999999857968;0.41580287603488164;;2.1372822906723496;4.806910414378862e-06;13.58748141143497;0.0004166666666666667;0.1422610368436909;0.243
5.924652919862783;0.05077742766164255;1.0017341491528047;1.042819897432716;0.8067102105404157;0.0;1.3508429873539256;;0.23743403426908713;4.806910414378862e-06;23.535821266832695;0.02375;0.14995354739427388;0.8035
5.525615670539836;6.63402963764304e-06;6.090102606953211;1.1392626142860711;12.056101498848232;0.9999999998991629;0.8559029253664348;;0.7179787704243707;4.806910414378862e-06;23.283120981725116;0.04083333333333333;0.22584277484902437;0.8055
5.446529979189249;84.20138888892266;0.8926505719648065;1.1493526077533316;0.5818538199556914;0.0;1.0901608797369282;;0.10936072618602563;4.806910414378862e-06;1.525964257386144;0.11083333333333334;0.19122453938762934;0.80425
5.516983370902025;0.1654760747054326;0.6860345187217478;1.255015093826623;0.8667921445183898;0.9648250693611286;0.5953615288722729;;0.3609851678276512;4.806910414378862e-06;6.910392986818767;0.013333333333333334;0.25804449285138786;0.79875
7.076776773694903;0.0015482538931886395;3.3619261749934686;1.0409910220942458;4.674501090154393;0.23273509588344043;0.8689331515499619;;0.17894642228385468;4.806910414378862e-06;24.210654779279086;0.00875;0.23852959145954442;0.79425
6.391441067659461;858.1961591220924;0.8048591953177489;0.9751702960348799;1.3588769119825135;0.0;0.33194644654812605;;0.14490266885540648;4.806910414378862e-06;12.052905817413153;0.0375;0.23501514397997972;0.79075
5.973303771991687;0.11793542722157646;0.9049209320434943;0.9877920414465278;1.0973598877598931;0.446684352090107;0.41929105747108186;;0.27959607795878894;4.806910414378862e-06;18.96044866897288;0.1125;0.3129299081161888;0.79925
6.462293970922254;0.775088143346367;0.8542628907094332;0.9916009339682729;0.7747142618892571;0.0;0.4366025763928857;;0.17894642228385718;4.806910414378862e-06;18.258420941333288;0.09833333333333333;0.25332133867273293;0.80375
6.206081804226124;0.06256775630858806;0.828961866877313;1.0463496331085669;1.0086583107738882;0.7101372459513411;1.2825572637376927;;0.16363081700065474;4.806910414378862e-06;26.893972718887305;0.0020833333333333333;0.16299550070425012;0.7995
6.231163061090539;0.14418005863921216;0.8972684648394788;0.9787055399317139;0.9580658661977711;0.9999999999854072;0.41478304947802025;;0.2685240727448706;4.806910414378862e-06;13.484712620220707;0.0004166666666666667;0.1825238864979658;0.79175
5.924652919862783;0.07517906327856848;0.7156231405094015;1.043064027989237;0.6159442718178826;0.0;1.3393601898938727;;0.21106392316068232;4.806910414378862e-06;21.787339722370387;0.03166666666666667;0.15807427719985018;0.80725
5.557747317758122;4.7430206498365016e-05;0.7097600246405206;1.0990294836711894;1.2508853534321391;0.999999999990447;0.43480003775593584;;0.47415187200155656;0.0013708017043195797;42.09733725257363;0.024583333333333332;0.16931648969490778;0.805
5.446529979189249;12.59645061728344;1.5046877430902748;0.9945204060567449;1.7725631359415392;0.0;1.2875136812521624;;0.11198640412404945;4.806910414378862e-06;11.048321547641688;0.14;0.20061551681595619;0.80225
5.516983370902025;0.007324023716895385;1.154279159721655;1.042243254637842;1.0379906767241445;0.0;0.40046349732913367;;0.4002203846070088;4.806910414378862e-06;13.558598073011101;0.016666666666666666;0.2643088034787578;0.81425
6.601954827473956;0.3564980225659491;1.8762376484832344;0.9618608303257788;1.4336271825995397;0.6894592685055808;0.853806873794716;;0.15185183467815264;4.806910414378862e-06;23.051218062317176;0.0225;0.24523723364714542;0.80125
6.391441067659461;560.1834052429873;0.6546900804739912;0.9751702960348801;1.1925287562543443;1.0512519324690941e-10;0.33216238276900983;;0.21989236824806122;4.806910414378862e-06;12.050442024170849;0.0325;0.2172525612380411;0.79975
5.973303771991687;2.293458164521848;0.6769140222830032;0.9750089518247519;0.8514895784246777;0.0;0.22672137172689016;;0.23677052864684892;4.806910414378862e-06;10.659753953215366;0.14708333333333334;0.3506648534340348;0.80075
6.462293970922254;0.7434627105579428;0.6528793967752605;0.9953434486644737;1.0343341475881387;0.0;0.4375763739732968;;0.2166896571158125;4.806910414378862e-06;18.346342104197536;0.06166666666666667;0.22062661769978767;0.81275
6.206081804226124;3.2104957996272123;1.078756586531107;0.9854555901793086;1.1251082018382423;0.013986702816377018;1.1011965455774084;;0.15680986103289046;4.806910414378862e-06;19.596587242864935;0.002916666666666667;0.1651530076280174;0.809
6.374261161812325;1.6389992941275928;1.1050984203452614;1.0182861646325392;1.7049624979143232;0.37499999977792436;0.2371466699341309;;0.2277424554786085;4.806910414378862e-06;13.831849168378712;0.018333333333333333;0.19998123013845112;0.811
5.924652919862783;0.0011384190832504828;0.81831828207524;1.0470368143244921;0.9119806004370511;0.0;1.4285855379825738;;0.28922443298042194;4.806910414378862e-06;28.18797361266867;0.04;0.16330276548678033;0.81125
5.556642566160461;0.00014335572667486732;0.6412338403346929;1.228799984094993;1.1733769423824054;0.999999999996517;0.25499289315182583;;0.4817701419380094;0.0013708017043195797;45.92075539848182;0.023333333333333334;0.16156930507298753;0.8115
5.446529979189249;0.3808963562581196;1.6291477823874798;1.1133329764915134;2.524264438629173;0.5917517093011851;1.0904949991173805;;0.10936072618602981;4.806910414378862e-06;2.0364477764968347;0.12041666666666667;0.1906218109809791;0.8065
5.26756550364495;0.009003682693176402;2.5008748904210254;2.2100101684929188;2.2452830048207573;0.24407105389511033;0.22482689496051175;;0.3046500673238965;4.806910414378862e-06;11.592383986276168;0.0875;0.3293786030397235;0.79725
6.592488396873623;659.9537037037329;0.6131373360987152;1.0779854352047027;0.93002699891335;0.0;0.6936177481504052;;0.14893805524272563;4.806910414378862e-06;17.615210485766838;0.005;0.22702929217510728;0.8095
6.407297373571476;0.19136423806579914;0.8285633025832188;3.373884806691488;1.7158255724210987;0.8450806660901671;0.2722367260677039;;0.2618151529532561;4.806910414378862e-06;11.749294339790067;0.03625;0.22189148928856617;0.79425
5.973303771991687;0.8408505180542104;0.7944422472341728;0.9705645162310885;1.0120517340670552;0.0;0.2369850563519509;;0.18867849381177057;4.806910414378862e-06;11.489330830982857;0.15333333333333332;0.33278184935455474;0.8145
6.462293970922254;0.05475371043062799;0.6904081633388813;1.0140354163590715;1.0458239754093162;0.00575714943753661;0.25607409400242154;;0.21740389535781804;4.806910414378862e-06;18.04514473594058;0.042916666666666665;0.2216008718840981;0.80525
6.206081804226124;0.10170395064493686;1.058286556765;0.9863806851610413;1.0861939929373972;0.03604795768584724;1.1015336010853305;;0.15930096722722337;4.806910414378862e-06;19.627548904834274;0.002916666666666667;0.16087172117237694;0.80225
6.256164830134373;0.43741101524985604;1.2939653987290793;1.2627160823856354;1.8342821687797997;0.09843652472235359;0.23451158696957672;;0.24287517079627532;4.806910414378862e-06;13.759554465461871;0.025833333333333333;0.22303075403570918;0.7995
5.924652919862783;0.1194468686154883;0.7641971081772893;1.0428576275785046;0.6043992647014876;0.0;1.3394838172353216;;0.27538116308667365;4.806910414378862e-06;21.819689046196682;0.03;0.15315928224999603;0.7945
5.508447853690902;0.0001439681134643301;0.6520909187610961;1.1978267096608288;1.4119964425849076;0.9999999999964405;0.23844395630943127;;0.5527597870289118;0.0013708017043195797;45.69322804166059;0.020416666666666666;0.16440926640177236;0.7915
5.446529979189249;0.38870273036747377;1.4500183145682117;1.1998740943964443;2.2805748482311308;0.31123302498958255;1.0903138698146544;;0.1380119763727989;4.806910414378862e-06;1.7486125534801586;0.13208333333333333;0.1982507674511668;0.8055
5.26756550364495;0.46217674540868087;0.7504264110420872;1.0076599860903745;1.675014219667264;0.6546508215945376;0.12106638793111583;;0.17894642228385482;4.806910414378862e-06;21.483863888536554;0.06291666666666666;0.3701778504561149;0.80375
7.058091813065191;1.43967309145916;1.1435051137406576;1.0730230025753813;1.375470089921188;0.0;0.6938966183095655;;0.17082585317595128;4.806910414378862e-06;17.61435192910961;0.0025;0.23590471311881114;0.80625
6.391441067659461;1669.0779320987613;0.7014451797473756;0.9751702960348799;1.398886342729025;0.03170424586794523;0.3320485616098225;;0.19320355847387505;4.806910414378862e-06;12.051259096487277;0.03916666666666667;0.2230547873212193;0.80825
6.438907188183255;28.336059062006484;0.7414295634018471;0.9705645162310885;0.7930849454419155;0.0;0.22639713792063584;;0.22995715446864687;4.806910414378862e-06;10.593360954985561;0.13333333333333333;0.36645741097049855;0.8035
6.462293970922254;0.04035479680577327;0.7437420239890421;1.0319849228126778;1.0935675536311456;1.728710037305674e-12;0.26669796232643694;;0.2606744923125139;4.806910414378862e-06;18.62599781531527;0.08708333333333333;0.2460516803169144;0.80425
6.1418049184756525;353.0920187001636;0.7052139004392689;0.989389225715606;0.7462208085247216;0.002407123864505857;1.093040597847661;;0.13769058154333333;4.806910414378862e-06;18.833452066798642;0.004583333333333333;0.16739190263249296;0.7975
6.256164830134373;0.0018850384699378286;2.2274156128330427;1.004003956662833;2.663098679700229;0.3890272744644378;0.1367807117789846;;0.23972114341130532;4.806910414378862e-06;22.97885023812324;0.014583333333333334;0.2223565086097091;0.80575
5.924652919862783;0.026701304885585486;0.9785472289021203;1.0493176733859308;1.3000955931477534;8.971118825987505e-12;1.3290274625820822;;0.28922443298042194;4.806910414378862e-06;20.105985978757133;0.03791666666666667;0.1658672672698268;0.8
5.508447853690902;6.438296383483984e-05;0.8773232143519306;1.215200729991382;1.0486996929603343;1.0;0.241502419472125;;0.3759869393031919;0.0013708017043195797;50.20783267231977;0.0225;0.1599388504726661;0.8075
5.446529979189249;0.32354339625836054;1.0006087529081926;1.035906584063765;4.346993816877283;0.390950281218325;1.2876410101387559;;0.10562909491571013;4.806910414378862e-06;11.079272423816294;0.14541666666666667;0.2057661779116775;0.81
5.26756550364495;709.4017094017664;0.638597786331143;1.0207030639755872;0.5212180998890994;0.0;0.23301144194622295;;0.1555822431973336;4.806910414378862e-06;11.717157396065662;0.09125;0.3845910374615867;0.8035
6.592488396873623;42.2500221808283;0.7454136661115016;1.0736087438836361;0.9759145989433665;0.0;0.6934601330962379;;0.15489903008181594;4.806910414378862e-06;17.589393501355907;0.004166666666666667;0.23288621765009512;0.81425
6.391441067659461;8888.888888895961;0.651880802250352;0.9751702960348799;0.5966611379376185;0.0;0.33171043986090526;;0.10066859734278981;4.806910414378862e-06;12.062819618220498;0.0425;0.2431340495443689;0.80325
6.438907188183255;28.224034970241373;0.7589369541192146;0.9705645162310885;0.835783096223811;0.0;0.22689047751894317;;0.23972114341129758;4.806910414378862e-06;10.62199145480533;0.13958333333333334;0.35462028392618994;0.81225
7.056334133310888;0.6162969047414502;0.6996356455912582;0.9958743645987882;1.0011187518735765;0.0;0.437974762652713;;0.1960442748367437;4.806910414378862e-06;18.363624725219577;0.07375;0.21626992913458215;0.8155
6.1418049184756525;18.60678188446283;0.6976515601594356;0.989389225715606;0.8574824233923286;1.3848899416005867e-12;1.0928019056328178;;0.15558224319733352;4.806910414378862e-06;18.811647546641648;0.005;0.17032889550099983;0.79375
6.366599686147561;0.0077318498891373886;0.7396555152683952;0.9890714548743474;0.9063215560359715;0.999999999983169;0.23090914387754818;;0.26510295302490045;4.806910414378862e-06;22.553915032267614;0.00625;0.21295913012383802;0.807
5.9148423377674035;0.015773290850329042;0.6704439479783115;0.9972578603610879;0.9958521445706485;0.6169515847073133;1.2429774891625902;;0.25742552637554006;4.806910414378862e-06;24.04626000974176;0.03166666666666667;0.15702471294614112;0.79675
5.53995367030271;0.007909885586988531;0.7031750177875423;1.0465519652134667;1.1145109219309906;0.9999999999860734;0.9165629045029549;;0.2503800104857431;4.806910414378862e-06;13.222335321991666;0.0020833333333333333;0.13379190833650279;0.80275
5.446529979189249;500.55555555558567;0.9397726013042194;0.9941886206327656;1.0910773701009762;0.0;1.2876288378921608;;0.09660177923693747;4.806910414378862e-06;11.070700475583449;0.14208333333333334;0.2014100620550917;0.79825
5.26756550364495;0.1791818320510685;1.0296646588704457;1.012024589128655;3.751089818437266;0.7036255107015985;0.13898583089347893;;0.23743403426908719;4.806910414378862e-06;21.6411688317217;0.050833333333333335;0.35003841191857676;0.80775
6.583269866844244;1591.666666666659;0.6484925029122506;1.0278615898360597;0.765150280337592;0.0;0.6836772997305861;;0.11589575844026438;4.806910414378862e-06;16.773887792958046;0.01125;0.2320603608727049;0.79825
6.391441067659461;555.5555555566294;0.7842848617698301;0.9751702960348801;0.7502023174087357;0.0;0.3320079051419327;;0.09660177923693736;4.806910414378862e-06;12.082392602393801;0.04083333333333333;0.2513484271505034;0.8015
5.973303771991687;2.1856845657653055;0.6876256661435859;0.9720937616674858;0.8629883498924451;0.0;0.22852687058208684;;0.21872145237205537;4.806910414378862e-06;10.754547228205604;0.12291666666666666;0.34566557069299797;0.80575
7.056334133310888;0.65353069960462;0.7569250661459193;0.9946121728770081;0.7105326099143501;0.0;0.4247450206829329;;0.18867849381176344;4.806910414378862e-06;18.480478441292206;0.07625;0.21156648776854906;0.81425
6.1418049184756525;0.16891749048124563;0.646303307651317;1.0190164294827582;0.8073788810360725;0.607861985984277;1.2684793820119267;;0.15087654084113306;4.806910414378862e-06;25.791143507395507;0.004583333333333333;0.1728127637783042;0.80625
6.366599686147561;0.013651233024357898;0.829802188322258;0.9951107082727754;1.0016177367677925;0.9999999999819814;0.24101245337526617;;0.22995715446864678;4.806910414378862e-06;22.706052598540072;0.002916666666666667;0.19699469482216592;0.802
5.924652919862783;0.41918071839241083;0.6904300169414035;1.0424493551648137;0.5530562340093457;0.0;1.3450867778279059;;0.246875822936918;4.806910414378862e-06;22.681151195351607;0.02666666666666667;0.14928933929030047;0.8145
5.638118859502079;0.00010798800632481475;0.8556412885288963;1.088657487030138;4.662567239420466;0.49378286171765107;0.4758884366346396;;0.5647237892280448;4.806910414378862e-06;20.48026590366054;0.00625;0.2475112576156921;0.808
5.446529979189249;84.19143275709845;1.022975005078865;1.036822632859963;3.859969841744074;0.47194114533305764;1.2877042320092988;;0.0981162193217833;4.806910414378862e-06;11.09278516443432;0.14583333333333334;0.2074252057454857;0.79575
5.26756550364495;0.07246945800398931;1.1817289276139145;1.0080121332330025;1.9081248613575512;0.7911360225127728;0.12179217010728725;;0.33810622732928114;4.806910414378862e-06;21.52212106769214;0.04625;0.3251231193628175;0.79125
6.041912135436743;65.18694675651732;0.7044646542112961;1.0294751751429458;0.866004746089652;0.0;0.6836672024234708;;0.12666844282529188;4.806910414378862e-06;16.777912646888986;0.010833333333333334;0.23031513106184814;0.80775
6.391441067659461;555.5555555566294;0.7842848617698301;0.9751702960348801;0.7512131725762731;0.0;0.3320079051419327;;0.09660177923693736;4.806910414378862e-06;12.082392602393801;0.04041666666666666;0.24160445065334726;0.795
5.973303771991687;0.0033847128116887854;1.3156239849183544;0.9613411237257627;1.4602690628361026;0.0;0.25035973116993854;;0.2918498947619511;4.806910414378862e-06;12.41068347194067;0.0975;0.3210157892987487;0.8005
7.056334133310888;1351.5586969016974;0.7710893042212972;0.9946121728770081;0.8649891147612959;0.0;0.4249624654158514;;0.21314850576551359;4.806910414378862e-06;18.497958598395524;0.04083333333333333;0.20810879534386525;0.79675
6.1418049184756525;0.013006224591444328;0.7042315937777667;1.0083865252608222;1.0268264619124006;0.6275877795194185;1.2621615251019123;;0.15680986103289624;4.806910414378862e-06;25.310178198821642;0.00625;0.1761443559924221;0.81125
6.366599686147561;0.15958659325152505;0.7054496110001589;0.9911723044753332;0.7750483343063201;0.9586905136719642;0.4180911817521404;;0.32492721449830714;4.806910414378862e-06;13.471872719712074;0.0004166666666666667;0.19530733020308852;0.80225
5.924652919862783;0.04889761455637248;0.6162298338510225;1.1773430264923554;0.6769647524059503;0.0;1.1574513936974586;;0.2148305024007174;4.806910414378862e-06;19.834917737456394;0.025416666666666667;0.15254056634667157;0.806
5.638118859502079;0.0006328162661328171;2.6887018529459734;1.0977905260613932;16.30257124532681;0.9999999999573608;0.3477474752186245;;0.606314412022937;4.806910414378862e-06;28.078077228011537;0.00875;0.23788760616869556;0.81475
5.446529979189249;0.011714091714332664;1.2618292879025752;1.0256043907217396;1.4718210393321023;0.0;1.3899867569174968;;0.1380119763727989;4.806910414378862e-06;21.04249806485812;0.16875;0.2181124479160666;0.8015
5.26756550364495;7.129423557260129;1.8638811259266876;1.020635938425691;1.7587618472653994;2.440710537488672e-11;0.23327240066442334;;0.28980533771081246;4.806910414378862e-06;11.781216622887856;0.07291666666666667;0.3355415138929222;0.809
6.060597096066455;1.1424263038550706;1.6610301291945617;0.9618608303257788;1.715907328914407;0.6837722339811108;0.8537502751141649;;0.14621997661147912;4.806910414378862e-06;23.07171302326142;0.023333333333333334;0.2349198958826812;0.807
6.391441067659461;3.472222222218468;1.3678614825001862;0.9751702960348799;1.0741843948084875;0.0;0.33190935149521766;;0.10500018384161128;4.806910414378862e-06;12.093121874185734;0.042083333333333334;0.2589493502977045;0.79975
6.438907188183255;0.1814669292560679;0.9625936714545985;0.9736277256113762;1.3720126112465265;0.0;0.23863643391957312;;0.29322357565261464;4.806910414378862e-06;11.483576909806096;0.12166666666666667;0.33003431972682423;0.80725
7.056334133310888;0.65353069960462;0.7569250661459193;0.9946121728770081;0.7809968795940041;0.0;0.4247450206829329;;0.18867849381176344;4.806910414378862e-06;18.480478441292206;0.07541666666666667;0.2124554261023283;0.80375
6.1418049184756525;1420.38532188348;0.5557357434245745;0.989389225715606;0.7428391501172191;0.0;1.0928919242192816;;0.1376905815433369;4.806910414378862e-06;18.815141904874118;0.005;0.16756766525908734;0.7955
14.730361734976496;0.11889258614966858;0.727123324647165;0.9982391333168223;0.7970177595584828;0.9999999999864281;0.4186176912933793;;0.8449842367106368;4.806910414378862e-06;13.508292744557053;0.0004166666666666667;0.03161197633502233;0.23675
5.9148423377674035;0.037093846286248226;0.6616904541799619;0.9848671363169034;1.135921390268102;0.7967914764574976;1.0617863180776395;;0.30790354832850064;4.806910414378862e-06;16.107291599717428;0.0325;0.15433018635080978;0.80725
5.630608583089871;0.0005544741336619853;1.6164538739597671;0.9860117871794204;1.3463921978952087;0.999999999886371;0.722063804845117;;0.22074860326522736;4.806910414378862e-06;18.39190110802009;0.004166666666666667;0.13654101083410305;0.7995
5.446529979189249;84.19143275709848;1.021441677700245;1.0366200761358728;3.0462268300941915;0.4744617270464496;1.28770283359926;;0.1120524511355504;4.806910414378862e-06;11.089700701626828;0.15375;0.20217192025397687;0.8105
5.26756550364495;49.64923469387755;1.1539201520448048;1.0208576505908713;1.2737552723513197;0.0;0.23311426407913094;;0.193203558473875;4.806910414378862e-06;11.75869818150072;0.08791666666666667;0.34699387456129416;0.80125
6.060597096066455;0.09676153912639958;0.9659258409041978;1.2841150278384401;3.4111792642042795;0.6286093235439422;1.045408479858293;;0.14062758071763623;4.806910414378862e-06;23.564697457512136;0.022083333333333333;0.2258332792094197;0.80525
6.273344735981507;305.2126200278055;0.9436654196696483;0.997955963147646;0.7471093543691204;0.0;0.473640681884026;;0.1398380478242291;4.806910414378862e-06;18.803471088912122;0.04791666666666667;0.26792265862021697;0.808
6.557003519861208;0.09586523362074116;1.1838943011854788;0.9569348470144987;1.4968602716719464;0.0;0.25041459156126356;;0.2422865489626531;4.806910414378862e-06;12.25767487131798;0.06666666666666667;0.2791057413080481;0.79625
7.056334133310888;0.5468009672254318;0.9491123020453776;0.9851042509282404;0.8746929251037946;0.0;0.4192194376503976;;0.21178163189958088;4.806910414378862e-06;18.610290116864938;0.05583333333333333;0.21168041881719227;0.807
6.280654543732371;0.002777781147346623;0.7902948213763032;1.028003963520201;1.6473961639259431;0.5917517095270023;0.9078634731001541;;0.20210480400764652;4.806910414378862e-06;13.779051131545112;0.00625;0.16975030003449726;0.80425
6.816017025867044;0.006624806675184995;2.104065360121728;1.3262934405949922;2.7025048310432216;0.3993504103738075;0.24425316012323847;;0.33107900061456913;4.806910414378862e-06;14.381474838835784;0.00625;0.21763289471957228;0.80425
6.118312810455908;0.0006443655341741811;0.8852279031016533;1.009552870272543;2.2464054356226804;0.6564848938732184;0.8880783176935233;;0.36337851768190466;4.806910414378862e-06;11.912580110981377;0.02625;0.1508508352868549;0.80625
5.69549219141718;0.0066430615290647465;0.7031614202165352;1.0101840583815707;1.1299979858049432;0.9320972927260028;0.5453976234537027;;0.2503800104857431;4.806910414378862e-06;27.294318802036315;0.004583333333333333;0.13913490360690173;0.8085
5.446529979189249;9.201388888882045;2.425798040898676;0.9941983978762989;1.6973362406404293;0.0;1.287643745993179;;0.11198640412404931;4.806910414378862e-06;11.080489660901577;0.14708333333333334;0.2094863549567375;0.81325
5.26756550364495;447.6273148148357;0.7524278382163316;1.0206927846191491;0.6653300018255625;0.0;0.2329985470961084;;0.1684612993362808;4.806910414378862e-06;11.723771515176619;0.085;0.37433583791532155;0.79675
6.060597096066455;0.09676153912639958;0.9659258409041978;1.2841150278384401;3.8934151170451354;0.6286093235439422;1.045408479858293;;0.14062758071763623;4.806910414378862e-06;23.564697457512136;0.00875;0.22608188272891466;0.79425
6.273344735981507;33.38540105939495;0.9892699080426017;0.9751702960348799;1.450480376625128;1.2582470075588608e-10;0.33184959043656004;;0.1398380478242291;4.806910414378862e-06;12.115390012797896;0.04583333333333333;0.2782161620446911;0.80075
6.421566894804187;1.6103703703705048;1.372571346058852;0.9820643819383894;1.1981280012333864;0.0;0.2636302431887715;;0.24393432193403777;4.806910414378862e-06;13.128103900498019;0.06708333333333333;0.2303758700102832;0.79825
7.056334133310888;0.12294989385281967;0.7962973870425006;0.9851042509282404;0.9094859406462285;0.0;0.41900831716679793;;0.2062001058974365;4.806910414378862e-06;18.593453400188785;0.07291666666666667;0.2156413164961686;0.80325
6.206081804226124;2.9421060556592735;1.0537200806788058;0.9854020434638912;1.0826533555469553;2.115150065689666e-11;1.1012349866911737;;0.16363081700065474;4.806910414378862e-06;19.59188536889591;0.0033333333333333335;0.1608110169177098;0.80975
14.738023210641261;0.00016016431843454684;5.46360449370112;0.9928238120107951;4.037360657032591;0.5818344531239714;0.4202706344302699;;0.8284278144706367;4.806910414378862e-06;9.041985593417575;0.016666666666666666;0.21108849136692903;0.24275
6.063502545119503;0.022420637043398074;1.0699872972470266;1.042749819098294;0.9049532720894806;0.0;1.3508019922929697;;0.31117771196598704;4.806910414378862e-06;23.517228031450514;0.02375;0.149174078961752;0.81925
5.58992414703252;8.706742720507257e-05;2.2686660453886187;1.1866998214033266;2.724790012021305;0.9999999999900421;0.6270067515127802;;0.37728534623002397;4.806910414378862e-06;13.938403182672952;0.007083333333333333;0.2714121247695175;0.80225
5.98788771059675;61.962300137974545;0.8772385251781069;0.9963101335100054;2.5356933283687217;0.3320525123639015;1.2876959297759862;;0.22989317497945302;4.806910414378862e-06;11.110675926621175;0.13708333333333333;0.22545113052935756;0.819
5.808923235052451;292.5925925926792;0.7262950241377354;1.0207578160284656;0.5486715221120033;0.0;0.23308741373357988;;0.14490266885540623;4.806910414378862e-06;11.706480908129285;0.09333333333333334;0.39193301907794603;0.81
6.060597096066455;286.8679490301124;0.8087534147314133;0.9985156835898208;1.5286740569248496;0.6464466091737825;0.861018525177536;;0.10110774385549998;4.806910414378862e-06;23.64175715875954;0.01;0.225121249567362;0.80375
14.195350920755725;58.6429816283407;0.7305334690304839;0.9844275510240106;0.9228797564366097;0.19377422522971297;0.3319150458670978;;0.22529856153870656;4.806910414378862e-06;12.14610343879142;0.05875;0.049300557133406434;0.243
6.48561791318576;0.05063444636936328;0.9231131641451991;1.3475881583899325;0.9580397319008007;0.34680273521794364;0.20070998438310209;;0.20210480400764413;4.806910414378862e-06;13.751165488616207;0.05;0.2381871062401267;0.8025
6.2959942473326915;0.34775673864468565;0.7055881561347062;0.9710236968904005;0.9775767400479066;0.0;0.6066869482727719;;0.21178163189958724;4.806910414378862e-06;9.257831024107018;0.12208333333333334;0.26183690399117654;0.80725
6.1418049184756525;318.5712816694457;0.7423273532152974;0.989389225715606;0.8054147302359941;0.0;1.0927467981525665;;0.13769058154333655;4.806910414378862e-06;18.79734590437432;0.005833333333333334;0.16679392907223833;0.8105
5.972002239716729;0.00022888968504265338;1.738236383060991;1.0608052060402884;2.0167688649769473;0.999999999946487;0.6163601076193308;;0.5500603133311187;4.806910414378862e-06;13.488299218223753;0.0004166666666666667;0.1879433258611009;0.80275
6.004226387469442;0.0004552986136282582;0.6153061118136853;1.06785567266934;0.885225527100723;0.88817169584006;0.5246106289775211;;0.4226390640345803;0.0013708017043195797;44.7070922028106;0.015833333333333335;0.13789040898513175;0.814
5.69549219141718;0.009619097255590786;0.7144438324506847;1.0164422267551452;1.6357477258317483;0.9999999999805081;0.5538248808838243;;0.30453487631806053;4.806910414378862e-06;27.72848537816649;0.005833333333333334;0.1400929270734634;0.80575
5.98788771059675;61.962300137974545;0.8772385251781069;0.9963101335100054;2.842831994042467;0.3320525123639015;1.2876959297759862;;0.22989317497945302;4.806910414378862e-06;11.110675926621175;0.13666666666666666;0.22480926828575826;0.808
5.808923235052451;106.22222222229256;0.8201037900971512;1.0208300162174413;0.6936189409759734;0.0;0.23356112571756876;;0.14764500052708282;4.806910414378862e-06;11.723713092576638;0.09;0.3855803192534894;0.79425
6.060597096066455;1406.9959953682983;0.6791448021052271;0.9980580640760554;1.3218673317891887;0.6077677295541143;0.861008430691959;;0.11205245113555036;4.806910414378862e-06;23.637208812756796;0.014583333333333334;0.22765570881195837;0.793
6.273344735981507;149.93790634818006;0.7654422828001798;0.9792269549598082;0.8940755645934069;0.36754446780002475;0.3316874331585694;;0.26067449231251566;4.806910414378862e-06;12.149425725908628;0.04583333333333333;0.3249832764769151;0.8055
6.572859825773223;0.12900853221295053;0.7167375256751136;1.2287974516816924;0.7729318269609918;0.2115032866942307;0.18107160128724373;;0.16846129933628068;4.806910414378862e-06;12.844389463544536;0.06458333333333334;0.3066805598879149;0.80325
6.431430872389713;0.011727544986795374;1.2597155300549776;0.9500041594342605;1.5978105780152254;0.0;0.4086434930522763;;0.35545661010946056;4.806910414378862e-06;18.850467380309244;0.15625;0.2841176521422837;0.80625
6.1418049184756525;0.5132138359328219;0.692534429607068;0.989389225715606;1.2583736798157075;0.007140233973033418;1.0849635427017905;;0.11986057170565659;4.806910414378862e-06;18.068443180712165;0.007083333333333333;0.17139364317911096;0.7965
14.378296801312228;3.984068615270386e-06;1.8386100507519776;1.226277150870891;2.206604823849021;0.8010282589834721;1.0030304462445025;;1.0272481706985983;4.806910414378862e-06;10.44728626171011;0.0004166666666666667;0.16416211737721997;0.243
6.111265592850717;1.2922355885672578e-05;1.068774239575525;1.0960392025833623;1.8534735749149969;0.9999999999708679;0.8479312668775899;;0.8003358315573842;0.0013708017043195797;45.30341294880062;0.0004166666666666667;0.10455975315414327;0.8065
5.647297478947621;0.0013984433923585494;0.9586013635572505;1.1745700228294504;1.283141593490019;0.8125789101365612;0.3550874232659796;;0.3707253273220171;4.806910414378862e-06;35.85232944129565;0.010416666666666666;0.14094046386185824;0.8045
5.98788771059675;1133.652949245539;1.1131730945361382;0.9969536349339709;3.3685811496820195;0.40530803196321463;1.287725391261306;;0.2310249108099649;4.806910414378862e-06;11.120761218222208;0.1425;0.22850184283214706;0.80275
5.26756550364495;0.3078998025628994;0.9846191343494941;1.1673044391259944;0.9917560924658139;0.7907846951542579;0.6065705244078995;;0.21548348049218521;4.806910414378862e-06;9.481566653844428;0.12541666666666668;0.383048579427609;0.80525
6.060597096066455;402.22222222222246;0.6222310268488309;0.9976450757845085;0.8531289820152843;0.5527864045123797;0.8610028641733838;;0.13983804782422912;4.806910414378862e-06;23.633082730824118;0.012083333333333333;0.22854614866780754;0.8065
14.195350920755725;74.77777777778287;0.8008709498354524;0.9792269549598082;1.085660603431096;0.386150185742816;0.3317069353160091;;0.3082404457115437;4.806910414378862e-06;12.150498778021198;0.05125;0.3411778096636865;0.234
6.45476349409527;0.002809571268676326;0.8335182700836569;1.2426078527965536;0.9256529579806365;6.507999525841697e-11;0.17924662338672048;;0.3271790235647795;4.806910414378862e-06;12.868859922630246;0.115;0.3232106953338273;0.80575
6.2959942473326915;0.39104871287915954;0.7541771287597054;0.9710236968904002;1.322921394535183;0.0;0.6072553670149017;;0.15680986103289038;4.806910414378862e-06;9.41575364760569;0.08166666666666667;0.2281623039359658;0.79175
6.1418049184756525;0.5886373180111776;0.6964856524629255;0.989389225715606;1.3116618716579844;0.0;1.0847122905629567;;0.13474581071973496;4.806910414378862e-06;18.044051807764536;0.008333333333333333;0.1741749480803045;0.80475
7.085446128419278;0.0038361879370838055;1.1457889381130086;2.1270268557368266;1.505257903597156;1.0;0.807358571820939;;0.6043487620488251;4.806910414378862e-06;8.857201727625707;0.00125;0.17198083254133642;0.8005
6.110160841253055;1.0589015162115739e-05;1.1039043714900014;1.2288271951100262;1.4251485923635372;1.0;0.6749574081065979;;0.7128600823113894;0.6321205588285577;59.53574126495319;0.0004166666666666667;0.10592095427584565;0.8125
5.67880329555943;0.048519657863795924;0.7022940572119362;1.0477230430365878;1.1132920596738778;0.9688738214896383;0.9167753782451312;;0.22989317497945302;4.806910414378862e-06;13.27515871344628;0.0016666666666666668;0.13115181019227098;0.7885
5.98788771059675;0.6689874345958708;2.5779500444920034;1.1573390280117815;2.9258524567666067;0.5897356560616261;1.0903448965762659;;0.19320355847387488;4.806910414378862e-06;1.8724494425270786;0.13083333333333333;0.21237429066192157;0.78875
5.286250464274662;0.6835649128492011;1.0623275184415946;1.123176976973506;1.1804644299099685;0.5884460013549933;0.8009245320512867;;0.24635355619955343;4.806910414378862e-06;19.125650764619653;0.15041666666666667;0.3905389704171254;0.806
6.592488396873623;249.45040269559476;0.7449604672672373;1.080896747731232;0.9360237155402644;0.0;0.6935697374543154;;0.13769058154333355;4.806910414378862e-06;17.62003753258349;0.005416666666666667;0.22524370648920122;0.79
6.273344735981507;53.281563416701054;0.9388776125913717;0.9792269549598078;1.1264494137922272;0.2976035935335118;0.3317497740494118;;0.30596392967093083;4.806910414378862e-06;12.162575315373587;0.04875;0.34209004282058536;0.807
6.557003519861208;5.3345125376199976;0.815141995677011;0.9679194680873369;0.7226159984079014;0.0;0.26193075219384626;;0.18867849381177051;4.806910414378862e-06;13.096471116612992;0.07583333333333334;0.31301366828343463;0.81275
6.890034409721325;0.2737527926203623;1.046738879478761;0.9710236968904005;1.3784843203081965;0.0;0.6058400817304891;;0.26181515295325614;4.806910414378862e-06;10.126845057888163;0.05125;0.19529040367805645;0.80525
6.1418049184756525;6.3023947274009435;0.7995832996565889;0.989389225715606;0.8568081760885117;0.1043416554967748;1.077067865935702;;0.1990257473290183;4.806910414378862e-06;17.324809070953545;0.009583333333333333;0.18047377075620172;0.803
6.950009503362256;0.0238313612441564;1.1247149259488074;3.8802342182428995;1.1175255989904032;1.0000000000000002;0.804881218685046;;0.4665022246066834;4.806910414378862e-06;8.696375755612598;0.0008333333333333334;0.1591079893733642;0.80625
6.235162597932563;3.921333467735286e-06;1.3990866406933535;1.1460181921133157;2.2595097400855013;0.9999999999797;1.2775806713521518;;0.7795476046446645;4.806910414378862e-06;33.80933985826494;0.0008333333333333334;0.10725481234116546;0.8145
5.499269234245359;0.004676133869864223;1.462430739188905;1.0966596348304687;11.95502341284124;0.999999999940563;0.31620048459269445;;0.49295312990986623;4.806910414378862e-06;26.883074278285825;0.011666666666666667;0.2622418635352654;0.81025
5.98788771059675;27.61497773110982;1.0273579273776636;1.1536445147730174;1.4942657935806352;0.3221656104482656;1.090255774439135;;0.17894642228385477;4.806910414378862e-06;1.6997719875197408;0.12375;0.20272234485604815;0.80225
5.8276081956821635;0.356178826563096;0.8771022855232288;1.0256448220401653;1.002879836142312;5.4241651408706e-13;0.9988591110636156;;0.26017110228842294;4.806910414378862e-06;17.602808338306847;0.17041666666666666;0.38648378179507564;0.803
6.592488396873623;1661.7038972451976;0.6388419771232965;1.0793652387026453;0.9659323528379011;0.0;0.6935909327165679;;0.1408884962001855;4.806910414378862e-06;17.617340365496727;0.00625;0.22606732881111147;0.81275
14.195350920755725;46.91358024689805;0.7279471327892881;0.997955963147646;0.9232939233948251;0.19821627409468143;0.47342869068227267;;0.19526873212624613;4.806910414378862e-06;18.8075273419585;0.005;0.170462659820712;0.246
6.557003519861208;11.50119165023092;0.8364502484464185;0.9820643819383896;0.7379831480401663;0.0;0.26253708065755305;;0.18867849381177074;4.806910414378862e-06;13.094990812414506;0.05291666666666667;0.3085068039708029;0.79175
6.902150696037381;0.41772345583282194;0.8756586775932333;1.0227191193521596;1.0418694815146798;0.0;0.8015670720534844;;0.2796760956484585;4.806910414378862e-06;6.309482142026289;0.05708333333333333;0.19851646728971567;0.80925
6.1418049184756525;26.91038048155467;0.7255855296751287;0.9881814530650237;0.7889222536745559;1.0293879065769126e-10;1.0773100442396986;;0.13474581071973488;4.806910414378862e-06;17.348482431565234;0.01;0.1779153793458534;0.81125
7.54404966575089;0.07962993095325822;0.7512911821584326;3.9258648523689588;0.8566004266093269;0.9999999999999999;0.7999611499651104;;0.5347639736671873;4.806910414378862e-06;8.260751929688691;0.0004166666666666667;0.1533077792809156;0.7955
5.97946318519919;0.0011866280081659355;0.9574713566280629;0.981672104498576;1.3788592880312123;0.8077532384702791;1.0767621654577644;;0.3869013391622849;4.806910414378862e-06;17.5617674512465;0.017083333333333332;0.14053849428785148;0.80975
5.491758957833151;0.15058910271633538;0.6465255297486963;1.0789810564114202;1.0344813187890127;0.9999999999900283;0.9121413126726611;;0.30453487631806053;4.806910414378862e-06;12.42023908252931;0.0025;0.1329977860141574;0.803
5.446529979189249;8888.888888895961;0.697883845266121;0.9934904393438927;0.5227787845352363;0.0;1.2875692241292747;;0.05599320206202055;4.806910414378862e-06;11.062252724281478;0.14666666666666667;0.20613474670744145;0.8045
5.8276081956821635;3.946589025617611;0.816235648295052;1.121214324415544;0.962761019940191;0.5454545454354924;0.8008453420403066;;0.21989236824806146;4.806910414378862e-06;19.103575564851127;0.17375;0.4143264527850683;0.802
6.041912135436743;65.18694675651732;0.7044646542112961;1.0294751751429458;0.9098054111652587;0.0;0.6836672024234708;;0.12666844282529188;4.806910414378862e-06;16.777912646888986;0.010416666666666666;0.23026788639350032;0.7955
6.273344735981507;211.80555555564646;0.7834424238146542;0.997955963147646;0.8536621549220497;0.0;0.47341825066128507;;0.14267775705594107;4.806910414378862e-06;18.795680992389272;0.051666666666666666;0.2740360896741569;0.801
6.605198232330767;0.35861270971136644;0.7340498920661517;0.975110585526523;1.108672965777499;0.0;0.2754362709641033;;0.1939873577247804;4.806910414378862e-06;14.004272120304607;0.059583333333333335;0.3035693775351039;0.79925
6.3081105336487475;20.50393282183545;0.6062065535241711;1.0111781874710473;0.7486155296368006;0.0;0.8008573493302567;;0.2258877375183595;4.806910414378862e-06;6.000156640902258;0.06666666666666667;0.2226558963742036;0.806
6.1418049184756525;0.004412427885239883;1.11877680924626;0.9866156875415063;1.1369274567137888;0.49760190457126774;1.0702355048566567;;0.169117255811668;4.806910414378862e-06;16.686278186443033;0.008333333333333333;0.18050263310843703;0.79975
6.950009503362256;0.29995075441142044;0.6994887033041886;3.622519096697593;0.8026243251522965;1.0;0.7972921773824644;;0.30755478789721385;4.806910414378862e-06;7.9263430300248485;0.0020833333333333333;0.16520809919465995;0.808
5.984405143126361;0.004364680553079714;0.8065381595605691;0.9978897587664829;1.2643927133279589;0.529010549137602;1.2491166386317099;;0.29281831069837;4.806910414378862e-06;24.55004959813565;0.02666666666666667;0.14296986994711647;0.8025
5.69549219141718;0.00023761942461436627;0.6674949570623874;1.1894599166758562;0.9334792991608182;0.9999999999999999;0.2984772812738313;;0.43454380722913793;0.0013708017043195797;50.97289412360132;0.01;0.1547467702974779;0.8015
5.446529979189249;3680.5555555545798;0.8658539809457102;0.994106891747154;0.7584473094678391;0.0;1.2876280232368582;;0.05664848591880364;4.806910414378862e-06;11.071793872105793;0.13916666666666666;0.20350727474962904;0.81
5.8276081956821635;0.37635239339010074;0.8634466059173;1.0252360224273256;0.9901617583542219;4.971195113157293e-13;0.998701457037347;;0.21875527610686632;4.806910414378862e-06;17.560366294340785;0.18208333333333335;0.40296224274735964;0.81275
6.041912135436743;0.2938330063180397;1.168819409670388;1.2275876893014896;1.1924756128217686;0.4512967387282947;0.5210166796957426;;0.21000036768322694;4.806910414378862e-06;14.33001436463862;0.005;0.22541519801434115;0.798
14.195350920755725;46.91358024689805;0.7279471327892881;0.997955963147646;0.9105095772939624;0.19821627409468143;0.47342869068227267;;0.19526873212624613;4.806910414378862e-06;18.8075273419585;0.04958333333333333;0.08363950272554245;0.2425
7.180906733975453;0.19920053419568087;0.8032840680418216;1.3083328289670797;0.8538777123187499;0.3075258275081968;0.1992874696192869;;0.2463557504549115;4.806910414378862e-06;13.784722688507879;0.07208333333333333;0.30331018102588453;0.81175
6.3081105336487475;22.779164369177945;0.578315547674897;1.0108346042315324;0.714760148453618;0.0;0.8006704324859432;;0.22058135361769593;4.806910414378862e-06;5.906699750079201;0.07875;0.2327342519368535;0.805
6.1418049184756525;0.004412427885239883;1.11877680924626;0.9866156875415063;1.1141062139281572;0.49760190457126774;1.0702355048566567;;0.169117255811668;4.806910414378862e-06;16.686278186443033;0.01125;0.18081918212892661;0.79125
7.0866010421370245;0.09627863858484764;0.630213069288093;3.2359693090883725;2.6447129063202826;0.9999999999999999;0.7950787979067397;;0.28035172879261905;4.806910414378862e-06;7.710325775701777;0.0125;0.17267113923606306;0.80275
5.994215725221741;0.0016341198035672696;0.850941921628652;1.1623988565346015;0.9749309146256663;0.0;1.1455644395158444;;0.39307417087739344;4.806910414378862e-06;18.038252878669272;0.024166666666666666;0.14172934350981553;0.803
5.656181500567914;0.0024254352234102192;1.1581516107698009;0.9995002215047932;1.7432801574844778;0.3023553222981295;1.2274103681967494;;0.3932229684299582;4.806910414378862e-06;22.847518507216215;0.034583333333333334;0.20485707364476433;0.81125
5.446529979189249;1388.8888888877837;1.2388763198087434;0.9940812916998597;0.9679650481695082;0.0;1.2876302363825618;;0.05664848591880364;4.806910414378862e-06;11.073790230662453;0.135;0.20604399920815863;0.80775
6.293211611873732;5.7996264275228055;0.7546320074434295;1.1217598549094947;1.0903254004062655;0.4676028625182976;0.8009352279109275;;0.22597106403582784;4.806910414378862e-06;19.086088225342003;0.17583333333333334;0.41466118746619907;0.8105
6.583269866844244;0.9296004647985407;0.9498948321562763;1.227517316380148;1.0156447093953114;0.2670614070348843;0.5206778396123366;;0.12555796574642175;4.806910414378862e-06;14.280244881742393;0.007916666666666667;0.23173112273062704;0.7995
14.195350920755725;0.8508903830005604;1.7364286047811714;0.9948264485474061;1.6019729189098235;0.5256583506578704;0.4735210539596868;;0.2911861887262198;4.806910414378862e-06;18.83618475301128;0.04666666666666667;0.08605438730673075;0.2435
7.165050428063438;0.40479630522163873;0.8324483897180014;0.9693268521613442;1.2254428707391405;0.0;0.27611869261631844;;0.2452944048792448;4.806910414378862e-06;14.063908717156968;0.06458333333333334;0.30170373322311467;0.80575
6.2959942473326915;8.682160687869834;0.7384403152089002;0.9765341774421827;0.7734939184250861;0.0;0.6025988018760843;;0.19320355847387516;4.806910414378862e-06;10.379321058782637;0.11875;0.23457125669892798;0.81
6.1418049184756525;9.332010110908074;0.8498933709070678;0.9881814530650237;0.9036252267758179;0.052669066603891916;1.0773459757840713;;0.14062758071763615;4.806910414378862e-06;17.348421053476255;0.008333333333333333;0.17528010914632303;0.80975
7.107205189417064;3.1583172465679406e-08;39.980952141174185;1.0673129450508112;34.6263528987055;0.0;0.9900249778083299;;0.35102572125307224;4.806910414378862e-06;9.00796692582399;0.007083333333333333;0.1742595722925073;0.81825
5.999949815367234;7.58753986847792e-05;1.2468429177005012;1.2396028782884094;1.3327388434497225;0.42701741529123616;0.7552979169458354;;0.5002073052347228;0.0013708017043195797;24.305852957002983;0.02666666666666667;0.145571953611319;0.80475
5.680944702838167;0.0002351241099546585;1.0762369201731503;1.1230263910256626;1.2219671308847837;1.4145674498750952e-11;0.8105222223749686;;0.6866678836026184;0.0013708017043195797;28.31766955489245;0.009583333333333333;0.1741333315606443;0.80425
5.446529979189249;233.3333333333095;0.7559801072233386;1.1514520566345279;0.5730601296610996;0.0;1.0903014187755067;;0.10066859734279456;4.806910414378862e-06;1.679093918905145;0.11041666666666666;0.18968528213134012;0.80225
6.293211611873732;10.455594476172983;0.7144337226400634;1.1220341296082377;0.86116040116862;0.4815241526398142;0.8008157600705541;;0.22529856153870645;4.806910414378862e-06;19.082160410637982;0.1825;0.40182237589881803;0.8065
6.583269866844244;230.55657015777015;0.6158763589116857;1.163792379079523;0.7919729185908931;0.034700196233427294;0.5085857127350831;;0.1568098610328962;4.806910414378862e-06;13.323351502245703;0.010833333333333334;0.24124504793818596;0.8095
6.273344735981507;24.12400328364494;1.073784919537131;0.9948264485474061;1.162816744377502;0.32917960661847456;0.4732444280689038;;0.1952687321262463;4.806910414378862e-06;18.8080780900672;0.04083333333333333;0.29807611770521736;0.8045
7.165050428063438;0.7991328789281349;0.6768219521019361;1.0501489271976885;0.7592916457170235;0.06287736388219207;0.29068626163912326;;0.2221737962016165;4.806910414378862e-06;14.947586907025839;0.05125;0.26074258484204527;0.79925
6.2959942473326915;0.14415663046278285;1.2575416150225946;0.9785199522202046;1.245555356868004;0.0;0.6010929251372288;;0.2892244329804234;4.806910414378862e-06;10.932170080927468;0.16416666666666666;0.24368317994546315;0.80675
6.129688632159596;0.039484953487309425;0.8049728311782699;1.119363066255015;0.8468681322855435;0.022856533278813988;0.7179609402855561;;0.19902574732901845;4.806910414378862e-06;14.185459107330075;0.011666666666666667;0.18167345059660864;0.7935
7.222037667194046;0.17554869529053438;0.683529628261961;3.209091283077497;4.5159510707724815;0.9999999999823718;0.795769655263831;;0.23005365500653777;4.806910414378862e-06;7.884939418592072;0.0033333333333333335;0.16707961590904963;0.8055
6.009168345396613;0.002884425681840995;0.6594585861866419;1.0981980717015225;0.8295089077672734;0.9999999999351997;0.6000892879753686;;0.45978634995890594;0.0013708017043195797;33.69358073438163;0.020833333333333332;0.13628743666543255;0.80325
5.727771902814542;4.224046721134579e-07;4.611565543066491;1.1339004942291;5.0553362108130315;1.0;0.9875075765497101;;1.029899633851204;4.806910414378862e-06;22.986894937489673;0.0004166666666666667;0.12913477824620018;0.80425
5.446529979189249;107.00753768952923;1.482464449108775;1.1508704868406037;1.0860960939016056;0.1913924595915483;1.090336486567126;;0.17268848599775288;4.806910414378862e-06;1.71076731601842;0.08458333333333333;0.1845395113820006;0.79725
5.808923235052451;1.7578631311382569;0.7774447656172473;1.16669261206574;0.8162390068787566;0.7538170180306054;0.6062948196699115;;0.22529856153870662;4.806910414378862e-06;9.389809219052253;0.14708333333333334;0.4105687895608317;0.822
6.041912135436743;129.08226241167657;0.6364560590076749;1.2435466985268422;0.8176429895383645;0.017392631152218556;0.5085721391315907;;0.1491856446821232;4.806910414378862e-06;13.328418373846285;0.01125;0.23858493052115448;0.80925
14.195350920755725;201.33333333330242;0.8130529529291212;0.997955963147646;1.0061330362965122;8.864501250683569e-11;0.47323159434361567;;0.22529856153870656;4.806910414378862e-06;18.784331374747737;0.03333333333333333;0.26072669799793874;0.23725
7.029613803006416;0.7771940921937461;0.697467910055851;1.0572361836127537;0.7937813478492224;4.605964934058304e-11;0.2907721891188572;;0.21483050240071752;4.806910414378862e-06;14.929295686717854;0.028333333333333332;0.24994297261259796;0.80625
6.890034409721325;1.6715411430525835;0.7813441633168836;0.9765341774421827;0.9321238287459471;0.0;0.6037465220939674;;0.23743403426908727;4.806910414378862e-06;10.614208248965149;0.05708333333333333;0.1998158451288384;0.81175
6.129688632159596;1.0275463170484886;0.8144260116278343;0.9927704085460352;1.1037011932486969;0.004773296949444548;0.5637072582321037;;0.21688220793452528;4.806910414378862e-06;21.5235751473302;0.012916666666666667;0.18190149990572788;0.80025
7.0866010421370245;0.33457875176212964;0.7736462644315695;1.078158739050572;1.1840674094564803;0.7351530915887814;0.602268489886629;;0.1849769861032259;4.806910414378862e-06;15.463737452566527;0.007083333333333333;0.16789059309328636;0.80125
5.991374697941202;0.007859691214837905;0.7458494429492901;1.0528818151175003;1.2852247736845517;0.5818639514834967;0.7926996130705803;;0.4839286182625185;4.806910414378862e-06;24.592735743857187;0.008333333333333333;0.12972814347815081;0.8065
5.665992082663294;0.00018957785210817017;0.9013732797729773;1.0550542429275183;1.007428571098986;1.5017656123744844e-11;1.4377887250125019;;0.4895969785962694;4.806910414378862e-06;29.646780486768048;0.02125;0.17713190366177006;0.80075
5.446529979189249;0.3437771713758766;1.5190477438191026;1.1997186239543935;2.186030335545734;0.5976260916832279;1.090388805551455;;0.13769058154333688;4.806910414378862e-06;1.8001136131042388;0.11625;0.19080906430955716;0.80525
5.808923235052451;1.7825436920529387;0.7504187655396883;1.1677033279322455;0.7913930775906721;0.7635386321142178;0.6059753905617378;;0.2241049022711006;4.806910414378862e-06;9.3728270566149;0.14375;0.41767557263224875;0.80075
6.583269866844244;29.306293502112243;0.6435728890776298;1.1637402352925317;0.8536742883033805;4.39450715416988e-11;0.5082881269809529;;0.13769058154333355;4.806910414378862e-06;13.287507653279254;0.012083333333333333;0.24349961367600872;0.80875
6.391441067659461;216.66666666679433;0.7424954933721978;0.997955963147646;0.7022492501140573;9.930136600333934e-26;0.47345441391152976;;0.1398380478242291;4.806910414378862e-06;18.78665053441231;0.041666666666666664;0.2568441370736611;0.80225
7.029613803006416;0.4129975094197487;1.081556095087286;1.1216514296356357;0.9039475098059827;0.21506507229633406;0.3057831589078373;;0.23967346927632036;4.806910414378862e-06;15.862731756540246;0.01875;0.2719809326183861;0.794
6.890034409721325;0.14415663046278285;1.2575416150225946;0.9809225247655478;1.245555356868004;0.0;0.6021399286490974;;0.23726546832720083;4.806910414378862e-06;11.141070585425657;0.057916666666666665;0.20646018413428893;0.79975
6.2160336963005856;0.06177541210967063;0.8231428090691852;1.0061298460306645;0.9901389077327167;0.6023838640615576;0.8810533258553926;;0.169117255811668;4.806910414378862e-06;10.851234359406845;0.0125;0.1855933431671288;0.80975
7.222037667194046;405.1388888887022;0.5465250498120142;1.0799465349257305;0.8649470190027118;0.7376576103325646;0.6026773659189388;;0.24150444809234373;4.806910414378862e-06;15.48839797661651;0.00375;0.1639691753580322;0.81675
5.991374697941202;0.003198138803161585;1.0692010137915917;1.370835626760104;1.0854318811309636;1.0000000000000002;1.1520186223924602;;0.5189044111105409;4.806910414378862e-06;20.876268557076624;0.0016666666666666668;0.12778672320429094;0.79625
5.527142457406575;0.0001766091542484338;1.2758407173384605;1.1583412786699974;1.2921238955956074;0.0;1.1468125216604785;;0.4331606273407313;4.806910414378862e-06;17.982985776592724;0.027916666666666666;0.19270376749575538;0.798
5.446529979189249;0.48699272187520953;1.5295868661621257;1.1136949505860287;2.31471427116774;0.3366401992472815;1.0905796852226388;;0.13474581071973482;4.806910414378862e-06;2.100974352677702;0.09125;0.18651836598204252;0.81775
5.808923235052451;0.01357283531628947;0.8315441808607315;1.0153491253539824;1.049246443451591;1.0000000000000002;0.41418034541896215;;0.17268848599775286;4.806910414378862e-06;3.477004208523692;0.11916666666666667;0.41070938801753654;0.814
6.583269866844244;0.0;0.6320458992214967;0.9873063012050289;0.9251465865956687;0.07026521003376104;0.6737749175309768;;0.1380119763727989;4.806910414378862e-06;15.886259141124635;0.020416666666666666;0.24615454769768466;0.8165
14.313447252433676;55.31550068586457;1.280591662388215;0.997955963147646;1.1660573150130207;4.4408920908278283e-16;0.47326777185660895;;0.3121201060331108;4.806910414378862e-06;18.775295457883033;0.0375;0.06068140998224997;0.244
7.029613803006416;0.14835235023741752;1.2074222792805918;1.1228796117475006;1.0933676471102352;0.26672757974647376;0.30601776411152815;;0.34285659617277486;4.806910414378862e-06;15.853068287820891;0.027083333333333334;0.22159757393541854;0.80525
6.2959942473326915;1.1715682413799382;1.050187768755281;0.9765341774421827;1.0337452595152075;0.0;0.6021795242328459;;0.239117509539803;4.806910414378862e-06;10.28322663786679;0.11125;0.25539689422863926;0.79825
6.2160336963005856;0.11349472309938792;0.6667304913415897;0.9944595817007688;0.8205317074940732;0.5594770110589196;0.8733088373132052;;0.2495127009464868;4.806910414378862e-06;9.966510129418857;0.01125;0.18873355262603633;0.8065
7.103941335516092;0.9057226450822765;0.7477589216270067;1.0800467529151467;1.1503578052544228;0.727666339954535;0.6025254644436773;;0.32595013475207685;4.806910414378862e-06;15.455591329442315;0.010416666666666666;0.16334861523851935;0.7975
6.072684441230738;2.3569451248235434e-05;0.6927426707936939;1.1635268900869706;0.9100007201096124;1.0;0.46431396504124955;;0.4526292244309708;0.0013708017043195797;54.14477803045691;0.007916666666666667;0.12440201666123579;0.8095
5.557747317758122;1.7578139039138252e-05;0.9298738292512315;1.2591730085187174;1.3399758084522597;0.9999999999646235;0.7482235235570979;;0.4399930206040178;0.0013708017043195797;23.55653085371842;0.04083333333333333;0.18251968777935562;0.79875
5.446529979189249;546.8599817378043;1.0144665032656666;1.1509465225409272;0.7652684476617492;1.913924593447883e-10;1.0903212217136962;;0.13474581071973482;4.806910414378862e-06;1.6943834677760106;0.1;0.18674288201449277;0.798
5.808923235052451;9.314431295194193;1.2248437178288973;1.0206701569012788;1.0303283654191766;0.0;0.23225077345303144;;0.1805888155065749;4.806910414378862e-06;11.670439036608252;0.09541666666666666;0.40148671538096337;0.805
6.583269866844244;0.0;0.6320458992214967;0.9873063012050289;0.9101759039148025;0.07026521003376104;0.6737749175309768;;0.1380119763727989;4.806910414378862e-06;15.886259141124635;0.02125;0.24617232195790847;0.80875
6.391441067659461;216.66666666679433;0.7424954933721978;0.997955963147646;0.6597134287017797;9.930136600333934e-26;0.47345441391152976;;0.1398380478242291;4.806910414378862e-06;18.78665053441231;0.04125;0.2569568687040706;0.806
6.48561791318576;0.01670767837780976;1.066407893169029;1.1684500344954556;1.1697565924846394;0.13012012460468045;0.31387788339854306;;0.25946086615768904;4.806910414378862e-06;20.86696393092746;0.03125;0.22173399560912369;0.811
6.890034409721325;8.682160687869834;0.6222959965108494;0.9765341774421827;0.7615354376060933;0.0;0.6031212237471396;;0.19320355847387516;4.806910414378862e-06;10.48979795786574;0.07416666666666667;0.21502556247589982;0.8035
6.203917409984529;0.0030504797271630316;1.8147938921222921;1.0616829285015068;1.9197847217272694;0.0;0.6882547449357076;;0.2594608661576905;4.806910414378862e-06;12.00030979895598;0.014583333333333334;0.19306110972576432;0.798
7.103941335516092;0.001880057673836857;2.1899232821234005;1.147350756845706;4.254237144011372;0.6868878543180587;0.41336491577912843;;0.30987209373763824;4.806910414378862e-06;16.702587506982688;0.013333333333333334;0.16185965890579204;0.805
6.058836572653526;8.580424366434705e-05;0.7974214064184628;1.105279886181907;2.4985056805657777;0.029459898718023448;1.0005756209537933;;0.45834000228583505;0.0013708017043195797;24.725471919695728;0.011666666666666667;0.12168372676678695;0.8085
5.696596943014841;0.00010626060945398506;0.9352574091324836;1.1815729726176845;1.0700585365310797;2.6392546636070043e-11;0.5603562516592212;;0.4595429569391622;0.0013708017043195797;31.75493974949042;0.023333333333333334;0.16561880860670752;0.8165
5.446529979189249;107.55555555556744;0.6352978818991346;1.1511224249511218;0.6769553716411466;4.027070129131633e-11;1.0902238631585754;;0.10500018384161565;4.806910414378862e-06;1.6100877939707672;0.11958333333333333;0.1944193901502386;0.814
5.808923235052451;0.013912882043300337;0.7712323660687727;1.1619715977956593;0.9838548014620938;0.9999999999999999;0.40964797842811784;;0.24409828263670494;4.806910414378862e-06;2.7405722665682877;0.13125;0.418586719685961;0.799
6.060597096066455;357.4222222222082;0.6381742195998475;0.9618608303257788;0.7529802242241475;0.6628207266014863;0.8528909275253378;;0.14621997661147912;4.806910414378862e-06;22.99312516474064;0.025416666666666667;0.24164489215096902;0.799
14.313447252433676;0.7137345679004667;2.2278336729362764;0.9751702960348799;1.4141433563783818;0.0;0.3316313044140663;;0.29118618872621826;4.806910414378862e-06;12.074646077321628;0.04666666666666667;0.26590552552397406;0.245
6.48561791318576;0.01749121974960653;1.2774392007518445;1.040138949253353;1.7715629886052067;0.0;0.44876282995307454;;0.24150444809234362;4.806910414378862e-06;18.460100369209492;0.034166666666666665;0.25339047599382236;0.79925
6.890034409721325;0.21976077428780205;0.7404837184104028;0.9627838737150529;0.7917533827178828;0.0;0.4103381007292934;;0.2258877375183595;4.806910414378862e-06;19.00679045549421;0.09458333333333334;0.2156084513670136;0.813
6.2160336963005856;0.03458410774035755;0.6448639144234439;0.997211396488137;0.8326167411536868;0.5938738831421309;0.8584343613330707;;0.3513504090510586;4.806910414378862e-06;8.17222203863168;0.022083333333333333;0.1977307164431143;0.814
7.222037667194046;101.87924611000817;0.5462936901802209;1.0833516612217464;0.8645929181146617;0.7368047142509901;0.6030891642331654;;0.2431597441757398;4.806910414378862e-06;15.531941956681692;0.0020833333333333333;0.16093347989758194;0.8005
6.138066078578872;0.0003567515277312845;0.8933089990862697;1.0822626478223423;1.0871383638791643;8.860632979900321e-14;0.8741569970714147;;0.43083512979749233;0.0013708017043195797;32.961157580098465;0.002916666666666667;0.11680801005273983;0.81225
5.633449610370409;0.0003996084794485142;0.6569512907305669;1.4819141040942319;1.1287125224473666;0.9999999999878094;0.9141168391775838;;0.5474648022506983;4.806910414378862e-06;13.388978718533615;0.050416666666666665;0.1807661947775927;0.80525
5.446529979189249;107.55555555556744;0.6352978818991346;1.1511224249511218;0.6709205548457368;4.027070129131633e-11;1.0902238631585754;;0.10500018384161565;4.806910414378862e-06;1.6100877939707672;0.125;0.1941196461619259;0.8125
5.26756550364495;0.04694648071430596;0.9885953190521537;1.2004126925628065;0.9948866972455609;0.7195284851280246;0.6026477233445584;;0.23743403426908713;4.806910414378862e-06;9.168774998788976;0.16125;0.40426844151036356;0.80525
6.060597096066455;250.86805555556467;0.7494177620754137;0.9618608303257788;0.8695929434963608;0.7076473268661814;0.8528874047176864;;0.14888958183604917;4.806910414378862e-06;22.996496383956398;0.025416666666666667;0.23957725025494175;0.8035
6.391441067659461;2.4437869822480116;2.084049672332707;0.997955963147646;1.4513112896626557;0.32917960637697685;0.4733701400695376;;0.1255579657464146;4.806910414378862e-06;18.76503572997359;0.04041666666666666;0.23725863265819608;0.80625
6.621054538242782;0.010296491232823718;1.3164905199480326;1.0401284279927652;1.8079090505419775;0.0;0.4481675176550864;;0.21548348049218535;4.806910414378862e-06;18.399547853054543;0.052083333333333336;0.30680294876537356;0.80675
6.2959942473326915;0.2624866520288941;0.74234071958422;0.9532817323407512;1.0876436921245038;0.0;0.4131747865014175;;0.21875527610686635;4.806910414378862e-06;18.697896249573283;0.09125;0.24009915639897106;0.80925
6.2160336963005856;0.017068474231249475;0.6438768571760318;0.9972201438924662;0.8314596922499372;0.5931087713210385;0.8584099486172636;;0.3468600168125277;4.806910414378862e-06;8.163912806244104;0.009166666666666667;0.19555554553815507;0.8025
7.222037667194046;426.9156816966772;0.551552966434862;1.083965205457802;0.8726264917673647;0.7356281536921646;0.6031389114775071;;0.22529856153870628;4.806910414378862e-06;15.540407158552643;0.0025;0.1611252387787515;0.80425
6.27691570383559;0.00013315148553959052;0.6797222018801564;1.0696716272287818;1.174688364828562;2.414715586050827e-11;0.7413768193174789;;0.47230114047947314;0.0013708017043195797;40.24270955313492;0.0020833333333333333;0.11513440384291022;0.81925
5.328300261524127;0.0011547552996173062;0.82472151688703;1.3631886301835878;3.6427541785256765;0.999999999990119;0.903039878019008;;0.6050088633943297;4.806910414378862e-06;11.335273941809804;0.07166666666666667;0.18111433335087782;0.8055
5.446529979189249;8888.888888895961;0.697883845266121;0.9934904393438927;0.4857937382062951;0.0;1.2875692241292747;;0.05599320206202055;4.806910414378862e-06;11.062252724281478;0.14666666666666667;0.20615624896684698;0.80275
5.8276081956821635;0.05886483387028522;0.9281726898580798;1.047815671511848;1.0046683479656497;6.44589341130359e-13;0.9925690125766443;;0.23743403426908702;4.806910414378862e-06;16.68220204710647;0.20541666666666666;0.4344091460780535;0.80225
6.583269866844244;0.0;0.6320458992214967;0.9873063012050289;0.9251465865956687;0.07026521003376104;0.6737749175309768;;0.1380119763727989;4.806910414378862e-06;15.886259141124635;0.02125;0.24609489652184427;0.80675
14.313447252433676;15.381902512202048;0.8380334172814407;0.9751702960348801;1.215984687059526;0.1457544280572495;0.33174796239530974;;0.5910840565327037;4.806910414378862e-06;12.01475540812845;0.03666666666666667;0.215252208054039;0.2425
6.621054538242782;0.22031327578155413;0.7206605249418143;1.1272125697893682;0.8154070431003101;6.113576760188283e-12;0.28440560775351975;;0.1691172558116762;4.806910414378862e-06;19.486504809776775;0.06458333333333334;0.279793709222741;0.80325
6.943031922162544;0.41556977820714075;0.7773839263961376;0.9681128337927077;0.8289128137103332;0.0;0.4129139244179208;;0.26181515295325614;4.806910414378862e-06;19.194321355754017;0.07625;0.18012101722687238;0.79125
6.203917409984529;0.15001449397066632;1.2314358616742527;0.9927704085460352;1.388910329518014;0.17553741006747176;0.5506463302584533;;0.282354430962849;4.806910414378862e-06;21.03043275678332;0.015416666666666667;0.18181709580464156;0.799
7.222037667194046;171.6666666667065;0.694826914260939;1.103920237499009;0.7681912821780016;8.758529782607388e-11;0.41179355110262283;;0.1476450005270826;4.806910414378862e-06;16.718300841055356;0.005833333333333334;0.16275092633910926;0.809
6.275810952237929;7.90834928528679e-06;1.1776941041717035;1.4356043071487368;1.3736173953221265;1.0;0.5966039396107029;;0.6660634031471367;0.6321205588285577;53.432587447803776;0.0008333333333333334;0.10982736548754773;0.80175
5.343252881699001;6.968538600023864e-05;0.7284334848173505;1.1592246603893073;4.2304504968878875;0.9999999999703644;0.5075309875725502;;0.5561844383544007;0.0013708017043195797;29.421792202184132;0.075;0.16761903040150627;0.8095
5.446529979189249;2222.222222225253;0.8288784499682487;0.9946279822128389;0.63418015620795;0.0;1.2875112370661168;;0.05664848591880364;4.806910414378862e-06;11.051608054895494;0.1525;0.20692029159663872;0.81325
6.274526651244019;0.28965645745209967;0.7214360773447268;1.1984042126778907;1.4067248520937;0.6220355269649918;0.6032374940018359;;0.22989317497945297;4.806910414378862e-06;9.137672850097239;0.15416666666666667;0.3552552369801728;0.8035
6.583269866844244;79.56116118679404;0.7058657234932415;1.0186991541653905;1.0015177630675363;0.0040616459492012254;0.6830644222745416;;0.12316322407889091;4.806910414378862e-06;16.693765448257373;0.012083333333333333;0.24196472813921746;0.80075
6.256004442602439;18.62645558067944;0.9895801605289678;0.9984394842591566;1.0766076307182406;0.4334422760138363;0.33244938179189454;;0.35403511063962656;4.806910414378862e-06;12.036685083119414;0.035833333333333335;0.2020500595499849;0.8045
6.621054538242782;0.29559198036397544;0.7320509950989175;1.1580117430751826;0.8073381675744695;9.56662182138155e-12;0.2975061224394978;;0.24150444809234373;4.806910414378862e-06;20.1409515945722;0.05583333333333333;0.302555886685232;0.8025
6.943031922162544;0.074458922749755;0.7480723580994199;0.9819707925700465;1.0147832464764188;0.0;0.4152664672788553;;0.26967591080879855;4.806910414378862e-06;19.355275625270153;0.01625;0.1611654885249047;0.793
6.268538257416314;0.77320831518071;0.8655350514106417;0.992770408546035;1.1736846864631547;0.004773296941996096;0.5770362932506511;;0.20011019230350421;4.806910414378862e-06;22.036433007983913;0.012083333333333333;0.17463156798808036;0.807
7.0866010421370245;1255.555555556272;0.7847831420144332;1.1050465597445696;0.6246626011922889;0.0;0.41191373137414644;;0.13983804782422893;4.806910414378862e-06;16.719506277975665;0.005833333333333334;0.1625983618051208;0.8025
6.27691570383559;0.00020152029555150697;0.737542852597457;1.0841530181282006;1.001207504202865;0.999999999981515;0.6087701251212628;;0.5306231391677106;0.0013708017043195797;47.365459195594795;0.002916666666666667;0.11790184410496737;0.8115
5.0548886172068705;0.0006056093569329441;0.7906538482576726;1.1875911297223847;3.0707408431981364;0.7990535650493465;0.8942324929900789;;0.3476463407121033;4.806910414378862e-06;9.44566949336983;0.11625;0.18207357956649303;0.793
5.446529979189249;347.22222222198803;1.2085109523409634;0.9945341931431301;0.8532453633520802;0.0;1.2875090237158613;;0.05664848591880364;4.806910414378862e-06;11.0496076886338;0.14458333333333334;0.20386492098234682;0.8055
6.274526651244019;0.10914213993309911;1.1337782218063812;1.1005953118403569;1.530370148294457;0.6089230554064433;0.6005756892430404;;0.26405819298966704;4.806910414378862e-06;8.997689013361022;0.17083333333333334;0.38406581819475344;0.812
7.048873283035812;18.287037037034306;1.008577735370033;1.017564036588119;1.3084808305195912;0.01904936363952025;0.6832317039710641;;0.1488895818360491;4.806910414378862e-06;16.696007952614316;0.01;0.24711818684506626;0.801
14.178010627376654;6.3229509635045575;0.7313488710218852;1.0016328502412226;1.0988019333415737;0.32461836652174686;0.33274742231655763;;0.7297049688606986;4.806910414378862e-06;12.032297807175684;0.035416666666666666;0.1875079668270901;0.244
6.48561791318576;0.4795476685470404;0.6721008649875143;1.1532570366569224;0.7490958262217066;1.1878287901816478e-11;0.2982714751216678;;0.20210480400764633;4.806910414378862e-06;20.143472068416553;0.034166666666666665;0.2992212622382834;0.81825
6.943031922162544;0.3453831983484168;0.6793515666726523;0.9773462331751592;0.9266160484975714;0.0;0.4166555303692073;;0.27815769640747584;4.806910414378862e-06;18.96331082625447;0.030833333333333334;0.17965283761010944;0.8065
6.129688632159596;0.041367191897723775;1.7304300402687973;1.1740236728864113;1.4839019580124082;0.0;0.4785499529179236;;0.23972339837500148;4.806910414378862e-06;28.961589475084;0.007916666666666667;0.1719343652043914;0.80875
7.0866010421370245;1303.472222222735;0.6989540131917981;1.1077280875111264;0.6983556830624014;0.0;0.4126548713158776;;0.10066859734279458;4.806910414378862e-06;16.760954730857293;0.002916666666666667;0.16090498444097237;0.7975
6.212638818085118;0.009390106999639426;0.6936937642880013;1.0922607928392194;0.714341862617872;0.0027050338496765088;0.8393748677827843;;0.36995153691793137;0.0013708017043195797;30.546022457391256;0.005833333333333334;0.12630364231660615;0.80175
5.163307752776612;0.01605386930034486;1.4126110934332636;1.0012496238108457;1.5006911422183038;0.1737768895889901;0.7983768995534966;;0.3187578320333368;4.806910414378862e-06;9.339082063534798;0.21125;0.24781079328468725;0.81125
5.446529979189249;2222.222222225253;0.8288784499682487;0.9946279822128389;0.735197678553112;0.0;1.2875112370661168;;0.05664848591880364;4.806910414378862e-06;11.051608054895494;0.14833333333333334;0.20633227413788027;0.818
6.293211611873732;7.693406076044838;0.8954477985561997;1.0969016456410245;0.9100324832419067;0.1599358417962644;0.7967820217508627;;0.2079738926419333;4.806910414378862e-06;18.9096488211722;0.1725;0.3023764804748553;0.812
6.583269866844244;46.63313609464041;0.8279103628657589;1.017604374016211;1.1433670881121212;8.519134401323185e-12;0.6828613169256881;;0.14162121479701706;4.806910414378862e-06;16.672222716869026;0.0125;0.24373422762031957;0.80075
6.271860748514454;1.7128374902975487;0.8536773464799805;2.2986817073728907;1.7733106546016906;0.6901613322625311;0.2740211688324206;;0.35403511063962656;4.806910414378862e-06;11.758575960094086;0.034166666666666665;0.17961248212102057;0.8025
6.48561791318576;0.22714927363223658;0.701620664734962;1.12038966275428;0.752167022666938;0.010587330130686676;0.2845208388109955;;0.18554948198758667;4.806910414378862e-06;19.473504693809364;0.04;0.25778181577252873;0.7985
7.109331645752107;0.11148347186057393;1.1115176905447168;1.0063683796086873;1.3834131867262258;0.0;0.4219042174141131;;0.30597796892504187;4.806910414378862e-06;18.827244101463787;0.024583333333333332;0.17474217691608307;0.80625
6.129688632159596;0.35369001514595916;1.2266918880384956;0.992770408546035;0.9464458657163234;0.20608373839119334;0.5903051802426379;;0.22055107792455494;4.806910414378862e-06;22.56588973905888;0.01;0.17148861558063147;0.81175
7.0866010421370245;57.18516319392071;1.7170786033687144;1.112221244095075;1.530687525314462;0.0;0.4135615356313842;;0.1952687321262464;4.806910414378862e-06;16.806475655760295;0.002916666666666667;0.15888945918661762;0.81275
6.212638818085118;0.001691457916730731;0.6505362684196988;1.093820705681861;0.6990379093987814;0.07010981333755748;0.8182892907436295;;0.4178932896779115;0.0013708017043195797;29.047860027512822;0.01375;0.12957633068185112;0.8115
5.13533516054854;0.037180352992908484;0.9686959686123973;1.3119804761738891;2.1957373474858533;0.5663257046698603;0.19471144766153797;;0.5006007489154107;4.806910414378862e-06;6.585881533383315;0.3020833333333333;0.39532780819830665;0.81425
5.173118334871992;15.861081094496809;0.5642385730729713;1.0657085652949454;0.79245299023152;0.0;1.3906098312353923;;0.11557687720607691;4.806910414378862e-06;21.014644356760755;0.16708333333333333;0.21396774454974365;0.798
6.392622982921972;8.323836657173405;0.744617795527436;1.1449816238341157;0.9262142014746049;0.0;0.6016675954573195;;0.14490266885540604;4.806910414378862e-06;9.09858468101473;0.07791666666666666;0.27061196935392823;0.803
6.601954827473956;8.47607678203697;0.7482624046310689;0.9618608303257787;1.0879460907485394;0.6837722339879799;0.8527743696464939;;0.10936072618602975;4.806910414378862e-06;22.967038249136948;0.03333333333333333;0.2500109497762572;0.79725
6.850044604991073;14.855907932647218;0.655981087941268;1.0039165962123522;0.8009386214082646;0.44693368128371525;0.333884276577586;;0.3428190075181538;4.806910414378862e-06;12.061482685888928;0.034583333333333334;0.17309717590456533;0.81125
6.621054538242782;0.1623412016697053;0.7700345156112074;1.297027535088382;0.823378167330383;0.2979934888390581;0.19702045173578064;;0.17997467445966633;4.806910414378862e-06;13.647834695868545;0.07625;0.2924544175577192;0.822
7.109331645752107;0.033138305163705105;0.9661103568248269;1.0218474997167113;2.229479826818084;0.3798104743542341;0.24265935440647293;;0.2594608661576885;4.806910414378862e-06;17.128628393922405;0.020833333333333332;0.1695770291987323;0.80925
6.06506778472781;0.8919910469259521;0.7004763527533402;1.0795860710651295;0.678279107472063;0.0;0.7063787860489946;;0.2065369628511267;4.806910414378862e-06;13.296007827908644;0.020416666666666666;0.18957582763146377;0.8015
7.0866010421370245;1091.6666666665212;0.9201647113099726;1.1088976346596242;0.8858583714923518;0.0;0.41279369050702247;;0.14490266885540604;4.806910414378862e-06;16.763350221751107;0.006666666666666667;0.16071377766186687;0.80625
6.261963083660717;1.896813646749742e-05;4.458314208497847;1.0949136725068178;3.1453698481849193;0.44363894079546873;1.3847923302854706;;0.48373517716163034;4.806910414378862e-06;28.165892747847384;0.002916666666666667;0.12021969648559737;0.79975
5.01710544288342;0.0012913196351767395;1.0374704343137138;1.0129897310922393;2.2713024780291757;0.44573030456074;0.5872599818152769;;0.46184197957375017;4.806910414378862e-06;14.42476361038169;0.235;0.40482825887961854;0.8125
5.173118334871992;15.861081094496809;0.5642385730729713;1.0657085652949454;0.7509435882778241;0.0;1.3906098312353923;;0.11557687720607691;4.806910414378862e-06;21.014644356760755;0.16625;0.21547378409404966;0.81725
6.392622982921972;287.4228395063187;0.6189950677209842;1.1873688280062384;0.7335920587942414;0.0;0.6021683530716485;;0.11986057170564883;4.806910414378862e-06;9.155278254096086;0.06958333333333333;0.25262155779347717;0.7985
6.601954827473956;0.46432230997466845;0.833339730943443;1.0944138197368154;6.357184835233845;0.6436516772872677;1.038564834236708;;0.11205245113555033;4.806910414378862e-06;22.750935774680332;0.043333333333333335;0.24372215878686868;0.8015
6.850044604991073;1.019494747647649;1.4371937606441971;1.0295953656585108;1.4714438594525656;0.496036439175873;0.3355757973865417;;0.33810622732928053;4.806910414378862e-06;12.122554476649558;0.0225;0.15419736103257395;0.8015
6.557003519861208;44.77608415518633;0.9875836567293037;0.9691975437105667;0.8708391261797648;0.0;0.25982649662936064;;0.22333356594291653;4.806910414378862e-06;13.007959472307437;0.10666666666666667;0.33051737014316207;0.80575
6.943031922162544;1.7791076488430437;0.93265005138943;0.9861258049639625;0.990611665360708;0.37801823670231427;0.22939380172955198;;0.25202235439249465;4.806910414378862e-06;16.268966230001247;0.019583333333333335;0.16187012225614278;0.8015
6.06506778472781;0.8275056584196426;0.6893127097496188;1.0896531111271275;0.668546787525233;0.0;0.7066415007231392;;0.16363081700065488;4.806910414378862e-06;13.318823010387598;0.0225;0.1873189012381918;0.80025
7.222037667194046;287.4228395063686;0.6861409957733867;1.1054888513096652;0.7598777653001723;9.028085853936139e-11;0.41240545428326425;;0.14490266885540604;4.806910414378862e-06;16.757953012088812;0.006666666666666667;0.16069011778103284;0.80275
6.175759329498808;1.8650523880929094e-06;1.536190829837125;1.3387910015881586;1.8080493884649635;0.9999999999913844;0.4016313650964014;;0.5951991908909455;4.806910414378862e-06;23.782465779964294;0.0125;0.12162427139942099;0.79975
5.13533516054854;0.048279178496111325;1.0290508620776868;1.326180346625614;2.145615567312827;0.999999999895593;0.19780615921977812;;0.4330798118142591;4.806910414378862e-06;6.904330100618906;0.23333333333333334;0.35060995227276975;0.80375
5.173118334871992;150.63844207380424;0.5596846228968669;1.0657400605156737;0.744946729895639;0.0;1.3907264791044522;;0.14267775705594446;4.806910414378862e-06;21.01396812571355;0.16541666666666666;0.21029777768518454;0.8065
6.392622982921972;30.138888888892254;0.6970528272358089;1.1882750221515679;0.8422633845398667;0.0;0.602534313513754;;0.14764500052708282;4.806910414378862e-06;9.198317113371546;0.035416666666666666;0.24250455007184843;0.80425
6.601954827473956;;0.5;1.2845984795725136;0.5072951672162284;0.0;1.04479409851475;;0.09660177923693755;4.806910414378862e-06;23.444024976271656;0.03666666666666667;0.24396122750700483;0.813
6.918898423344306;12.136228588572807;0.775752717248432;1.3377683744400843;1.3551860772843352;0.5285954790415465;0.27755546827211913;;0.3565838257498663;4.806910414378862e-06;11.873596748061747;0.027083333333333334;0.14992092761068734;0.80925
6.557003519861208;26.141441695361284;1.0711929164087381;0.9691975437105667;0.9985688914237585;0.0;0.2594108343708462;;0.24409828263670486;4.806910414378862e-06;12.98536112281242;0.09;0.2966350332406758;0.804
6.943031922162544;0.4027809786088168;0.9454311741981211;0.9861258049639625;1.001380512881821;0.3590220649701696;0.22738347710051024;;0.1960610210163641;4.806910414378862e-06;16.215145221300666;0.024583333333333332;0.16925318740218387;0.80375
5.569836436426924;63.427473760395195;0.5997168181791813;0.9927704085460352;0.7686575993265629;0.004773296955479999;0.5621281219949725;;0.17143066304580662;4.806910414378862e-06;21.442255143554483;0.021666666666666667;0.18236657460121367;0.81425
7.222037667194046;0.6965471986322805;2.8405298522153606;1.101939902906235;1.9440733413186262;0.3611234347104239;0.4120197312595953;;0.19320355847387471;4.806910414378862e-06;16.75910977607207;0.01;0.1607227172441208;0.7955
6.185718016181621;0.007491806137553851;0.6969327140395225;2.137588488122929;0.8976869683576615;0.9999999999999998;0.8856018565804258;;0.4859644654073925;4.806910414378862e-06;25.88556580741854;0.02;0.12003940392450335;0.81575
5.151191466460555;0.03154721708814783;0.8157342296153686;1.0104064330837441;1.1855718944475004;1.0;0.6041222491554583;;0.3432682226032299;4.806910414378862e-06;13.859434214728957;0.19916666666666666;0.25583008545379676;0.80725
5.173118334871992;1.9759834634478066;0.6968676792198665;1.0661019023257396;0.9167117730752922;0.0;1.3909998834296338;;0.25111593149282896;4.806910414378862e-06;21.013676963977527;0.16;0.2016990442031918;0.7995
6.392622982921972;42.2839506172966;0.7025036943769016;1.1887708058390714;0.8481021988091205;0.0;0.6023832075996903;;0.14490266885540626;4.806910414378862e-06;9.181790908830719;0.050833333333333335;0.24282354872029094;0.799
6.601954827473956;1.8218301602897629;2.7132247963460983;0.9950662495808456;1.7849130707525227;0.10296839873551397;0.8603917035044225;;0.1398380478242291;4.806910414378862e-06;23.549992220987093;0.020833333333333332;0.24754388728373902;0.81
6.850044604991073;30.615756215377036;0.799016448878343;1.0090980770972924;0.9516947150319249;0.5968871124642685;0.3342629286815089;;0.2618151529532563;4.806910414378862e-06;12.064621766569987;0.03;0.16341406593917984;0.8
6.557003519861208;1.6284083862907066;0.9816026930585788;0.9764804753724132;0.8317319216737213;0.0;0.2603240446588592;;0.22333437275407353;4.806910414378862e-06;12.974658132702254;0.075;0.24796870176284236;0.801
6.963418908245821;0.03170653862962848;1.7241950042982754;0.9892081291242093;1.5180749923903953;0.5377125596775051;0.2358447454024443;;0.3347134417364459;4.806910414378862e-06;16.44345506307452;0.004166666666666667;0.14201407821948642;0.80475
5.505215588995139;0.15888181031023044;0.9233568030459881;0.9927704085460352;1.0755375799907705;0.0047732969779024255;0.5485738206566688;;0.1488895818360613;4.806910414378862e-06;20.930259640153814;0.025833333333333333;0.18846070513695568;0.80975
7.222037667194046;0.2706206733091685;1.3697773950020997;1.1487128624535474;3.264170728871294;0.5635642194132985;0.4144316228078492;;0.17268848599775316;4.806910414378862e-06;16.720236030320958;0.0033333333333333335;0.15939803653437007;0.80525
6.165113868901582;0.0009172109469378293;0.7225303664420573;1.5969775572825216;1.1667532730183885;0.999999999993291;0.6639854935027032;;0.4736843814958185;4.806910414378862e-06;23.0980774847723;0.027916666666666666;0.12556935032788433;0.81175
5.326920580303584;5.8512409519110856e-06;5.251077834961824;1.0090133616696277;4.858252953941575;0.9999999999262549;0.694873527034632;;0.5085079974272421;4.806910414378862e-06;19.035206676855616;0.07083333333333333;0.16683804427575125;0.7925
5.311967960128711;0.008379321009484228;5.152379035107972;0.9969829299983874;7.40230294742439;0.0;1.2875776358045752;;0.403825189674883;4.806910414378862e-06;11.06872733468294;0.07333333333333333;0.18143780238107254;0.8115
6.392622982921972;187.65432098778237;0.6610611719971254;1.1459592176730478;0.6930859928542019;0.0;0.6018437625912584;;0.14088849620018554;4.806910414378862e-06;9.118684531288363;0.10791666666666666;0.2592245108719339;0.80325
6.601954827473956;416.6666666664767;0.608973354545979;0.9948342422377443;0.5916011827890708;0.0;0.8602724680184303;;0.10110774385549998;4.806910414378862e-06;23.549676364999666;0.022083333333333333;0.24282158092869532;0.80625
6.850044604991073;8.517502208127446;0.6664276190320946;1.0045650317100605;0.8124965288443754;0.48227300908625315;0.3333976906539528;;0.33810622732928053;4.806910414378862e-06;12.029720564863002;0.03375;0.17211341135508929;0.7975
6.557003519861208;0.046463836819504785;1.3180319867115546;0.9569348470144987;1.407577675946836;0.0;0.2476645086830708;;0.2601731800090261;4.806910414378862e-06;12.077237753279258;0.08291666666666667;0.3310707759621318;0.80425
7.145543273500381;1.2744063667106278;0.9477632635409595;0.9995014551130155;1.614171043050941;0.7035933814699427;0.11434805621189695;;0.3392905594001456;4.806910414378862e-06;8.28529966389662;0.004166666666666667;0.13511610030469115;0.80325
5.569836436426924;80.49682856078267;0.6933613836469394;0.9927704085460352;0.7772920795379734;0.0047732969603349745;0.5617397079038848;;0.17773086487991022;4.806910414378862e-06;21.423523115452458;0.021666666666666667;0.1831696175435188;0.8115
7.0866010421370245;0.04359911843323006;1.355512854370972;1.2311277650123995;1.5342841080685956;0.0005803577959811438;0.23601187114884026;;0.17669057504283825;4.806910414378862e-06;8.515589763419719;0.0020833333333333333;0.16089184761943276;0.80425
6.017045713615484;0.0005114750279542659;0.7178538663331477;2.509011369602505;1.6336907921574755;0.999999999998705;0.8372077242880772;;0.4493033715193174;4.806910414378862e-06;17.99887283117805;0.028333333333333332;0.12076172404905923;0.816
5.175376421353944;1.988424350582578e-05;1.2824490871905936;1.0188209842473135;2.2471417091992736;0.5486645329964279;1.393851613031691;;0.459786349958904;4.806910414378862e-06;21.142496206980603;0.09958333333333333;0.1920765558336635;0.80475
5.268442496790822;0.8713742661394971;0.6614485194627013;1.4309657901450064;1.196330526268907;1.0;0.7890214022744505;;0.09811621932178327;4.806910414378862e-06;9.108057825472345;0.013333333333333334;0.24694957601395454;0.801
6.293211611873732;2.8631476809972116;1.089883994437838;1.0723792699456536;1.053552170960984;0.30122875693334694;0.7964791266146923;;0.22529856153870637;4.806910414378862e-06;18.890239471938482;0.19041666666666668;0.3549506627881471;0.80925
6.601954827473956;244.14062499999986;1.6999999999999997;1.2846240149809076;3.7159344200207824;0.0;1.044715424957451;;0.14088849620018543;4.806910414378862e-06;23.456559258693257;0.035;0.23652324135532282;0.79625
6.865900910903088;3.8673095995353606;0.9153106877870338;1.7958621832667334;1.4597184350719246;0.6026402927933462;0.2744309254253643;;0.2618151529532559;4.806910414378862e-06;11.751066151982927;0.03333333333333333;0.16733020552813255;0.8145
6.557003519861208;0.19573727432702315;0.8988970117193067;1.0008800136994886;1.0187024042183805;0.5120499634956206;0.41815732279146156;;0.19320355847387471;4.806910414378862e-06;18.781835664548886;0.14583333333333334;0.34335606068329094;0.79475
6.963418908245821;9.63787174361099;0.7971406843462144;0.9995014551130155;1.4080206698789202;0.7672866656278293;0.10725950225434117;;0.27154749673138784;4.806910414378862e-06;8.089348286993133;0.0033333333333333335;0.1422165785315623;0.80825
5.569836436426924;5.026902397294954;0.9172265933356388;0.9927704085460352;0.7859022264935726;0.057190958379110056;0.5610758693058979;;0.21740389535782445;4.806910414378862e-06;21.394325357279687;0.02375;0.18600405430809733;0.80075
7.0866010421370245;0.5098729685992728;0.7074391419725812;1.2555728751684005;0.9217753510930732;0.0;0.2338021179909869;;0.21483050240071752;4.806910414378862e-06;8.657434577039481;0.0020833333333333333;0.16410403637533166;0.8
6.02818343029519;0.002729632481862615;0.6757577898591047;1.6088568226324127;0.8247129215574135;0.0;0.697685017565602;;0.45029367281190297;4.806910414378862e-06;18.55058753765271;0.02;0.10903366732951285;0.7965
5.672767550569256;0.0007932204310419803;1.9035178672741182;1.0053100912928876;1.7089636283305976;0.2379482356095048;1.1968421556480087;;0.47769678252135817;4.806910414378862e-06;25.63083953503903;0.15958333333333333;0.21230734114631164;0.80125
5.268442496790822;1.232595164407831e-32;0.6107683538510276;1.5281105816139444;0.8599477098997624;1.0000000000000002;0.7890286761653048;;0.16994439748152765;4.806910414378862e-06;8.750381587106432;0.015;0.24590255864614596;0.80425
6.293211611873732;10.92297288338307;0.5850501585599964;1.0418541513313166;0.7898002806123599;0.0;0.9930928557377552;;0.19320355847387471;4.806910414378862e-06;16.635682734617486;0.18125;0.3133868266744777;0.81575
6.601954827473956;63.999999999999865;2.6250000000000004;1.284675766134897;4.589609821642122;0.0;1.0447050853127149;;0.14893805524272555;4.806910414378862e-06;23.460757416347903;0.030833333333333334;0.2367435119339717;0.80375
6.865900910903088;18.945692112556912;0.714770719904917;1.3454328956609303;1.134638812037921;0.4522774424645646;0.27682385786115415;;0.39563976630374514;4.806910414378862e-06;11.840160417481336;0.025416666666666667;0.1529215971552026;0.80125
6.438907188183255;0.6143746789802192;0.7604055533766559;1.0008800136994886;0.8826620284347363;0.437648405161629;0.4180381240320613;;0.24409828263670486;4.806910414378862e-06;18.797769076706377;0.1625;0.3470993501946112;0.80925
6.963418908245821;4.041046522657257;0.7713796544690562;0.9995014551130155;1.3705187204006777;0.7616611669485769;0.10204062500514566;;0.2409602655943311;4.806910414378862e-06;7.9546611622728625;0.00875;0.14805368021925314;0.7995
5.569836436426924;0.024108789308347506;0.7954644346309384;1.1259244962462085;0.845865660752346;8.747823094953121e-12;0.7156245021087104;;0.2752590397588194;4.806910414378862e-06;13.964138265325975;0.02666666666666667;0.18580489844600304;0.808
7.0866010421370245;1.2600348616469226;0.7201218212027973;1.2609498678498696;0.9365619896562617;0.0;0.23520487944275772;;0.2606744923125141;4.806910414378862e-06;8.74407723926879;0.0004166666666666667;0.162159520343206;0.80475
6.046868390924902;0.0023403079010619527;0.7580149168978412;1.6765946832149463;1.1946195944029503;0.9999999999999997;0.8725925791686949;;0.3897776161921216;4.806910414378862e-06;24.97693669138121;0.02125;0.1080162768378846;0.801
5.6606512642532;0.8556812576263347;0.7238564757491843;1.0967973603281798;1.1469102338548955;0.8598942198409129;0.23239191019773844;;0.44644457373700935;4.806910414378862e-06;15.268108347142684;0.23333333333333334;0.2954724878981816;0.80025
5.268442496790822;1.232595164407831e-32;0.6107683538510276;1.5281105816139444;0.8557479260787241;1.0000000000000002;0.7890286761653048;;0.16994439748152765;4.806910414378862e-06;8.750381587106432;0.015;0.245533185398446;0.80775
6.411307943551685;1.4135336740543474;0.67885638821028;1.0430263754280413;0.9082861925831538;0.0;0.9934268170543964;;0.2079738926419335;4.806910414378862e-06;16.656472462028418;0.19541666666666666;0.2836552505170465;0.80525
6.601954827473956;;0.5;1.2845984795725136;0.4754574049954443;0.0;1.04479409851475;;0.09660177923693755;4.806910414378862e-06;23.444024976271656;0.032916666666666664;0.24263545054661353;0.8025
6.272847086776894;5.905349794237637;1.0757542260409019;1.0088234931633355;1.2257130746316274;0.0;0.2810441155267466;;0.19320355847387516;4.806910414378862e-06;12.014140392061178;0.0175;0.1344253069563377;0.80075
6.438907188183255;0.5939224983999772;0.7621346390160114;0.9579577880888133;0.8714993695080855;0.4575563002663508;0.4112423924594114;;0.22410490227110066;4.806910414378862e-06;18.24593215897494;0.16708333333333333;0.3660620234688157;0.7975
6.943031922162544;0.15011030830452232;0.7405053161163476;0.9970613464789537;1.3246441570385952;0.673077521590427;0.08119126482033523;;0.17082585317595128;4.806910414378862e-06;7.001414733323952;0.0275;0.16343366548586188;0.80875
5.5173318753111955;0.034818940598975855;0.6638606713566124;0.995148835379511;0.840687298997914;0.591751709537039;0.8635701188152155;;0.27701142474026735;4.806910414378862e-06;8.673332377476305;0.034166666666666665;0.20187293815838764;0.80975
7.10245734804904;2.1384591429200122e-07;1.0465471566808122;0.9977019617266094;3.33968618607431;0.9999999999843464;0.13037921798309493;;0.2774733955328452;4.806910414378862e-06;8.431908318558701;0.01375;0.1663316841391221;0.798
6.185718016181621;0.007848627476358607;0.7168070804764204;1.1503167319595689;0.9876206373203877;1.0000000000000002;1.0684786136154323;;0.43155330043292317;4.806910414378862e-06;26.206825453428653;0.012083333333333333;0.10650647393392566;0.7975
5.6606512642532;0.88122651100479;0.7107330728135435;1.095565034408391;1.1070508667418317;0.845628662275455;0.2320171520956248;;0.4614663844593792;4.806910414378862e-06;15.25459073995212;0.2325;0.29475055423629426;0.80875
5.131850958016054;14.432098649984788;1.2440306508910117;1.595695078324742;5.889764215791083;0.9999999997417679;0.7905406645185489;;0.12666844282529188;4.806910414378862e-06;8.371673622692915;0.016666666666666666;0.24188274860051287;0.80675
6.411307943551685;3.849589035284654;0.7012066285362025;1.1243935391248017;0.8961728867093105;3.7362828905408904e-11;0.7974649143971793;;0.14918564468211712;4.806910414378862e-06;18.956386047048017;0.12791666666666668;0.26133527140987584;0.8085
6.601954827473956;;0.5;1.2845984795725136;0.5044302507046363;0.0;1.04479409851475;;0.09660177923693755;4.806910414378862e-06;23.444024976271656;0.0325;0.24329244752255547;0.8015
14.215240257634386;555.5555555550451;1.1823782168085175;0.9821691193462131;1.0930045208151666;0.0;0.28527831146555793;;0.07444479091802525;4.806910414378862e-06;12.206055653491369;0.01;0.1202316617856999;0.24775
6.557003519861208;0.03945246487172101;1.3489210309023243;0.948717267757293;1.4706667306195842;0.3796455447490674;0.6010997663074262;;0.3033232315665;4.806910414378862e-06;17.07255786874609;0.15958333333333333;0.35105008439456414;0.81
6.943031922162544;4.246845191718361;0.6470895520660565;0.9897193470861533;0.9135115574256893;0.2895340227416348;0.2220729182856363;;0.1266684428253027;4.806910414378862e-06;15.835215197461562;0.03333333333333333;0.16859148462781912;0.799
5.505215588995139;0.10196962076397771;0.9549433279083008;1.0637462823209234;1.117116522592964;0.0;0.6955894932554765;;0.2200812982846358;4.806910414378862e-06;12.460096682810816;0.03166666666666667;0.19038502718796355;0.80325
7.10245734804904;2.1384591429200122e-07;1.0465471566808122;0.9977019617266094;3.8076234232891717;0.9999999999843464;0.13037921798309493;;0.2774733955328452;4.806910414378862e-06;8.431908318558701;0.01;0.16609358895636814;0.80825
6.2000560159444955;0.001389019709456771;0.8986272384651977;1.0289725753206451;1.6336683146455435;0.9999999999546232;0.7690023977408897;;0.36116248490701397;4.806910414378862e-06;22.485220732009513;0.004583333333333333;0.11666534383888029;0.80725
5.783644583597903;0.005567225420732759;0.805265865332941;0.9928977610961519;1.0382714522588716;0.9503436466835284;0.4088626540900986;;0.48514112891368383;4.806910414378862e-06;16.151199389367445;0.22875;0.33496068851047384;0.80175
5.137593247030491;0.00877001815748277;0.8953722344178463;1.250686648479848;1.3304299470418588;1.0000000000000002;0.23805367568072336;;0.4475569340463574;4.806910414378862e-06;7.657937465154932;0.18166666666666667;0.2847670747835466;0.799
6.275871318494663;4.126804665647492;1.068885486568785;1.1410963960834937;1.1288790532369248;0.0;0.7985339513806142;;0.21314850576551578;4.806910414378862e-06;19.039970844855198;0.105;0.2211195900213529;0.79675
6.601954827473956;503.472222222016;1.0569001782945726;0.9949374966760786;0.6361114646418805;0.0;0.86021562989758;;0.10066859734279449;4.806910414378862e-06;23.551588886697317;0.022083333333333333;0.23834117143279335;0.7935
6.293234072860171;347.22222222293027;0.8836640972592302;0.982122264160681;1.0347311734674427;0.0;0.2863206693078706;;0.05599320206202851;4.806910414378862e-06;12.252744182778812;0.005416666666666667;0.12008262630411344;0.8025
6.557003519861208;0.23451883345852878;0.8609224601078886;0.9705815914085324;0.9827105439400916;0.4563759051072426;0.4110945469231681;;0.20982455086895047;4.806910414378862e-06;18.218879101313494;0.16458333333333333;0.3622262846367195;0.81875
6.943031922162544;8.367711969897895;1.0610705356599806;0.9897193470861531;1.0196352804866864;0.29947109921432263;0.22082167989824486;;0.17604725880880365;4.806910414378862e-06;15.802721913395233;0.03125;0.17470317100446656;0.79
5.505215588995139;350.4892411585968;0.6109470511164772;0.9927704085460352;0.8096180388118251;0.10211272962274436;0.5342286607875393;;0.2166896571158123;4.806910414378862e-06;20.397955827425086;0.034583333333333334;0.19517091202866332;0.8045
7.0866010421370245;0.4635751394945204;0.7017231886124279;1.2977626770973822;0.9171476147065838;2.7451516415167633e-13;0.2312027844996366;;0.19398735772478046;4.806910414378862e-06;8.856914119597771;0.00625;0.1680281150055942;0.8085
6.061206390687776;9.682958402094232e-05;2.3345748721533814;1.106403939183051;1.6198094862613868;0.9999999999999999;0.963460876558561;;0.3001147689578628;4.806910414378862e-06;19.74740081294722;0.006666666666666667;0.116284050405695;0.81425
6.188071876399013;0.05023354746298137;0.9177842279554903;1.0134637641651447;1.0027626882851113;0.0;0.07071413333634059;;0.3885082889575525;4.806910414378862e-06;22.11736432854147;0.08208333333333333;0.2389186877982498;0.8025
5.137593247030491;0.008019536306894335;0.9038816476887874;0.9928977610961519;1.0530314470881519;0.9443301186547346;0.413354871885474;;0.38625552407082614;4.806910414378862e-06;16.303718646833413;0.1425;0.30474273299325433;0.804
6.275871318494663;9.61427348407957;0.9256089536855968;1.1362296685402298;0.955883748647392;0.0;0.7982090104120402;;0.17669057504283828;4.806910414378862e-06;19.01395729364923;0.07;0.23011857232670724;0.80125
6.601954827473956;416.6666666664767;0.608973354545979;0.9948342422377443;0.5820819683951637;0.0;0.8602724680184303;;0.10110774385549998;4.806910414378862e-06;23.549676364999666;0.022083333333333333;0.24286482777444368;0.8105
14.397364622888949;2.469135802470342;1.0038766007754;1.0572092739460142;0.8918472824987442;0.0;0.2898411926531293;;0.2431597441757378;4.806910414378862e-06;12.42003828215202;0.002916666666666667;0.1107306230969274;0.25075
6.572859825773223;0.08407538748281401;0.7764251120586461;1.0076451915465392;1.2716747152827108;0.0;0.13690447850885526;;0.24914486406789152;4.806910414378862e-06;10.873830221896375;0.1175;0.3288998306134483;0.81125
6.943031922162544;18.562121751514027;0.7968054230017828;0.9897193470861536;0.8692421995335112;0.0;0.21791810722361216;;0.17499593119675388;4.806910414378862e-06;15.501343531172363;0.055;0.1715746339476668;0.8045
5.505215588995139;4.397987588261845;0.614366668186501;0.9927704085460352;0.8139411310582998;0.1259446629858026;0.534033924028754;;0.21989236824806144;4.806910414378862e-06;20.388409699771415;0.03166666666666667;0.19514653239129287;0.79725
6.968371324471903;0.21852864755135445;0.7189014509355975;1.3283809623810838;1.0608460502405046;4.0601340322137835e-13;0.2303765448553165;;0.24393432193403786;4.806910414378862e-06;9.119896080205024;0.007083333333333333;0.1739464915131725;0.8115
6.2000560159444955;0.0404075468434699;0.9504804050992357;1.64327506099293;0.8471020758891216;0.9999999999943451;1.3357160427597166;;0.36116248490701397;4.806910414378862e-06;24.97350774054746;0.0004166666666666667;0.11733735128381666;0.797
6.221094836791599;0.055955656684452106;0.798617443050966;0.9807380579353209;1.0224272322951158;0.1240122166311958;1.0861871790799773;;0.47299834006738994;4.806910414378862e-06;7.096686823242674;0.015416666666666667;0.13496344780331368;0.807
5.137593247030491;0.014692963034273171;0.6438173802009017;0.9928977610961516;0.9730029910419744;0.9469005755938174;0.41891088171711555;;0.36547695683429193;4.806910414378862e-06;16.456925243580063;0.20708333333333334;0.32438853950831575;0.811
6.851226520253584;0.24582431150834783;0.95301132222712;1.1963329048553093;1.9020201283341451;0.54392982986576;0.6048535731910527;;0.2892244329804232;4.806910414378862e-06;9.491039576289412;0.012916666666666667;0.19615702051008865;0.8005
6.601954827473956;1388.8888888881302;0.7633942510786276;0.9948342422377443;0.5660907521933871;0.0;0.8600407612381477;;0.09393896824415626;4.806910414378862e-06;23.535049279053073;0.02666666666666667;0.24048073795375327;0.81075
6.475358438114732;833.3333333339077;0.8026619241745742;1.0582161034589468;0.7991327676318808;0.0;0.28981887332810097;;0.11205245113555024;4.806910414378862e-06;12.41898851939229;0.002916666666666667;0.11311683909937431;0.7985
6.45476349409527;128.82055803637618;0.644688838669972;0.9945664160164218;1.4976836144348924;0.010043615749531956;0.4243018572605073;;0.3195921608846347;4.806910414378862e-06;18.281234815570556;0.1525;0.36117192911826557;0.798
6.943031922162544;7.453199186509384;1.027810692105395;0.9861258049639625;1.1490227303485905;0.2791617080060494;0.22336884150849198;;0.13801197637279886;4.806910414378862e-06;15.866311556177736;0.020833333333333332;0.1633093078629568;0.812
5.505215588995139;345.95084449301817;0.6228061883695897;0.9927704085460352;0.8245621613474988;0.12872272634278048;0.534196730187516;;0.20009738705128954;4.806910414378862e-06;20.395118562951385;0.03208333333333333;0.1941572493575831;0.8035
7.562411486860537;0.6836940517461495;0.8803984030945358;1.3959174278169413;1.0342803800459797;0.001368913113783547;0.23916775039252913;;0.20011019230350444;4.806910414378862e-06;10.1976330357002;0.0008333333333333334;0.17614784550434434;0.79175
6.02818343029519;0.019729302880890056;0.9226261259723314;1.2174504231048824;0.8010459850837185;0.0;0.4055248323269252;;0.3093294582176023;4.806910414378862e-06;28.021053668216243;0.009166666666666667;0.10065599435115748;0.80625
5.749299910743055;0.00676410772305612;1.2693498250278032;0.9807380579353211;1.2981569088622789;0.2958994561788289;1.0883049197690766;;0.38570740833972844;4.806910414378862e-06;7.795641498118432;0.01125;0.13158824127445112;0.79725
5.137593247030491;0.013505289505743845;0.9245927628205414;1.3335257952032498;1.1472857349467709;1.0000000000000002;0.2485644983877959;;0.3757292966570446;4.806910414378862e-06;8.08177780566176;0.16833333333333333;0.29160033019142895;0.80775
6.969456237918705;65.41880666729186;0.7364667995552465;1.1086962085752046;0.8930540666994757;0.5630188363299415;0.6037512253992745;;0.3864071169477499;4.806910414378862e-06;9.573975679981837;0.007083333333333333;0.18675390751621176;0.80025
6.601954827473956;20.987654320972343;1.8902061317116798;0.9948858975763368;1.111079702345628;0.0;0.8599929746326314;;0.1347458107197347;4.806910414378862e-06;23.53781270125237;0.025416666666666667;0.2376232236373969;0.8055
14.215240257634386;2586.805555553759;0.7199788031078931;0.9752102516544501;1.0971643156120439;0.0;0.28701909220530647;;0.14490266885540537;4.806910414378862e-06;12.285606304174806;0.004583333333333333;0.10702588067723118;0.247
6.45476349409527;242.3596913924789;0.6160342698061987;0.994566416016422;1.178150011429408;0.02846639220146677;0.4245892490284999;;0.3033232315665;4.806910414378862e-06;18.28496979642305;0.14333333333333334;0.35582069112280673;0.7995
6.943031922162544;112.42603550294359;0.6219809718216274;0.9897193470861536;0.7178475411174482;0.0;0.21921510772455519;;0.1120524511355504;4.806910414378862e-06;15.533346692279343;0.03125;0.16598681387054007;0.8095
5.505215588995139;0.0015578679952282359;4.104767852592676;1.089634342885979;3.116835623468988;0.33287561494993884;0.4245309852441845;;0.2020894502786696;4.806910414378862e-06;26.37944203071066;0.028333333333333332;0.18448918571153258;0.796
7.562411486860537;0.3985965859867708;0.7124070609405238;1.428453766602726;0.8413410966466583;0.0017417074867392697;0.2340574836939724;;0.21875527610686638;4.806910414378862e-06;9.603594289903649;0.0033333333333333335;0.17554737956159752;0.80475
6.311128234417774;0.016658872735191097;0.5992592086045384;1.1686666350908341;1.2751694854454505;0.4921943148233686;0.4368056266465187;;0.3195921608846348;4.806910414378862e-06;20.804563432957607;0.01375;0.10040690854708278;0.8115
6.249973206093205;0.029194824171309836;1.0799599180829347;0.9947999975826753;1.0730568567287044;0.8674012911603741;0.41034742327146756;;0.32492721449830714;4.806910414378862e-06;12.223320190065685;0.032916666666666664;0.19784913613609093;0.8005
5.131850958016054;0.0;0.5999999999999773;0.9822968391816811;1.2499999984373222;0.0;0.7965023517587214;;0.02832424295940987;4.806910414378862e-06;8.66615837314103;0.027916666666666666;0.23471249425020888;0.809
6.969456237918705;14.987331795464469;0.9436206239604483;1.111181081435989;1.101949807453516;0.6357843203983797;0.6043227047536055;;0.48300889618468745;4.806910414378862e-06;9.648364013090658;0.009583333333333333;0.18029669732015213;0.79525
6.601954827473956;64.23490965015928;0.8027966617591412;0.9618608303257788;0.7044337114976978;0.6853416122436575;0.8524980400685944;;0.13769058154333352;4.806910414378862e-06;22.9591214312792;0.034583333333333334;0.243297384255986;0.794
14.215240257634386;1666.666666666808;0.6374867606456531;0.97088957846203;0.7100972112559616;0.0;0.28438839553801665;;0.07444479091802438;4.806910414378862e-06;12.162848909373073;0.01125;0.09265189635353074;0.24575
6.45476349409527;362.6421086812414;0.6141540697995033;0.9945664160164217;1.2335641014355534;2.846639217304885e-11;0.42454972440513983;;0.3071448497791882;4.806910414378862e-06;18.287331936206332;0.14291666666666666;0.3601858136197702;0.8155
6.669620277845288;111.28257887516021;0.6925377619482704;0.9897193470861536;0.856957535733589;0.0;0.22059286546827564;;0.14490266885540581;4.806910414378862e-06;15.568495998447373;0.0525;0.16106758478191996;0.803
5.569836436426924;0.014647549749224218;0.6074926092363165;1.1729529476750344;0.8769184762214518;0.8890547547047271;0.391765097292718;;0.20208945027866942;4.806910414378862e-06;23.399236723828555;0.02125;0.1792035190229912;0.8135
7.562411486860537;1.6906641004769394;0.803250654209616;1.367821511714827;0.9571143956014669;9.201201181062305e-13;0.23696072871097207;;0.14893805524272244;4.806910414378862e-06;10.094720990981008;0.00375;0.17920689542522872;0.80625
6.167033055551909;0.0028747693993974367;0.6066313923931639;1.1836205535368403;1.2406600956321994;0.4921691889984657;0.46935551822903854;;0.36116248490701425;4.806910414378862e-06;22.308067756603602;0.004583333333333333;0.0999531573883957;0.79625
5.356550541021434;0.022732961985644475;0.8513876677297331;1.0261456987549682;1.0892419575847339;0.0;0.8048969915270653;;0.4190441439663128;4.806910414378862e-06;21.421534982484623;0.11125;0.23984604029842008;0.81075
5.131850958016054;0.0;0.5999999999999773;0.9822968391816811;1.087499998927969;0.0;0.7965023517587214;;0.02832424295940987;4.806910414378862e-06;8.66615837314103;0.027916666666666666;0.23504055923632447;0.805
6.969456237918705;30.14506165908172;0.6771897279689651;1.1064874444339687;0.827329753419084;0.5023866485151824;0.6033559583683388;;0.2911861887262186;4.806910414378862e-06;9.519183049890465;0.007083333333333333;0.19242553019898617;0.7995
6.601954827473956;157.59259259263726;0.6719218131236487;0.9618608303257788;0.6385901206789548;0.6893687188249968;0.8527089361078455;;0.1376905815433367;4.806910414378862e-06;22.971938734573335;0.03208333333333333;0.24432464348657554;0.80875
14.215240257634386;1597.2222222223065;0.6633006492910377;0.9720068233550488;0.9779975538083548;0.0;0.2856794789037233;;0.09660177923693825;4.806910414378862e-06;12.222745515092292;0.009583333333333333;0.11987951334900107;0.24375
6.45476349409527;0.007944342086750189;0.8882831050373806;1.0159737438574319;1.492813001744916;0.0;0.24594379290856286;;0.2241049022711007;4.806910414378862e-06;17.672891817592674;0.13166666666666665;0.3604672335377355;0.80425
6.943031922162544;0.03830975567355348;1.0443383630027927;1.0049269028966792;1.5523472281917952;1.7753199036815992e-11;0.4099726158200522;;0.17773086487991013;4.806910414378862e-06;19.94881250741765;0.03208333333333333;0.16284569009178643;0.804
5.569836436426924;0.01281453647173555;0.6106257556193571;1.1709111290942924;0.8811735578178868;0.8577316923261495;0.39154680807977754;;0.23677052864684894;4.806910414378862e-06;23.381452045063035;0.022916666666666665;0.1816597580002587;0.80275
6.968371324471903;0.08252463343642627;1.005556033188053;1.3271799104821087;1.151041184110111;0.008281081063869723;0.2343257670189313;;0.2853555141118854;4.806910414378862e-06;10.031980232268857;0.01875;0.18201684359775044;0.80525
6.167033055551909;0.0073562249146577755;0.7237862733295309;1.131383219669673;0.9678942169496799;0.9999999999898993;0.5678154351092749;;0.31868216674123845;4.806910414378862e-06;18.42557028853849;0.005833333333333334;0.10126132921843678;0.799
5.714357763700141;0.0034843239843583445;0.8445848656883306;1.2168699024096405;1.3384044988067134;0.9999999999205288;0.27123097949786673;;0.39322296842995824;4.806910414378862e-06;9.322198876110308;0.12833333333333333;0.25934824264754935;0.81775
5.131850958016054;;0.5;0.9811977609684801;0.6825396829781077;0.0;0.7965153217436772;;0.02832424295940987;4.806910414378862e-06;8.65629717368159;0.027916666666666666;0.23584223219938671;0.8055
6.3941010361597845;4.29429551159445;0.7056773038354799;1.0500292454898998;0.8801351224264423;4.108890339465936e-11;0.796761079477909;;0.17499593119675597;4.806910414378862e-06;19.00307536517655;0.09958333333333333;0.23007510341130258;0.8065
6.601954827473956;1166.6666666656056;0.9160647774042384;0.9948342422377443;0.6075565370781971;0.0;0.8600714530377768;;0.10500018384161555;4.806910414378862e-06;23.534304822355942;0.023333333333333334;0.24199314863826765;0.814
14.215240257634386;110.22222222214452;0.8142174088371134;0.9752102516544501;1.0380491975767372;0.0;0.28726783821985347;;0.14490266885540537;4.806910414378862e-06;12.299134771106262;0.004583333333333333;0.11099323573266173;0.24425
6.45476349409527;0.18247964364629643;0.7224646200434937;1.0130791492894777;1.116708521813791;0.0;0.13696511675255182;;0.20790401489180796;4.806910414378862e-06;10.944315123568881;0.13416666666666666;0.35968740376774067;0.8065
6.669620277845288;63.00582990396811;0.6962023150344823;0.9897193470861536;0.8199286372482023;0.0;0.21858506255040736;;0.14267775705594427;4.806910414378862e-06;15.51635092900278;0.0425;0.16836172454145223;0.80875
5.505215588995139;0.3501874823267905;0.9736168985883421;0.9927704085460352;1.110076223930087;0.05719095843085247;0.5480682160825785;;0.1954814620036934;4.806910414378862e-06;20.901808137552752;0.027916666666666666;0.18483897732178065;0.8055
7.103807949528925;0.06631097025948739;1.5657905138265917;0.9711329016600431;3.652273238428758;0.2754311625919815;0.41764862804464914;;0.3222370278649366;4.806910414378862e-06;18.26463542598411;0.012916666666666667;0.19008044620741252;0.80325
6.442316384009729;0.06219584624802221;1.0786960853497178;1.0425067661709844;1.1190117933261519;0.04696443981841758;0.5526477145754398;;0.34680017731552104;4.806910414378862e-06;25.190427391742425;0.0020833333333333333;0.09908945814865998;0.8005
5.767093558198466;0.0008288349186236408;1.4033725402529857;0.9979051951272572;2.9275103936424745;0.3869248087511564;0.7074946663365117;;0.4805004388091764;4.806910414378862e-06;20.31115880933377;0.042083333333333334;0.17091954248959387;0.797
5.131850958016054;;0.5;0.9811977609684801;0.8888888890740846;0.0;0.7965153217436772;;0.02832424295940987;4.806910414378862e-06;8.65629717368159;0.027916666666666666;0.2352309264249112;0.7975
6.3754160755300715;6.298985892956008;0.7376254024383613;1.0999236735647295;1.078417601542727;0.5439298299523208;0.6017191036265779;;0.2001101923035043;4.806910414378862e-06;9.313503051376907;0.0425;0.21581506880487972;0.8045
6.601954827473956;0.0;0.0;1.2848798396828975;3.6621336365365664;0.028571428575510264;1.0448558211903303;;0.09660177923693755;4.806910414378862e-06;23.440315153678704;0.030416666666666668;0.24560567369919006;0.8085
6.293234072860171;10.973936899859902;0.8149518991427326;1.0110133063590625;1.6286088413826327;0.0;0.28337582431118385;;0.16797960618607777;4.806910414378862e-06;12.118613700795066;0.012916666666666667;0.1273994544030305;0.8065
6.438907188183255;0.01452118632396926;0.7946896790889217;0.9705645162310885;0.7940635972024077;0.0;0.2345464103580988;;0.2241049022711007;4.806910414378862e-06;11.28029085846739;0.17541666666666667;0.35875911794460424;0.804
6.690007263928564;2.325377206108734;0.993997086868588;0.9897193470861536;1.206646729170246;0.0;0.22274014307379278;;0.19604427483674355;4.806910414378862e-06;15.626227604747678;0.014166666666666666;0.15387578017966141;0.789
5.708686061683643;0.004893899487848004;0.8332569782173946;1.1170802405706033;0.9636984768466368;9.257017331194964e-12;0.7164521335364844;;0.23591324968644845;4.806910414378862e-06;14.026589501682041;0.01625;0.1754480241833884;0.8035
7.562411486860537;1388.88888888833;0.6319219943467583;1.0325230830072631;0.5093031245031938;0.0;0.41553251343983805;;0.11557687720607283;4.806910414378862e-06;17.916062713346108;0.007083333333333333;0.18524381594609615;0.8075
6.061206390687776;0.05842794350788715;0.9871322497561154;1.5953104488337304;0.8732758958521764;0.9723981408965859;1.3310311349585884;;0.3022573132032553;4.806910414378862e-06;24.290497655815617;0.00125;0.11118244484287339;0.7955
5.708615474685704;0.03951697507334064;0.7771772957830236;0.9934933036689296;0.8968977161751903;0.07389836762963181;0.24153217421710754;;0.33326514667461665;4.806910414378862e-06;22.17208076166229;0.03833333333333333;0.18228897767518418;0.79925
5.131850958016054;;0.5;0.9811977609684801;0.6666666672222774;0.0;0.7965153217436772;;0.02832424295940987;4.806910414378862e-06;8.65629717368159;0.027916666666666666;0.23599388462472354;0.80725
6.3941010361597845;0.06760781460659403;1.3188381627003887;1.0268561222169263;1.3476905506496017;0.44444444434591796;0.7963624546445051;;0.2795960779587891;4.806910414378862e-06;19.091339840258033;0.05375;0.21332772155103222;0.807
6.601954827473956;;0.5;1.2845984795725136;0.6110935196526865;0.0;1.04479409851475;;0.09660177923693755;4.806910414378862e-06;23.444024976271656;0.035;0.2421418000468453;0.805
14.215240257634386;110.22222222214452;0.8142174088371134;0.9752102516544501;1.0317076646472811;0.0;0.28726783821985347;;0.14490266885540537;4.806910414378862e-06;12.299134771106262;0.005;0.1128278971607259;0.25675
6.438907188183255;0.01452118632396926;0.7946896790889217;0.9705645162310885;0.8112249641022069;0.0;0.2345464103580988;;0.2241049022711007;4.806910414378862e-06;11.28029085846739;0.18083333333333335;0.3593369601677285;0.79675
6.690007263928564;53.8380768770103;0.6029940550753712;0.9885749595338906;0.827123408545506;0.28494244508607286;0.2217687405105789;;0.1461693691010927;4.806910414378862e-06;15.391706226234172;0.02666666666666667;0.1515616492540953;0.797
5.708686061683643;1335.9845275997588;0.7417768608598416;0.992770408546035;0.8750734815446568;5.788472775144558e-13;0.5756710516288817;;0.1408884962001824;4.806910414378862e-06;21.963077815342054;0.009583333333333333;0.17069492783797685;0.79525
7.562411486860537;0.1310217381925836;1.762481731122698;1.007111220080903;3.3253594733683705;4.509019627110275e-12;0.41968193099179696;;0.13769058154333688;4.806910414378862e-06;18.31394532182893;0.004166666666666667;0.18220699910736649;0.80975
6.061206390687776;0.012651417600145298;1.1347169687802634;1.505197243845186;1.120991089592582;0.9999999999949603;1.3414907102170492;;0.34209924150748267;4.806910414378862e-06;25.742981351568115;0.0004166666666666667;0.10963958337268978;0.80175
5.335946393741395;0.04048191877687162;0.8860182466734968;1.0988085308072792;1.4260507765168893;4.767312944989842e-11;0.301513841563069;;0.2816982111332036;4.806910414378862e-06;10.941160320339751;0.08083333333333333;0.24269226038885305;0.8055
5.131850958016054;;0.5;0.9811977609684801;0.8888888890740846;0.0;0.7965153217436772;;0.02832424295940987;4.806910414378862e-06;8.65629717368159;0.027916666666666666;0.23595400416190054;0.814
6.529537661216806;0.7485065937308945;0.8911366412091228;1.0241880960796483;1.0004784931219612;0.24093316615931226;0.795238633833182;;0.20011019230350444;4.806910414378862e-06;19.002224726790715;0.13083333333333333;0.24596904362082866;0.81
6.601954827473956;;0.5;1.2845984795725136;0.8666666667333333;0.0;1.04479409851475;;0.09660177923693755;4.806910414378862e-06;23.444024976271656;0.03625;0.24209325774436213;0.80525
14.397364622888949;75.56774881878509;0.652034766443538;1.4321627250614652;0.8338590761856212;0.3206337794445932;0.29387268743156447;;0.4347080065662188;4.806910414378862e-06;12.617110628941736;0.00125;0.1057668882934149;0.23725
5.989160077903702;2.1050112245585733;0.6623607017409082;0.9970681064728065;0.7552941608487004;1.7556440509382428e-11;0.12115613835756515;;0.24262224514918782;4.806910414378862e-06;10.260633179825746;0.145;0.35057657162898426;0.80975
6.690007263928564;120.73060486525549;0.596051287374613;0.9885749595338906;0.8183082325664829;0.3058687574814613;0.22335775987817041;;0.17499593119675277;4.806910414378862e-06;15.435602636302285;0.015416666666666667;0.14690050150347225;0.798
5.708686061683643;14.47999999999825;0.862396565118188;1.175696826779474;0.8391757649118078;0.0;0.47776223103683724;;0.16846129933628065;4.806910414378862e-06;28.945683145732207;0.01;0.165359923207292;0.80875
6.968371324471903;1.2578762342006062;0.9442101273041954;0.9765378305655649;2.6134493650559616;0.022991579108345313;0.4180889134408826;;0.16846129933628087;4.806910414378862e-06;18.248606830972548;0.01;0.19189953358464834;0.80725
6.561879686037926;0.03964770958828389;1.045351810022219;1.1057203241399105;0.9775573686605981;0.0;0.7268409449890538;;0.38571161278637733;4.806910414378862e-06;24.255365233051887;0.0008333333333333334;0.09867930768265877;0.807
5.373729568064846;0.011421317937435583;0.8778429676473785;0.9925415660860161;1.5701038021036604;0.5752531744224474;1.1030296868272427;;0.3519969627931841;4.806910414378862e-06;9.051803459100748;0.025833333333333333;0.18156228129429705;0.798
4.753439588057308;555.5555555566294;1.199999999999818;0.9818340204843313;1.8333333314581912;0.4999999984998579;0.7994831715507866;;0.05664848591880363;4.806910414378862e-06;8.981310668655839;0.035416666666666666;0.23358090972810003;0.8
6.529537661216806;13.86897777421512;0.6334074549237193;1.0461833935766998;0.818332878577072;0.0;0.7963092535108608;;0.14490266885540604;4.806910414378862e-06;18.967920197592857;0.08541666666666667;0.24536943851145687;0.8125
7.067558243665524;1.7777777777777828;5.749999999999995;1.2853543137629078;8.126725259529326;0.1999999998400002;1.0449763803620158;;0.1789464222838572;4.806910414378862e-06;23.437949475740727;0.025;0.24968571582114016;0.8125
14.397364622888949;75.56774881878509;0.652034766443538;1.4321627250614652;0.8006308914227453;0.3206337794445932;0.29387268743156447;;0.4347080065662188;4.806910414378862e-06;12.617110628941736;0.00125;0.105789692307234;0.25525
5.989160077903702;1.6128092218682724;0.6921521755484502;0.9974320128401282;0.7872143124143455;1.857774603365518e-11;0.1220413194689302;;0.24287517079626766;4.806910414378862e-06;10.308248101227967;0.16791666666666666;0.34575953832274375;0.809
6.690007263928564;0.002432791249511444;1.0883002587345518;1.056998247216309;2.0476140623077628;0.26451670816197337;0.41360725356280903;;0.30824044571154186;4.806910414378862e-06;20.602205250818262;0.0125;0.13967861435475806;0.79
5.708686061683643;0.4139285567199662;0.6909011566827038;0.992770408546035;0.7792036750338314;2.9602730954949483e-13;0.5754793314651345;;0.13474581071973465;4.806910414378862e-06;21.954115240921443;0.018333333333333333;0.17200321901006965;0.80325
6.968371324471903;55.034722222258154;0.9542326124963131;1.0295762328448999;0.7970621711847472;2.254509810931892e-12;0.4147401171685931;;0.11198640412404946;4.806910414378862e-06;17.87393604771962;0.013333333333333334;0.18793300750866326;0.8055
6.84482449016051;0.08698423153723377;0.6544455699399584;1.1204624111012373;0.8456776749352783;1.8947050727386826e-11;0.7079028034724731;;0.2753811630866703;4.806910414378862e-06;22.474613747370025;0.00125;0.09650842393860913;0.8005
5.330204104726956;8.855327382739503;0.8800869982683409;0.994799997582675;0.8511221350029499;0.784804143744044;0.42306146498390235;;0.2942350196843641;4.806910414378862e-06;12.712510219870763;0.021666666666666667;0.1843038662286844;0.80175
4.753439588057308;555.5555555566294;1.199999999999818;0.9818340204843313;1.9999999977498293;0.4999999984998579;0.7994831715507866;;0.05664848591880363;4.806910414378862e-06;8.981310668655839;0.035416666666666666;0.23280323480112236;0.7995
6.3754160755300715;8.784104635691806;0.7304826914996877;1.0962864536173185;1.1750508465285556;0.5023866483839805;0.6008562101368637;;0.14621997661147915;4.806910414378862e-06;9.206601081374636;0.0325;0.23333929149602226;0.8035
7.067558243665524;0.1937328218549661;3.9995724755254414;0.9940722792493639;4.463965981371281;0.685341611921862;0.8604800731618566;;0.24096026559433134;4.806910414378862e-06;23.54364404047179;0.0175;0.2546925447097947;0.8065
6.475358438114732;50.00000000000014;0.9274897747279217;1.5146260840407328;1.089425070323149;0.4305052023170497;0.2946416271964363;;0.29529000105416875;4.806910414378862e-06;12.654869130293912;0.0004166666666666667;0.10651408138210981;0.813
5.973303771991687;0.046685834074490395;1.2306764310330072;0.948717267757293;1.2477074205273146;0.3623709213915147;0.5974011888759089;;0.22995715446864678;4.806910414378862e-06;16.507807254341138;0.15833333333333333;0.3637430867082565;0.81975
6.690007263928564;5.378279297693897;0.8389831800989306;0.9907429108732486;1.1011172434261838;0.3757357270777875;0.2257496553255673;;0.2431597441757378;4.806910414378862e-06;15.505036484667595;0.0125;0.1410050295746072;0.8055
5.708686061683643;0.13615222908428107;1.6031294735783053;1.1561419694893138;1.0796506746839423;1.6540722276773917e-11;0.4596033125201437;;0.1120524511355503;4.806910414378862e-06;28.06419103603227;0.017083333333333332;0.17287331596158245;0.79725
7.562411486860537;105.55555555559467;1.0594839260895565;1.0318854046064092;0.9719416468547529;0.0;0.41515720097155445;;0.10936072618602548;4.806910414378862e-06;17.88681649071298;0.010416666666666666;0.18432115745241737;0.802
6.29424822872363;0.0025514726941214647;1.8190541947359367;1.0832132444976144;1.8163008475517082;0.38829899198891465;0.6891318812924747;;0.2770114247402672;4.806910414378862e-06;20.59557388674538;0.0016666666666666668;0.09775168091673252;0.807
5.400035797473531;0.3204462195138293;1.1883811827875217;0.9962362411955716;1.0656104546438439;0.7654987814508877;0.42559714736248816;;0.3415883169733043;4.806910414378862e-06;12.908079464405368;0.010833333333333334;0.17381572633082337;0.8055
4.796965051395196;12.372056283044016;0.9095544274558486;1.2341651538644176;1.0056369717728995;0.0;0.9039520496407649;;0.1766905750428384;4.806910414378862e-06;11.63133307149626;0.013333333333333334;0.15993736460886399;0.811
6.529537661216806;3.7535014070893395;0.6742003674062598;1.0442491808472716;0.909751606756037;0.05530750732704293;0.7957917693743423;;0.15680986103289035;4.806910414378862e-06;18.929959495077235;0.11458333333333333;0.2629228567388712;0.80375
7.067558243665524;0.1293020820383021;1.1110403032284657;0.9618608303257788;1.856726861419206;0.6868878544607192;0.8530286314589016;;0.14267775705594118;4.806910414378862e-06;22.968992127692;0.023333333333333334;0.26136374602310747;0.8005
6.475358438114732;7.926573693033643;1.5608662433342577;1.1841320091850354;1.2542359570162203;0.0;0.2915451834054104;;0.15558224319732727;4.806910414378862e-06;12.503778790266717;0.0020833333333333333;0.11077098601605842;0.80075
5.973303771991687;0.4157169857267493;0.852405709697892;1.1219281793463467;1.058096357775357;0.6678180806096112;0.7919068062297084;;0.21668965711581012;4.806910414378862e-06;9.732525104810449;0.15041666666666667;0.3585313218783654;0.81275
6.690007263928564;12.841058514136202;0.5991970563176424;0.9885749595338906;0.7390268375486527;0.2791617080647508;0.22180953081019475;;0.13769058154333674;4.806910414378862e-06;15.39211533257697;0.01375;0.15145224444457833;0.806
5.708686061683643;1303.3506390597083;0.6257616889841751;1.1754739433538661;0.5945141303540754;0.0;0.4770688138890058;;0.10110774385549998;4.806910414378862e-06;28.905250289088176;0.012916666666666667;0.16757995899979988;0.80175
6.968371324471903;1.760223765431992;1.9908382724138138;1.0311493309940816;1.308762576998229;0.001701800233073031;0.4155474526617453;;0.1380119763727989;4.806910414378862e-06;17.935768391406853;0.0075;0.1834859050208598;0.79275
6.303466758753009;0.14441152569470164;0.7718199009908767;1.1198184690361455;0.976684175121919;1.8813147631050556e-11;0.7082536123950791;;0.281700130077511;4.806910414378862e-06;22.456235698989108;0.0004166666666666667;0.09527319196078783;0.80975
5.949055004545797;0.00538051291141577;0.7884832684527588;1.1260289509828891;1.2341396956506752;0.9999999999283328;0.43547088394233174;;0.50578788587841;4.806910414378862e-06;11.952301178918264;0.04541666666666667;0.18814209345267663;0.80975
4.796965051395196;6.326743149035381;0.6620130381949775;1.2335332856386638;0.7248564361722136;0.0;0.9038321112146318;;0.1620730399398173;4.806910414378862e-06;11.61122476739771;0.06125;0.16465936098769318;0.80975
6.510852700587093;3.3340572209110295;0.7661782017997686;1.048110469472995;0.9283425490879673;0.12621869485330742;0.5992935819199543;;0.17499593119675633;4.806910414378862e-06;9.02652085878243;0.1175;0.2795845880102427;0.806
6.601954827473956;0.174471264299176;1.516870630756255;1.0986603080293762;7.527610549076578;0.19718387757915445;1.0385904171632074;;0.14918564468211698;4.806910414378862e-06;22.710319223271185;0.04583333333333333;0.25838608726376233;0.81575
6.475358438114732;59.259259259252566;1.256962079634302;1.0052027888530133;1.1348042631389907;0.0;0.2893426091204803;;0.142677757055944;4.806910414378862e-06;12.39772408687245;0.0033333333333333335;0.11478673265733512;0.8225
6.272607464593692;13.116993602094864;0.7514523567813066;0.9634005632047338;0.8153915104987254;0.6601238680236963;0.7890019667473713;;0.23467900519135002;4.806910414378862e-06;8.794566758307512;0.2;0.40045024465174045;0.80725
6.808236981593685;0.4695291190463872;1.4026680777566498;0.9897775268974899;1.0878590287467307;0.3514362632612923;0.22184339817354704;;0.19604427483674355;4.806910414378862e-06;15.198767668578693;0.013333333333333334;0.14957323847573842;0.79275
5.569836436426924;0.05288265645231468;1.6361877996037033;1.1403346395289273;0.9871266892083222;0.0;0.45962346067893767;;0.14088849620018531;4.806910414378862e-06;28.061834077933934;0.01625;0.17368323583461628;0.8085
6.968371324471903;19.604931958529534;0.6499652494061563;0.9659945891145452;1.0116217650465151;0.03252907026390965;0.6034697560731618;;0.14616936910109288;4.806910414378862e-06;16.90329467170419;0.00875;0.18849761933672773;0.793
6.303466758753009;0.6136608396314062;0.9357057377682431;1.041492626314718;0.9568244599600362;0.27715838519681807;0.5436517960153646;;0.19246214653590057;4.806910414378862e-06;24.554946394382803;0.005416666666666667;0.09451903967600855;0.804
5.356550541021434;0.0071095625173688325;0.825185073954015;1.076541571950735;0.970614683882138;3.9405520303637015e-11;0.814310385006316;;0.3879489761787383;4.806910414378862e-06;22.600740608977965;0.04416666666666667;0.21099501731094378;0.79625
4.796965051395196;6.326743149035381;0.6620130381949775;1.2335332856386638;0.6789991755342492;0.0;0.9038321112146318;;0.1620730399398173;4.806910414378862e-06;11.61122476739771;0.05416666666666667;0.16519284075795923;0.7885
6.510852700587093;38.200166444486776;0.672567463340266;1.0929252022551885;1.1147341811127445;0.26438073623427266;0.5997768211950576;;0.14490266885540648;4.806910414378862e-06;9.08036097995906;0.0725;0.2599993632939261;0.8085
6.601954827473956;0.36968254051075133;0.7380056195569041;0.9992283434014011;1.649617321119828;0.8009925619031448;1.032779866488102;;0.19623243864356185;4.806910414378862e-06;22.059602272171663;0.04708333333333333;0.25562840465602615;0.81075
6.293234072860171;122.2222222221451;0.924253042889058;0.9822914193265756;1.5439895661262604;0.0;0.28590676562549905;;0.10066859734279521;4.806910414378862e-06;12.235277957530831;0.007916666666666667;0.12114809052028422;0.808
5.807004048402124;72.3204092948907;0.6181275198312227;0.9615603423096232;0.630006611001943;0.6518446881018826;0.7888386167888131;;0.21314850576551567;4.806910414378862e-06;8.741846065398404;0.20791666666666667;0.39690259727459126;0.80375
6.808236981593685;0.0539719207945642;1.5361380946982217;0.9885749595338906;1.0559215387482574;0.4114379991709998;0.22041404879515128;;0.21668965711581167;4.806910414378862e-06;15.158315149303936;0.03375;0.15455728123602008;0.80775
5.569836436426924;2.0964993492483154e-05;1.6917034293194342;1.1783989851783925;1.5583565158674615;0.0;0.49452507764997383;;0.13801197637279872;4.806910414378862e-06;29.74182560840148;0.00625;0.16413189293340671;0.8125
7.562411486860537;3.9994443791101815;0.8069776676562624;0.9736438220012849;1.220167815476982;0.1255253677793762;0.6043139770830636;;0.13983804782422923;4.806910414378862e-06;16.992387146770426;0.00375;0.17968878882873576;0.8155
6.303466758753009;0.4308996505807193;0.6951090017902843;1.04247313141607;0.8808859127885497;2.6426015150398476e-11;0.5548418660741088;;0.20009738705128943;4.806910414378862e-06;25.32055868490179;0.00375;0.09515073298909321;0.797
5.949055004545797;0.001856175092084424;1.6139675958580828;1.040292660258193;1.7826838100414708;0.9999999999054874;0.18030612065392432;;0.3816841286406519;4.806910414378862e-06;24.307438332043475;0.014166666666666666;0.1849750812926361;0.802
4.796965051395196;81.5313124025243;0.7018495071795565;0.9734062789201797;0.7543368149759235;0.0;1.0992015346421729;;0.1398380478242291;4.806910414378862e-06;7.395483228158779;0.03625;0.17002112018162255;0.81275
6.510852700587093;3.3340572209110295;0.7661782017997686;1.048110469472995;0.9943229696525899;0.12621869485330742;0.5992935819199543;;0.17499593119675633;4.806910414378862e-06;9.02652085878243;0.12166666666666667;0.2783618519523795;0.8035
6.601954827473956;3.543402217077683;0.6953276896325565;0.9477508267940535;1.4887160806112973;0.6971087336244963;0.8459377460790327;;0.17082585317595136;4.806910414378862e-06;22.428466425756625;0.041666666666666664;0.2607526373416947;0.80675
14.397364622888949;2.469135802470342;1.0038766007754;1.0572092739460142;0.9053663721864013;0.0;0.2898411926531293;;0.2431597441757378;4.806910414378862e-06;12.42003828215202;0.002916666666666667;0.10978518234683425;0.242
5.807004048402124;0.8238044278140193;0.7643073766832786;0.9466347987720157;1.783216271087768;0.6168694859221165;0.786882917785145;;0.14893805524272255;4.806910414378862e-06;7.869874764625983;0.25;0.4103793929922308;0.807
6.787849995510408;1930.9413580247137;0.6385431615580295;1.0499187982216678;0.844846058698197;0.0;0.08768305896030357;;0.19320355847387516;4.806910414378862e-06;5.320795644307676;0.0375;0.16195288201961536;0.80675
5.708686061683643;0.2467214543236488;1.5993953688603149;1.1785836714994924;1.3763577441202957;0.0;0.49493177616975836;;0.13801197637279905;4.806910414378862e-06;29.76634972894888;0.005833333333333334;0.16257400540944672;0.806
7.562411486860537;230.03472222211505;0.9462146729853792;1.0355102415611044;0.8893078663104723;0.0;0.41634213022352207;;0.11198640412404946;4.806910414378862e-06;17.95920422677829;0.00375;0.18163804627761848;0.80425
6.34415119481036;0.04272446686475814;1.04143681843516;1.3831248487704852;1.0634823123111563;0.9999999999999999;1.143022813922262;;0.2832367040696035;4.806910414378862e-06;19.423000897574667;0.002916666666666667;0.10762496304551634;0.81375
6.344826727990791;0.049092454759416766;1.335959003350562;1.687501939472299;1.1583734519002589;0.2030360640272709;0.2763001007652103;;0.4155406127000185;4.806910414378862e-06;16.753783360669047;0.016666666666666666;0.21106947840960277;0.80275
4.796965051395196;150.6131052042961;0.6549036256032977;0.9734062789201797;0.7004489227644995;0.0;1.0991722052825803;;0.14490266885540615;4.806910414378862e-06;7.3862969547868556;0.04583333333333333;0.1710841168263982;0.80725
6.554408431422859;0.057496228692000655;1.3588846048109255;1.02256396281515;1.3756733703885253;0.4576738553767673;0.7941490589817819;;0.23972114341129783;4.806910414378862e-06;18.925177023990408;0.15875;0.29086368450984507;0.811
7.067558243665524;80.96865427469338;0.6170175854922444;0.9477508267940535;0.8880805973432584;0.7113248654168609;0.8459088601920758;;0.15680986103289624;4.806910414378862e-06;22.41410690621139;0.0375;0.27059598254594197;0.8135
6.459502132202717;0.00018645368642920403;4.941794350603372;1.324276661998549;4.8114899036405285;0.9999999999352376;0.3473333783009869;;0.142677757055944;4.806910414378862e-06;12.738870377977513;0.00125;0.11158875024627074;0.79825
5.852478965888216;5.29710794993334;0.9255102399163849;0.9931144031404091;1.1977588027377404;0.18536120660761976;0.9823042577778315;;0.16797960618607802;4.806910414378862e-06;8.460108195735748;0.2375;0.42574648057832853;0.80475
6.73485248306919;0.15467873705829088;1.0516338290349048;0.988394764294204;0.8656544077406267;0.10275912581491752;0.061367915820412865;;0.21314850576551547;4.806910414378862e-06;5.606993385131352;0.06;0.1836889623593635;0.79675
5.708686061683643;81.83379574578372;0.5698835797484699;1.1754102013148047;0.5930198400914698;0.0;0.4773031300081548;;0.10110774385550003;4.806910414378862e-06;28.915755228217314;0.010833333333333334;0.16748655196331444;0.80225
7.562411486860537;455.5555555554503;0.741926049887074;1.034361412415982;0.7230117123344403;0.0;0.4161295499602216;;0.1255579657464144;4.806910414378862e-06;17.952512617789626;0.004166666666666667;0.18220902419089005;0.8005
6.34415119481036;0.01157516198909559;1.2232919604170065;1.598042329735384;1.0276484790119549;0.9673931512192068;1.3330473041842705;;0.39899021480521624;4.806910414378862e-06;24.51968905527115;0.0004166666666666667;0.10139656553844878;0.8125
5.8792233117992225;0.18122611232334618;0.9331286717791778;1.6129862461207707;0.8889407474010846;3.1708905912140043e-11;0.2731431890927369;;0.318797389107792;4.806910414378862e-06;16.626469140329007;0.03333333333333333;0.21857004414324516;0.8005
4.658115426138478;10.251482128799216;0.6967129341447411;0.9734062789201797;0.8229876110695652;0.0;1.0991054955710209;;0.14893805524272558;4.806910414378862e-06;7.366818464116036;0.075;0.17644401239524482;0.809
6.554408431422859;0.01117489282491053;1.0210282244660842;1.0458355563128998;1.8201628032575015;0.0;0.9906048169691309;;0.289224432980422;4.806910414378862e-06;16.23044556590558;0.18208333333333335;0.29407635648208763;0.8075
7.067558243665524;55.301324511583864;0.6471603233430224;0.9477508267940535;0.898460934021827;0.7025179413798067;0.8459631079030142;;0.16846129933628082;4.806910414378862e-06;22.415555922331766;0.04;0.2714571134096821;0.80575
6.293234072860171;781.2499999997723;0.7342379131470693;0.9772152842901356;1.3114132455966696;0.0;0.28500513291179796;;0.10066859734278938;4.806910414378862e-06;12.191354546322941;0.00875;0.12218147254025624;0.81125
5.852478965888216;0.23755484780462166;1.098529112178173;0.9955569792895043;1.5339712303506057;0.0;0.9815163169969402;;0.18497698610322608;4.806910414378862e-06;7.837623176103613;0.25;0.45282317273092554;0.81525
6.73485248306919;615.8828484548884;0.736784688563978;1.0395143234604234;0.7379598749315628;0.007701177076810891;0.07414659111629132;;0.11986057170565646;4.806910414378862e-06;4.957892257806677;0.06291666666666666;0.18871409652828414;0.80725
5.708686061683643;81.83379574578372;0.5698835797484699;1.1754102013148047;0.5428229099646572;0.0;0.4773031300081548;;0.10110774385550003;4.806910414378862e-06;28.915755228217314;0.012083333333333333;0.16766346565956355;0.79225
7.562411486860537;0.0023233405397581775;1.9841784334667216;0.9724660444699585;2.2601356361643057;0.4819762322040986;0.607548683734034;;0.1568098610328905;4.806910414378862e-06;17.459409962155863;0.00125;0.18222647492329178;0.79775
6.84482449016051;0.009797107656344313;0.9434727258329504;1.1156709303172798;0.9017862668232758;0.0;0.7293416118294375;;0.2753811630866702;4.806910414378862e-06;24.406540947284093;0.0004166666666666667;0.09314486666284279;0.8065
5.8715618361344575;5.813577507486756;0.7793919746381384;0.9945701700261885;0.9077462519640049;0.0;0.6197141909708573;;0.21106392316068237;4.806910414378862e-06;6.623197784898879;0.00125;0.19488102952176525;0.80725
4.658115426138478;0.9274184218061935;0.8355042909333654;1.2332374120839855;0.8353173649050725;0.0;0.9037524626098318;;0.14893805524272566;4.806910414378862e-06;11.596602885921671;0.06416666666666666;0.1739626307215136;0.8015
6.417816892648091;0.36873267000367377;1.0354451417029515;1.019161959389297;1.0444233589043748;0.842888812144684;0.9846773958825974;;0.21668965711581026;4.806910414378862e-06;6.589944102025819;0.15458333333333332;0.2827732322475784;0.799
7.048873283035812;5.7294997232332605;0.7893007615847482;0.9630529428698562;1.0052829661653073;0.9009852457022923;0.6565755824683746;;0.10969767869772586;4.806910414378862e-06;14.27092155754861;0.027916666666666666;0.2855148654717011;0.8005
14.215240257634386;4722.222222222052;0.7358879708545327;0.9733101746142632;0.7133762543102169;0.0;0.28502782918074887;;0.05599320206202149;4.806910414378862e-06;12.1924239082913;0.01;0.11561761280144811;0.239
5.8276081956821635;9.381889136869628;0.9223790895723022;0.9931144031404093;0.8577875020747345;0.0;0.9814334633208947;;0.12316322407889081;4.806910414378862e-06;7.8486922483556425;0.24791666666666667;0.47105262750039206;0.807
6.73485248306919;361.43790849667283;0.6602102502567674;1.0405762736483912;0.6951399202273595;0.005153645713840714;0.07558882764787364;;0.1461693691010991;4.806910414378862e-06;4.992094030289782;0.05875;0.18515352674727245;0.80275
5.708686061683643;0.028766809782795815;0.6343708157694729;1.23449968775807;2.930381094216964;0.9999999999799998;0.43135090972742396;;0.14088849620018537;4.806910414378862e-06;25.363125515461554;0.007916666666666667;0.16781945853238514;0.799
6.968371324471903;3.8419996839958404;0.7639614686441538;0.9671560914601501;1.2340818006876115;2.965818413604543e-11;0.6039042056024487;;0.11205245113555024;4.806910414378862e-06;16.937938710545875;0.01;0.18522125839421488;0.8095
6.34415119481036;0.02391323717937525;0.7682171302338218;1.3618686475529838;0.8239974460373851;0.9999999999999998;1.1627352771912878;;0.2832367040696035;4.806910414378862e-06;22.244300424315124;0.00125;0.1019213755070715;0.794
5.35180269965341;0.006229197751651743;0.8545225067107003;1.1536738455550406;1.0659637150639065;0.9999999999707853;0.46522016532444954;;0.34089707714537093;4.806910414378862e-06;26.422592452023974;0.07916666666666666;0.2736878851313917;0.80575
4.67306804631335;0.3776493391386744;0.766266039526662;0.9992042720799453;1.1071416414176505;0.7663653430725302;0.7096515139921266;;0.1708258531759512;4.806910414378862e-06;20.368390463478303;0.05375;0.1636495236582203;0.79725
6.417816892648091;0.152118216603043;1.0523628841873092;1.0271502227325;1.0577456003848706;0.8412068888285442;0.9847253165260714;;0.2391175095398029;4.806910414378862e-06;6.635416266943261;0.14708333333333334;0.2578475497110693;0.8155
7.067558243665524;4.9301804749943745;0.6789763664385648;0.9813888960642192;0.9347902726866613;0.9504321204943044;0.8394306406456602;;0.13769058154333688;4.806910414378862e-06;21.898621259353458;0.04375;0.2866165117208912;0.81075
12.958900504374602;57.09876543212203;1.0426574548123237;0.9672603555363739;1.3696962611837429;0.0;0.2857567002919814;;0.4356297897435372;4.806910414378862e-06;12.227083994642099;0.0033333333333333335;0.10365217110550082;0.24625
5.8276081956821635;7.277233951022573;0.6757246845268401;0.9931144031404093;1.001615817067458;0.16619061214921857;0.9823563514529228;;0.11986057170564884;4.806910414378862e-06;8.508512149498404;0.2375;0.4363754908102194;0.81
6.787849995510408;822.2222222222272;0.6380814372182805;1.0511150015068973;0.872399358366561;0.0;0.08929977063430339;;0.2359132496864505;4.806910414378862e-06;5.369466775734722;0.045;0.15912141297011645;0.8105
5.772962947434115;0.0022714090973482304;0.8052072716216278;1.3163625058288972;2.247766279000809;0.9999999999802467;0.4704818132044443;;0.21522815249376315;4.806910414378862e-06;27.308330113579586;0.0025;0.15838798538756987;0.801
6.968371324471903;23.250000000000142;0.7729178897082702;0.989193998278848;1.019296337193745;0.0;0.6013413412583563;;0.13769058154333694;4.806910414378862e-06;16.51319594813143;0.0225;0.18574890986190604;0.7975
6.303466758753009;5.009667071174837;0.6338628689794075;1.0505947572596617;0.6279410003042335;0.0;0.5695155225680404;;0.20620010589744311;4.806910414378862e-06;26.252215733473196;0.0020833333333333333;0.09212387614272532;0.79925
5.363918985969466;0.0004286859711021651;1.0972384012327776;1.0164066437750994;1.4567413813871328;0.7113727870236436;1.0251318898016102;;0.45411664900613163;4.806910414378862e-06;23.867134734946795;0.03958333333333333;0.23021500537526945;0.79125
5.051479416272098;0.22873883849807466;0.8174447979716319;0.9982627811302958;0.6817503821924263;7.625620174713847e-11;0.7059123081945111;;0.17773086487991013;4.806910414378862e-06;20.031390197153282;0.0675;0.16629432399242916;0.81075
6.417816892648091;0.6937779899211572;0.713825530897176;1.0771679201518964;0.759563238397784;0.7895802816280705;0.9867105242001329;;0.2198923682480616;4.806910414378862e-06;6.933789596908174;0.13208333333333333;0.2506538087938116;0.81
7.067558243665524;0.7940861309628137;0.7716075988641556;1.0222313116919328;2.8764122280588436;0.9999999997443235;0.8331954168848243;;0.1120524511355504;4.806910414378862e-06;21.411963034850697;0.06;0.302404714596815;0.8085
12.938513518291325;30.868055555566357;1.1645031039891829;0.9685969866120759;1.4475078802965882;0.0;0.2803399466569214;;0.22397280824809884;4.806910414378862e-06;11.981603336236496;0.005;0.12815878110338594;0.2435
5.807004048402124;11.198988340191972;0.8539415194097297;0.942744350058857;1.1929219253671952;0.616869485788572;0.7857664681084524;;0.15489903008181594;4.806910414378862e-06;7.147183513922337;0.24875;0.4150988647760775;0.81025
6.787849995510408;822.2222222222272;0.6380814372182805;1.0511150015068973;0.8468792300398735;0.0;0.08929977063430339;;0.2359132496864505;4.806910414378862e-06;5.369466775734722;0.04041666666666666;0.1592056759150547;0.81225
5.708686061683643;0.4139285567199662;0.6909011566827038;0.992770408546035;0.7428638164905995;2.9602730954949483e-13;0.5754793314651345;;0.13474581071973465;4.806910414378862e-06;21.954115240921443;0.018333333333333333;0.1718621554372684;0.7975
6.968371324471903;3.8419996839958404;0.7639614686441538;0.9671560914601501;1.0832217653790153;2.965818413604543e-11;0.6039042056024487;;0.11205245113555024;4.806910414378862e-06;16.937938710545875;0.007916666666666667;0.18538221286054735;0.792
6.311128234417774;0.0116526863800807;0.5714424995134151;1.1534771780795918;0.9555143007303066;0.9999999999850249;0.5722980235966012;;0.3587708452215803;4.806910414378862e-06;18.780541428518067;0.007916666666666667;0.09368959204174192;0.8065
6.679728698168326;0.000750069185633528;1.0895502988152779;1.0111992228792475;1.328608144859919;0.4969906832667345;1.20086159334104;;0.9069826954862986;4.806910414378862e-06;26.860507808218447;0.11416666666666667;0.2822702779799087;0.803
5.051479416272098;0.22873883849807466;0.8174447979716319;0.9982627811302958;0.7296772910135118;7.625620174713847e-11;0.7059123081945111;;0.17773086487991013;4.806910414378862e-06;20.031390197153282;0.06541666666666666;0.16621614302949433;0.80625
6.417816892648091;6.694335718161321e-05;1.000287097827829;1.0197628527902527;2.4802415507368236;0.0;0.9916721679622679;;0.21806052112777632;4.806910414378862e-06;16.40303776475623;0.1525;0.28053904369826255;0.798
7.048873283035812;175.61728395062588;0.6746671505931501;0.9905755429098566;0.9074826960099799;0.900771446575191;0.6485848423735927;;0.10110774385550003;4.806910414378862e-06;13.512281452327395;0.032916666666666664;0.2983542159658813;0.80425
14.194853271551112;23.732848600856414;0.9924192585253399;1.0081190434649356;1.3803313325114681;0.06358222276159722;0.27868364837429527;;0.1476450005270824;4.806910414378862e-06;11.909316601714927;0.025416666666666667;0.14041604717288803;0.24175
5.265646316994623;0.05729715399492041;0.7444445224460772;0.989407534111335;0.9091184707825173;0.36237092139477534;0.5895345067122694;;0.21806052112777644;4.806910414378862e-06;15.147236925881895;0.17;0.40373891912700516;0.8145
6.787849995510408;51.217246157722194;1.1355566627375964;1.0535481171801682;1.3674829569247648;0.0;0.09257484298650108;;0.28922443298042366;4.806910414378862e-06;5.470995137101661;0.037083333333333336;0.15435588060696323;0.80125
5.569836436426924;3.7399617207910043;0.9928682523895634;0.992770408546035;0.7432115343314724;2.830777849687835e-11;0.5891671272863694;;0.11557687720607693;4.806910414378862e-06;22.504247131922057;0.014583333333333334;0.16859199752120138;0.80175
6.968371324471903;971.6666666670403;0.6203658258102556;0.9894697431127861;0.6808238819602104;0.0;0.6019768304314411;;0.10066859734279002;4.806910414378862e-06;16.581388871285338;0.014583333333333334;0.18194010292136203;0.796
6.329813195047486;0.004835225136405739;0.7442012401167781;1.196695300620502;0.9616664551592907;1.0000000000000002;1.07136050504508;;0.42188274215289884;4.806910414378862e-06;26.49605341204406;0.012083333333333333;0.09687804321483584;0.80875
6.200998612921055;6.65962730739438e-06;2.7630008254822114;1.0300058394443816;3.4113354094604533;0.666319985996028;1.2040834949568717;;0.5874860280545102;4.806910414378862e-06;22.120141862376496;0.041666666666666664;0.22126821876020045;0.7935
5.036526796097224;3.8231785449764604;0.8186926278266247;0.9609209538095076;0.7842811294764142;8.543576573382924e-11;1.0967158536106594;;0.1376905815433368;4.806910414378862e-06;6.3761181532570115;0.09541666666666666;0.18086250146864857;0.808
6.299720560970138;0.13948154991487766;1.3332659604687447;0.9962784362535935;1.5359893268377793;0.6238095551003472;0.7946226917625793;;0.24914486406789155;4.806910414378862e-06;19.57396710948174;0.1625;0.3012317446369778;0.8135
7.048873283035812;42.97839506173105;0.7232567171193999;0.9897864415047293;0.9668888428912683;0.8976057585361269;0.6483545057352018;;0.11986057170564898;4.806910414378862e-06;13.502846860369193;0.0425;0.2919896228557694;0.81075
6.293234072860171;503.47222222221393;0.8976433634713661;0.9740897895829216;1.2206949740189255;0.0;0.2843656482335179;;0.1449026688554067;4.806910414378862e-06;12.161776946931461;0.009166666666666667;0.12427591502278218;0.8075
5.265646316994623;0.1249085346714765;0.7112069763921838;0.8945111554386547;1.153170171882159;0.4576738554907141;0.3976814838320099;;0.2718850264786324;4.806910414378862e-06;17.060311988005164;0.16416666666666666;0.373616613462283;0.80525
6.787849995510408;31.555291234137357;0.7941613888771986;1.0452765477385522;1.0511635047104229;0.0;0.08137426918825882;;0.195268732126246;4.806910414378862e-06;5.140976329408798;0.0525;0.17247114221767312;0.8015
5.634113322177396;0.01276483139944432;1.3326651755843197;0.9927704085460352;2.112443761148981;0.5121616352927025;0.6182251443488965;;0.22588773751835747;4.806910414378862e-06;23.72566648348858;0.004583333333333333;0.15934414796021742;0.8025
6.968371324471903;891.6666666670682;0.6251640792578935;0.9895981624583949;0.6008942327507977;0.0;0.6022810425061105;;0.10936072618602581;4.806910414378862e-06;16.608737828522372;0.012916666666666667;0.17985003378816253;0.79775
6.449977859674493;0.0018688280549102954;0.7004942862365521;1.4540376143272913;0.855732490766131;1.4033101023429702e-11;0.7337330153158264;;0.3533157234867804;4.806910414378862e-06;21.52351939235803;0.006666666666666667;0.09398305030604123;0.7985
7.125863662125882;0.035985344340819896;0.7390186830682027;1.0076624040375124;1.0319617034458866;4.1232989958055516e-11;1.2419679884697514;;0.33692259867256175;4.806910414378862e-06;23.996933254924286;0.007916666666666667;0.17846162342250968;0.79925
5.036526796097224;6.508680021203207;0.8273931960172899;0.9825185522715865;0.837204510677965;0.32819092466203137;1.2930685980502576;;0.17773086487991022;4.806910414378862e-06;12.664585457469864;0.10666666666666667;0.18913454171459093;0.803
6.299720560970138;0.11239836671860265;1.3410812558461327;0.9962784362535935;1.5418175799590708;0.6263284996143678;0.7945354981824772;;0.23467900519135002;4.806910414378862e-06;19.569241924483517;0.16166666666666665;0.3116371765500485;0.81825
7.048873283035812;36.35802469136801;0.7380319468074958;0.9897864415047293;1.0517972206983828;0.9009852456954227;0.648111826524381;;0.1093607261860299;4.806910414378862e-06;13.478988089241895;0.04875;0.29613597538743247;0.80125
14.215240257634386;1666.666666666808;0.6374867606456531;0.97088957846203;0.6998717643475758;0.0;0.28438839553801665;;0.07444479091802438;4.806910414378862e-06;12.162848909373073;0.011666666666666667;0.1194788633126807;0.23
13.729010233176343;8.841306584363219;0.8025448049939388;0.9427443500588568;1.2677191531609024;0.49046950253347216;0.7856910537186343;;1.4425442718975483;4.806910414378862e-06;7.167591437375868;0.2125;0.4108870801498866;0.23525
6.73485248306919;57.03472222218594;0.7260873021313229;1.0422745200727388;0.9017690276049085;4.3005322281167666e-12;0.07666708966820737;;0.1726884859977526;4.806910414378862e-06;5.019573912313652;0.06916666666666667;0.1815804988436561;0.8045
5.708686061683643;4.487624419663077;0.985180120891082;0.9927704085460352;0.816049170324808;2.706012053088972e-11;0.5893411642486868;;0.1056290949157099;4.806910414378862e-06;22.51210230266674;0.013333333333333334;0.1682892013041194;0.80825
6.968371324471903;197.91666666672617;0.7078562301945633;0.9891939982788485;0.6704539677326229;0.0;0.6021729579811297;;0.13769058154333358;4.806910414378862e-06;16.59539510071167;0.01375;0.17958692451245759;0.799
6.311128234417774;0.004371929753099915;0.5990427031784508;1.2065588078317635;1.1496221317142807;0.4922947808912896;0.47556096516795177;;0.2853555141118854;4.806910414378862e-06;22.663481504008423;0.004583333333333333;0.09147527191207915;0.808
7.125863662125882;0.21377161805550415;0.9829621886012658;0.9837447834965504;0.89460276873299;0.7528840177500793;1.0605406405836075;;0.3878352778141382;4.806910414378862e-06;16.008352278680263;0.00875;0.1828169023893999;0.80675
5.036526796097224;6.599725164336075;0.8579855076402955;0.9825185522715865;0.86174161037552;0.33764837320287905;1.2930784544317275;;0.18174257661068027;4.806910414378862e-06;12.665998353199063;0.09333333333333334;0.18731642654072317;0.8135
6.299720560970138;0.04015966993166505;1.1159878699207975;1.0541338864656518;1.1065533989407599;0.8102853376335243;0.9866064091665878;;0.24914486406789155;4.806910414378862e-06;6.800076005443615;0.16791666666666666;0.34050175604144656;0.8145
7.048873283035812;0.7186376233995295;0.8182405741684367;1.0929974297829301;1.1153454323903498;0.21118936229084473;0.4742195944450639;;0.1408884962001856;4.806910414378862e-06;10.30400623871422;0.01875;0.2967839248676189;0.7965
6.293234072860171;39.062500000000284;1.1694136577659735;1.0132972092419688;1.6316753995511084;0.0;0.28312365888228636;;0.15558224319732727;4.806910414378862e-06;12.10488348446372;0.012916666666666667;0.12740564822347208;0.81275
6.293211611873732;4.805648630728398;0.585985315396755;1.0416215179823245;0.7319612781328755;0.0;0.9928835414798555;;0.20418953501445752;4.806910414378862e-06;16.626389834334297;0.20333333333333334;0.340165160853324;0.8125
6.6354021508236265;0.07753981422134652;1.0836729894795907;1.164851640152056;1.3883195182210992;1.192013426041819e-12;0.22156560435892864;;0.25946086615769026;4.806910414378862e-06;6.092277835394289;0.03958333333333333;0.15884645800072789;0.79925
5.569836436426924;0.0005813745315614572;2.365205501360737;1.1302046064583091;1.8346802560611182;0.18721158962082218;0.7379729773544074;;0.20210480400764413;4.806910414378862e-06;15.620331305248746;0.015;0.16744238219907545;0.81075
6.968371324471903;142.66666666669263;0.7583945266799214;0.989894288852869;0.75283971571598;0.002454223314618147;0.6020979006371039;;0.10562909491571004;4.806910414378862e-06;16.59594801777381;0.0125;0.1829011512988859;0.80025
6.311128234417774;0.20528925471140166;0.6727219360295025;1.2270748252828085;0.6705323639863762;0.0;0.39600895095889094;;0.237434034269087;4.806910414378862e-06;27.80120273179902;0.004583333333333333;0.09214731214363187;0.8095
6.596444347169034;0.030594397019285815;1.545256902862234;0.9882951463373981;1.0353211467701655;0.7138125157736329;1.0741903314226637;;0.2112581898314203;4.806910414378862e-06;17.20762455071378;0.01125;0.17926919659421026;0.79825
5.036526796097224;2.8617569877411904;0.781096201708278;0.9609209538095076;0.7550779575969727;0.06504420804394563;1.096727474632073;;0.1120524511355504;4.806910414378862e-06;6.378924061154657;0.07916666666666666;0.18029721680380079;0.802
6.279116413690098;0.0005207837936061515;0.7787498413112984;1.413426183835257;2.4003325142895284;0.9999999999888107;0.7906716276094026;;0.31959216088463477;4.806910414378862e-06;4.886301264438349;0.17208333333333334;0.3404114854246114;0.8015
7.048873283035812;246.91358024709436;0.697922354486862;0.9907705818986287;0.9693532476576101;0.9004962809396593;0.6483422493794537;;0.10500018384161129;4.806910414378862e-06;13.488439369410148;0.03208333333333333;0.2990926358340499;0.8075
6.293234072860171;160.1388888888936;0.8148832777610404;0.9907546945197785;1.09753790267855;0.0;0.28135433703322316;;0.14490266885540581;4.806910414378862e-06;12.025276823039711;0.012916666666666667;0.13235524186798306;0.81075
6.411441329538852;5.906105199999463e-05;5.518838596477327;0.9784565353946334;4.7970486315378915;0.0;0.9808886206478393;;0.20210480400764427;4.806910414378862e-06;6.947409721947025;0.20875;0.31860945172812755;0.81125
6.771993689598393;0.035128137701879635;1.0910630728714148;1.1409563262227969;1.2536899395460184;9.308061048681014e-13;0.20759510091933925;;0.21806052112777619;4.806910414378862e-06;5.834139206571694;0.05375;0.16901505578921977;0.80725
5.505215588995139;0.04270364677016594;2.025110053392274;1.0035433395273856;1.97081324937074;0.53059720584018;0.5208973475049774;;0.3237479319255119;4.806910414378862e-06;19.940100813589268;0.049166666666666664;0.21018223001765976;0.82725
6.968371324471903;0.000620585654613697;4.9742704190213765;1.4965578112880755;6.092885157275277;0.999999999689778;0.7957174610061649;;0.14616936910109915;4.806910414378862e-06;9.944527034981263;0.0075;0.17998348828674093;0.80625
6.449977859674493;0.006448746690288555;0.6745994096306887;1.161500603357823;1.05406111175905;0.4921691889984681;0.42742245701970044;;0.36036816154334833;4.806910414378862e-06;20.486184370128953;0.005;0.09404658811252259;0.8055
6.584328060852978;0.0034631593423323248;0.9794943281052086;1.042335892351871;1.3316865046589728;0.38928642911754846;0.7130906217398196;;0.32407926644700813;4.806910414378862e-06;14.004702586280729;0.012916666666666667;0.18304142313364785;0.806
5.036526796097224;0.2469676123142983;1.1274394916968995;1.1929493526452029;0.9296610978453788;0.0;0.9008574260168876;;0.13474581071973482;4.806910414378862e-06;10.997901166709685;0.08958333333333333;0.17242129095773853;0.80625
6.397212745368051;0.002065243734530972;0.6494968802072708;1.411177959433602;1.781402618330098;0.999999999992808;0.7906956413906131;;0.2391175095398029;4.806910414378862e-06;4.973648158234355;0.18166666666666667;0.2785263009614978;0.8085
7.048873283035812;1203.4722222226865;0.6039531210035098;0.9902047188480679;0.8484268444358507;0.9009852457019384;0.6485020607819901;;0.10562909491571015;4.806910414378862e-06;13.508397060451005;0.042083333333333334;0.296092284989096;0.80225
14.194853271551112;105.88888888892346;0.7525417946593536;0.9613894881227866;1.0643295248128073;0.0;0.2808128930595605;;0.0977411918841959;4.806910414378862e-06;12.001377028859014;0.02;0.1295400302683963;0.24025
6.390837182258813;0.4998020681831699;0.741220907551515;1.0524390174085654;0.9775585671182438;0.800498132743853;0.7835979094482707;;0.19604427483674364;4.806910414378862e-06;5.093432649178826;0.21916666666666668;0.3417622826048083;0.81225
6.582404638382407;0.3160663195729429;0.8338065304494794;1.1513051814029849;1.0636092002286381;0.008428807769345851;0.21768602284337035;;0.2709760077300169;4.806910414378862e-06;5.848614614559875;0.051666666666666666;0.1782900181611345;0.8025
5.495997058965759;0.0001217174331687054;2.3834101090572553;1.0141978390824866;2.5364292397727395;0.9999999999844583;0.6302872527217379;;0.5505889551194151;4.806910414378862e-06;8.344311107785424;0.07291666666666667;0.2768191356171192;0.80425
6.968371324471903;15.80555555555861;1.4305617169248066;1.032992309911089;1.5380896503615462;0.6077677288761607;0.7941684700423673;;0.10969767869772586;4.806910414378862e-06;9.283450700078316;0.015416666666666667;0.17925960173425162;0.82
6.303466758753009;0.00039230837749788225;1.0776324782213123;1.0458678415673144;5.247395610342187;0.9999999999800184;0.4575426238276384;;0.2678735247702352;4.806910414378862e-06;32.037306693779136;0.00125;0.0913256438371979;0.81025
6.7318809722260555;0.03964233057713456;1.2127402306835546;1.0217569079941806;1.0673634263923895;3.088718014257303e-12;0.9029717376266514;;0.3433110741563239;4.806910414378862e-06;13.363058188895554;0.015416666666666667;0.17756627724919138;0.80325
5.051479416272098;0.36178320085067;0.99845891857718;0.9844050701537922;0.9953023290122228;0.07336071037489968;0.5128405437477822;;0.15930096722722364;4.806910414378862e-06;29.69194713738989;0.0575;0.15659536742995972;0.805
6.417816892648091;0.21993734779296603;0.6870607364445119;1.1040433545565178;1.004106122702782;0.7785433175590282;0.9890703557144945;;0.2259710640358278;4.806910414378862e-06;7.3559973219923185;0.12458333333333334;0.23539171958624575;0.813
6.583269866844244;19.291845649453446;0.9612753349084167;0.9474293318582225;1.1411301897880737;0.9046537410724088;0.6559281848764511;;0.15680986103289626;4.806910414378862e-06;14.236070218019803;0.042083333333333334;0.27367277205816826;0.805
12.938513518291325;7.222222222224059;0.8745906833233558;1.065954049073523;1.2870560028640197;0.2254033305449906;0.2782631310971202;;0.19320355847387516;4.806910414378862e-06;11.892753669271535;0.007916666666666667;0.12399894305153214;0.242
6.390837182258813;0.03707165205108153;1.6596766468491626;1.1137805688637044;1.7362707225462768;0.8670355008940558;0.7840398756011117;;0.28588677721107075;4.806910414378862e-06;4.629787123712791;0.22416666666666665;0.36154815866186923;0.818
5.988364475993773;0.21855089343623604;0.7742988459107374;1.1375923079416628;1.1426087762739292;7.024006474094005e-13;0.21286235966995304;;0.27815769640747584;4.806910414378862e-06;5.607370765592143;0.11875;0.22527769354288507;0.80875
5.447802346496201;0.07863119622701716;0.7857406490049148;0.9627154484070368;1.0533043446320012;1.3808228461676995e-12;0.41998252050747076;;0.3468001773155212;4.806910414378862e-06;18.41385926547435;0.11291666666666667;0.2924137844390032;0.803
7.103807949528925;113.36805555560596;0.9577667525111105;0.9862224803194442;1.3653248965974711;0.1756626735348482;0.7933504229891205;;0.09774119188420988;4.806910414378862e-06;8.735901642076534;0.02375;0.17740402089086227;0.79875
6.303466758753009;0.28064171094729967;1.0018551656151777;1.0421726471792223;1.1834011604220311;0.285155649749104;0.5452983360909174;;0.229893174979453;4.806910414378862e-06;24.63479108625015;0.004166666666666667;0.09243780974499533;0.803
7.190484509557668;1.3363456874173594;0.6356939578955726;1.0145389891291776;0.6027128103678331;0.0;0.9135392303551702;;0.24635355619954594;4.806910414378862e-06;14.59499946368597;0.005833333333333334;0.16896198414519886;0.791
5.189224289931156;0.003594553609265432;0.6330639452279716;1.0200193100314208;0.7788050362194078;7.1731751729892414e-12;0.15791567324042127;;0.20418953501445955;4.806910414378862e-06;44.688957963541704;0.030416666666666668;0.1393140440109436;0.79575
6.417816892648091;0.5320134106267894;0.6554442708130589;1.098933693946869;0.9635287790683082;0.7912229598828977;0.9889675206393406;;0.2259710640358278;4.806910414378862e-06;7.298054225446853;0.13583333333333333;0.2501172888663067;0.81025
7.048873283035812;527.331961591206;0.6239830012895018;0.9630529428698562;0.8264210780996093;0.9004962809805903;0.6561023853403266;;0.1449026688554061;4.806910414378862e-06;14.238699798953524;0.03666666666666667;0.28558569372660214;0.80625
6.272847086776894;322.22222222210553;0.7512128749511016;0.9771889672117272;0.9920837660019893;0.0;0.27999708348193364;;0.2431597441757378;4.806910414378862e-06;11.963029485862261;0.018333333333333333;0.1360458692195873;0.80625
14.312843367033032;0.5490786038913879;0.7589073829957571;1.04485881143864;1.3327246007649132;0.8022127293762651;0.7835575706275679;;1.1070053804884952;4.806910414378862e-06;5.038026184639575;0.24958333333333332;0.1515533418777731;0.23725
6.276248945737578;0.09499607563336597;1.2760388907064544;1.049284480936092;2.7476541005666753;0.3121550369724216;0.07364403758779822;;0.2547249751996872;4.806910414378862e-06;4.678515933464166;0.17458333333333334;0.2616060261444665;0.81725
5.306373393112691;0.15006766530338286;0.7346839503930855;0.9539232890614622;0.9797883440098745;1.0583488599924266e-12;0.41551970524616716;;0.39387445023514017;4.806910414378862e-06;18.606391526604188;0.11333333333333333;0.27594862352602845;0.8025
7.103807949528925;347.22222222215197;0.7632296642207801;0.9862224803194442;1.000129367308336;0.292893218432629;0.7937256576716842;;0.07444479091803705;4.806910414378862e-06;8.833445549250339;0.02125;0.17498121789212973;0.80725
6.84482449016051;0.3508085868491188;0.7758540085989099;1.0431050024345656;0.8410874034223855;5.282745511115798e-11;0.5580087471335148;;0.25731123881208423;4.806910414378862e-06;25.488454081890513;0.0004166666666666667;0.09142464744151907;0.818
7.295642621433302;0.0037374379748351776;0.988630613688437;1.0513562089737607;1.0689854867686088;0.47058055354900424;0.7615668697990886;;0.5566481222604447;4.806910414378862e-06;17.734391418219648;0.0020833333333333333;0.15696842968703345;0.7915
5.189224289931156;0.003594553609265432;0.6330639452279716;1.0200193100314208;0.7419392089226424;7.1731751729892414e-12;0.15791567324042127;;0.20418953501445955;4.806910414378862e-06;44.688957963541704;0.02375;0.139605290307701;0.8075
6.299720560970138;3.594587970777153;0.8434841083579155;0.9827488547380815;1.1273662778762585;0.0;0.9941765599373468;;0.21178163189958732;4.806910414378862e-06;16.7964801458608;0.13791666666666666;0.27538908740124146;0.7945
6.601954827473956;0.2580999241777769;0.6532795525795965;0.9992283434014011;1.4370995227697236;0.8059714999689624;1.0272582377519839;;0.22217379620162078;4.806910414378862e-06;21.365518440915434;0.06416666666666666;0.2741905299363889;0.811
6.293234072860171;8888.888888889016;0.6978838452661953;0.9727246050983082;0.7669281746760092;0.0;0.28676116796421375;;0.05599320206202034;4.806910414378862e-06;12.271815404380899;0.004583333333333333;0.11833563586952146;0.79525
6.272607464593692;0.5872992801823339;0.7166015167076905;1.019413162379974;1.1210960215312875;0.6023218905927642;0.7835902697559682;;0.17499593119675355;4.806910414378862e-06;5.667489252647453;0.20958333333333334;0.3231914095134891;0.79175
6.140812320680556;0.5264227661604306;1.4229158636974502;1.0342929761092075;2.679181528904762;0.51308193504977;0.07718418191963242;;0.24150444809234362;4.806910414378862e-06;4.710631292709668;0.12708333333333333;0.23193671763299634;0.80475
5.306373393112691;0.074841713320331;0.6616959489277383;0.9527718270756903;0.8115862790400029;1.5703490037144482e-12;0.4109660645026078;;0.36821515847224784;4.806910414378862e-06;18.814420939027535;0.16625;0.2872931084637985;0.80275
6.968371324471903;347.2222222220325;0.8398028926571471;0.9885970125474165;0.9836143702302048;0.44529980327682456;0.7938552788414811;;0.10066859734279458;4.806910414378862e-06;8.875574780672007;0.018333333333333333;0.1746686102475318;0.79875
6.303466758753009;2.569550310178179;0.6484910789253496;1.0505206600621628;0.6087150068030058;0.0;0.5690079783225208;;0.21314850576551356;4.806910414378862e-06;26.236185152541868;0.00375;0.0929745745756014;0.80375
7.328145893832635;0.01554837453094351;1.2586285406325035;1.0428700030935993;1.6095522191993055;0.2877187123004347;0.9361695073217539;;0.7311267869046296;4.806910414378862e-06;17.019806819109572;0.0008333333333333334;0.14365044594562948;0.802
5.131850958016054;;0.5;0.9811977609684801;0.6825396829781077;0.0;0.7965153217436772;;0.02832424295940987;4.806910414378862e-06;8.65629717368159;0.027916666666666666;0.23517449337276478;0.8025
6.299720560970138;2.580259229434377;1.0457658761868456;0.9777347324255627;0.8680545203967246;0.15395657687865613;0.7979224358264146;;0.1962324386435666;4.806910414378862e-06;20.198150516655822;0.145;0.2837763768556309;0.8075
6.601954827473956;0.3968376428198006;0.6656133551425519;0.9992283434014011;1.45287916774045;0.8024540806711359;1.0273580930026454;;0.1962324386435666;4.806910414378862e-06;21.36011421722021;0.06458333333333334;0.2809496537027614;0.802
14.215240257634386;86.80555555557896;0.8316829217129813;0.970880761704197;1.3488190268303666;0.0;0.2861073383847152;;0.10066859734278938;4.806910414378862e-06;12.241046574426921;0.005;0.11795961451308794;0.24475
6.272607464593692;0.4919618203169553;0.6808413737448635;1.0170370784919716;1.0731540114178355;0.6168694859015361;0.78359481119366;;0.15680986103289038;4.806910414378862e-06;5.640153659722303;0.2604166666666667;0.3645294426367774;0.80525
6.124956014768541;0.6772981142778253;0.7318724533007132;1.1209796522296627;0.8405599609423033;1.4941701254387906e-12;0.207135944060769;;0.2591311023462141;4.806910414378862e-06;5.491704517443831;0.09916666666666667;0.20668293619625236;0.805
5.306373393112691;0.8793898891538974;0.6139971327161131;0.9835580065258549;0.6281653624645019;0.9999999999999999;0.6018391273179229;;0.2239728082480987;4.806910414378862e-06;11.44301623070174;0.17958333333333334;0.2494848608677685;0.8045
6.968371324471903;347.2222222220669;0.8045352283476446;1.003224510952586;0.9025021890321702;0.0;0.7947311688196864;;0.07444479091802425;4.806910414378862e-06;9.408555751031082;0.01125;0.17491393879667586;0.80325
6.84482449016051;0.3132968059796111;0.6601516821783577;1.125367062023931;0.8630724073005998;0.03359603713474476;0.70911734899228;;0.27959607795878894;4.806910414378862e-06;22.56235100010266;0.0008333333333333334;0.0944177447531072;0.80825
7.190484509557668;0.4043749523619277;0.8767038315093723;1.0225931738261056;0.7908664800378983;0.0;0.9143221551881131;;0.39183980427366594;4.806910414378862e-06;14.745543271851016;0.004583333333333333;0.16769597590266735;0.803
5.15819739431053;0.03168067455097386;0.7616921854978854;0.9819939238322251;1.3440773665638504;0.08980865975105211;0.9952651137701951;;0.28880717986627624;4.806910414378862e-06;17.223997499407172;0.15666666666666668;0.317260671722766;0.802
6.299720560970138;2.8186970795586466;1.2068164675211976;0.9777347324255625;0.8707399955754834;0.08097803769559256;0.79767862636753;;0.21806052112777632;4.806910414378862e-06;20.185926113522935;0.14541666666666667;0.29814495180739226;0.80675
6.601954827473956;0.34443084507787797;1.2034399158659967;0.9805337025603222;1.2320305428444065;0.9999999999184441;0.838888251180444;;0.17669057504283833;4.806910414378862e-06;21.876269044496194;0.05333333333333334;0.27329813025094274;0.78775
6.475358438114732;503.4722222222294;0.8888888888888873;0.9875267099269163;1.5454423995405087;0.0;0.2874495796076985;;0.0966017792369378;4.806910414378862e-06;12.304379727821951;0.002916666666666667;0.11703294867544752;0.8075
6.272607464593692;14.497906332588252;1.6838120191453023;1.0016915225296088;1.6646203919119629;0.43431457477143226;0.7842568932093795;;0.1461693691010928;4.806910414378862e-06;6.3817847035063835;0.22416666666666665;0.34089852514937197;0.805
6.718996177157175;6.337729684492937;0.6975856806042244;1.1394219924316664;0.7329009426256483;0.008428807768510556;0.2027699509747686;;0.19320355847387494;4.806910414378862e-06;5.554008429341177;0.06208333333333333;0.1988654531337718;0.81575
5.306373393112691;0.10542177184691147;0.855314495456689;0.9813123185252841;0.9640980132384417;1.0;0.6024741045529236;;0.2560809703340697;4.806910414378862e-06;10.776261208846448;0.16375;0.2540740748156047;0.8005
6.968371324471903;1180.555555554578;1.1175845210087878;1.0003987570302002;0.8918059168570142;0.0;0.7946590731828468;;0.05664848591880345;4.806910414378862e-06;9.387112847537036;0.015;0.17534793605922308;0.801
6.84482449016051;0.1961171576059699;0.9355450489037637;1.0589968633594469;1.1218088886925621;0.1333611744879435;0.5828068209263068;;0.32991255570618316;4.806910414378862e-06;27.147102453315796;0.00125;0.09167179835671614;0.8
7.254761395308139;0.03248590071281894;1.007679851437257;0.9888586163663081;1.6646498972993609;0.7066132687967029;1.106790328797949;;0.29243995322295807;4.806910414378862e-06;20.273587773180314;0.004166666666666667;0.161760618783076;0.8005
5.131850958016054;0.0;0.6000000000000227;0.992557085831149;1.5714285681630913;2.4999999937501424e-10;0.7965331860984222;;0.02832424295940987;4.806910414378862e-06;8.647581197642115;0.025833333333333333;0.23644679201196292;0.80025
6.299720560970138;11.394512228880638;1.03205204707998;0.9795727447481377;1.109054962641972;0.0;0.9937262081833489;;0.3069363283047926;4.806910414378862e-06;16.78714462590482;0.19333333333333333;0.32894226282154043;0.81675
7.067558243665524;5.471461739100843;0.7208085934052625;0.981388896064219;0.9861832687797478;0.9999999999456629;0.8393071844960611;;0.14621997661147906;4.806910414378862e-06;21.88631578269991;0.04541666666666667;0.29028669565196247;0.81075
6.293234072860171;2222.222222222254;0.8288784499683276;0.9821222641606809;0.8161405594520303;0.0;0.28608472775764765;;0.07444479091802438;4.806910414378862e-06;12.239981460442038;0.0075;0.1198974826720793;0.8145
6.272607464593692;60.04875261649647;1.2397484583884337;1.0016915225296088;1.1429609660461693;0.3333333332089121;0.7841705128945392;;0.17499593119675355;4.806910414378862e-06;6.339825962151672;0.255;0.3533353836250231;0.8025
6.124956014768541;49.43780868766395;0.7131342377654346;1.1327532447172053;0.6506353659094426;1.6857615533439784e-12;0.2006733779442148;;0.23895013119843547;4.806910414378862e-06;5.453941125187856;0.08416666666666667;0.22017750963398441;0.80125
5.436719397093869;1.4912923114437397;0.8552472953990995;0.9857395583988989;0.9259287948326841;0.016920971942006573;0.7985163129532777;;0.16911725581166798;4.806910414378862e-06;9.237826328250543;0.17625;0.23711246798979618;0.7985
6.968371324471903;553.4722222219707;0.6850112489832714;0.9865127594952096;0.887129447883321;0.22325282864160417;0.7941777704681572;;0.09774119188420947;4.806910414378862e-06;8.953578991161672;0.015;0.17161090987438055;0.8035
6.311128234417774;0.18128847536058587;0.6396993765238679;1.2252517780225052;0.6906357239324117;0.0;0.3950965819619514;;0.23506947934558112;4.806910414378862e-06;27.75266586070039;0.005;0.09290802649961596;0.81125
7.254761395308139;0.2668024493494754;0.8461923820905872;1.016000068010395;0.8200218963039344;1.5935265649328085e-11;0.9238228323485763;;0.35091359436991915;4.806910414378862e-06;15.65578020379177;0.00375;0.16351808688735853;0.797
5.131850958016054;625.0000000012082;2.333333333332386;1.0038925728025248;2.680172295179248;0.4999999984998579;0.7965559444936579;;0.05664848591880364;4.806910414378862e-06;8.640013910899624;0.02;0.23637461317471775;0.79775
6.299720560970138;79.25521241964361;0.7988465063496817;0.9795727447481377;1.00682359804064;0.0;0.993770113297088;;0.22965465277164798;4.806910414378862e-06;16.779855274796176;0.17041666666666666;0.3148752869485441;0.79575
7.048873283035812;0.004523844341321084;3.4986229981255126;0.9198191418449122;2.519079868597831;0.9258750683253449;0.6650916600305107;;0.17268848599775283;4.806910414378862e-06;15.050175329349868;0.015;0.27314290948722336;0.79975
6.475358438114732;1041.6666666670349;0.7365488717763959;0.9881694110772143;1.006479722631188;0.0;0.2888619733553686;;0.14267775705594077;4.806910414378862e-06;12.371676314101771;0.00375;0.11455570168090257;0.813
6.272607464593692;0.03704675142530874;0.7093068840583402;0.9820606453518057;1.0837639672101773;0.4187221326485029;0.5873218416634753;;0.18554948198758675;4.806910414378862e-06;14.781195158343078;0.21791666666666668;0.36926351814002334;0.81475
6.124956014768541;87.32327760845583;0.6758875928831931;1.134013043507593;0.620898961474018;0.0014289200723187092;0.20105566283811907;;0.23911750953980263;4.806910414378862e-06;5.47044613941595;0.09083333333333334;0.21552077943678374;0.811
5.436719397093869;0.00282650681599042;1.0671903457480272;1.005162621470504;1.517571326733774;0.07106597922302388;1.1929561869338468;;0.2020894502786694;4.806910414378862e-06;23.702993053944994;0.07958333333333334;0.21004611780519078;0.81
6.968371324471903;2291.666666666692;0.9662115281826161;1.003224510952586;0.7531201866301608;2.071067802722853e-10;0.7950582088270031;;0.05599320206202854;4.806910414378862e-06;9.483231009731377;0.007916666666666667;0.17312753367118616;0.7965
6.8524859658252755;0.0002950513515061293;1.6921282296331175;1.251419946136998;1.1745298671571123;0.0;0.4477852967041121;;0.3711100536156148;4.806910414378862e-06;29.426456215273085;0.002916666666666667;0.09264320411690424;0.8045
6.596444347169034;1.0720479858250689;0.661908497106767;1.0143513377859055;0.5460533400455502;0.0;0.9133355194451237;;0.23420674336662003;4.806910414378862e-06;14.534563852487311;0.006666666666666667;0.1711436879091252;0.81075
4.759181877071745;0.44732498362526313;0.8989181577238783;3.165857084208911;1.0521498657267636;2.794580135104394e-13;0.8074748007834632;;0.30979515199199265;4.806910414378862e-06;8.009513536292344;0.13666666666666666;0.3336971433364778;0.81775
6.299720560970138;53.98104592429302;0.7222672360869028;0.9795727447481377;0.9241766893825482;0.0;0.9938899234947084;;0.1952687321262438;4.806910414378862e-06;16.78301553532128;0.14666666666666667;0.3003353328480322;0.80175
7.048873283035812;10.555984224965671;0.7705822352481062;0.963052942869856;1.079615968056537;0.9004962809801832;0.6563300028940523;;0.10562909491571015;4.806910414378862e-06;14.247647127755794;0.032916666666666664;0.2873216768489443;0.80625
13.141024869629165;13.424351221973017;1.1303592480342572;1.304500771947196;1.5544236927653685;0.14265082430911627;0.2919243574222343;;0.8698772710160472;4.806910414378862e-06;12.5200540598073;0.0004166666666666667;0.1062452822045116;0.23925
6.272607464593692;0.04688095223060307;0.7202432981783419;0.973705227752683;1.0404247354545877;0.3050706300275676;0.5886112953960873;;0.2409602655943313;4.806910414378862e-06;15.118899053376156;0.22166666666666668;0.3544651710510089;0.81225
6.73485248306919;19.666666666666604;0.8926247573493932;1.0377369918808084;0.8803433635979135;0.01923256481720247;0.07133863817994752;;0.14490266885540648;4.806910414378862e-06;4.894903605337739;0.06458333333333334;0.19591531455358724;0.80875
5.436719397093869;0.051833749667477065;0.6018264482106006;0.995053030127228;0.7403908240747965;0.44971198322212713;0.9959264225604755;;0.14893805524272558;4.806910414378862e-06;15.557222036505802;0.15041666666666667;0.2239145508071717;0.80375
6.968371324471903;413.888888888763;0.9433672722835516;1.0343716558309521;1.1435927674039121;0.13297629585977286;0.7948900546629721;;0.10500018384161566;4.806910414378862e-06;9.454469246657393;0.009166666666666667;0.17408508321868155;0.80225
6.8524859658252755;0.07091330474599451;0.7943164992786655;1.2470386313938342;0.838945607915846;0.0;0.4149721388336107;;0.3287094115107275;4.806910414378862e-06;28.374836853897058;0.0020833333333333333;0.09077836327270966;0.80275
6.596444347169034;0.3355260195804694;0.7454921428695049;1.0138748492050635;0.9009939266954821;3.2438027401437096e-12;0.9039040800511544;;0.18497698610322597;4.806910414378862e-06;13.567179559394265;0.008333333333333333;0.17622483503993824;0.80075
4.753439588057308;8888.888888895961;0.6666666666666666;0.9879226521251947;1.266666665777803;2.4999999937501424e-10;0.7995058459729888;;0.028324242959409857;4.806910414378862e-06;8.974024801483267;0.030416666666666668;0.23336925546948772;0.80375
6.417816892648091;2.795981213800997;0.9637870996777613;0.9777347324255627;0.8659760862067958;3.6287913163081264e-11;0.7980018856107296;;0.2001101923035045;4.806910414378862e-06;20.205665065318687;0.13125;0.26778829193290427;0.8165
6.583269866844244;657.03395328719;0.6656731921200746;0.9630529428698559;0.8393969477624527;0.9015699993830875;0.6560383809170056;;0.15680986103289626;4.806910414378862e-06;14.237120954062643;0.034166666666666665;0.27828379495970684;0.791
6.475358438114732;10.536694101510506;1.0725951208476137;1.5079208120923404;1.2207342390586182;0.42264973061535804;0.29416964947981017;;0.2911861887262184;4.806910414378862e-06;12.629351724912695;0.0004166666666666667;0.1059309610896639;0.79025
6.272607464593692;226.23883976260802;0.7682695399037343;0.9813120482719746;1.0369887572790373;0.029857499883834775;0.784158270039459;;0.17082585317594867;4.806910414378862e-06;6.295276748105792;0.25958333333333333;0.4221476068001146;0.804
6.73485248306919;8.416109810570038;0.9516724372305732;0.9883947642942041;1.0908074973236928;0.019232564836972905;0.06236609262905215;;0.13769058154333688;4.806910414378862e-06;5.1422541313398895;0.055;0.19154346075657544;0.79675
5.436719397093869;0.051833749667477065;0.6018264482106006;0.995053030127228;0.7333982117874795;0.44971198322212713;0.9959264225604755;;0.14893805524272558;4.806910414378862e-06;15.557222036505802;0.12125;0.2238749821817915;0.79975
6.968371324471903;0.2534234995773765;1.7640726336554808;1.0003948396518116;2.818367025310814;0.4081432709039124;0.7947856267913819;;0.21483050240071752;4.806910414378862e-06;9.132787783915044;0.0016666666666666668;0.1691821020585512;0.8025
6.8524859658252755;0.0008895064125243121;0.7378585979607507;1.577910007723245;0.87001851386633;0.0;0.7156242441108771;;0.4027959597528275;4.806910414378862e-06;20.142433826572926;0.004583333333333333;0.09101474120561374;0.7985
6.584328060852978;0.027421139306375162;0.7152831750651066;1.042201134572614;1.1653674029981245;0.382470409322207;0.7243565886215703;;0.23677052864684128;4.806910414378862e-06;14.824555145801812;0.00875;0.18342441760736472;0.805
4.753439588057308;;0.5;0.9996233210781373;0.5761517618366455;0.0;0.7995333959663437;;0.028324242959409857;4.806910414378862e-06;8.967848178262292;0.021666666666666667;0.23397394902598714;0.80725
6.417816892648091;165.79803034063647;0.6236449597706059;0.9777347324255627;0.723451735958444;0.0;0.8007922023446681;;0.11986057170565657;4.806910414378862e-06;20.60849530688817;0.09166666666666666;0.24187049248099626;0.80925
7.048873283035812;3.1309846035285123;0.8296994103340211;1.0976385686248;1.1258874690152325;0.11990194317637627;0.4962781593995965;;0.20210480400764655;4.806910414378862e-06;12.250613489488245;0.00875;0.2716696038896019;0.8035
6.475358438114732;100.0000000000273;0.9350395602961813;1.058113280988584;0.9076715493250922;0.0;0.28958578197216484;;0.11557687720607283;4.806910414378862e-06;12.406396817293178;0.0033333333333333335;0.11290792557610795;0.81675
5.807004048402124;720.1388888893052;0.8097431034515307;0.983224312580196;0.917362577437259;0.004495022206146661;0.784364678787873;;0.10066859734278999;4.806910414378862e-06;6.317858877492879;0.24916666666666668;0.4703297987528081;0.812
6.787849995510408;1.6464442644426558;0.7637439702348543;0.9883947642942041;1.3512243589122537;0.037396496677849216;0.07086170750117583;;0.21668965711581245;4.806910414378862e-06;5.3208758236595175;0.060833333333333336;0.17473605363392503;0.797
5.436719397093869;2.125107560260899;0.6382191933518551;0.9992737728464135;0.8586377558056876;4.476878076994256e-12;1.1948048760367702;;0.1518518346781525;4.806910414378862e-06;24.978871258425475;0.125;0.20678923636029772;0.79625
7.562411486860537;0.01227282867478381;1.9095734298861375;1.0088143112869983;1.962144729440121;0.0729882397130514;0.6024930975910482;;0.22965465277164798;4.806910414378862e-06;16.46862253079577;0.00125;0.1688863753715134;0.803
6.861952396425608;0.0024163972835471374;0.7723621786445497;1.2100253283720972;1.0339393697020132;0.9999999999936333;1.0480085957515173;;0.7112003423085941;4.806910414378862e-06;23.900588900373943;0.005416666666666667;0.09651207537383054;0.79825
6.596444347169034;0.005469305977052163;1.515580477216834;1.0107982077232553;1.3742571839822544;0.037828915475388664;0.8943331953363003;;0.2816982111332039;4.806910414378862e-06;12.476571751820572;0.014166666666666666;0.18434700516055533;0.806
4.753439588057308;;0.5;0.9996233210781373;0.6870370373132304;0.0;0.7995333959663437;;0.028324242959409857;4.806910414378862e-06;8.967848178262292;0.022083333333333333;0.2340752390377198;0.8055
6.417816892648091;33.91538369917078;0.7319981342092954;0.9777347324255627;0.7774761362207855;0.0;0.8011685099613269;;0.17894642228385463;4.806910414378862e-06;20.63358804295464;0.09125;0.227656164505363;0.812
7.048873283035812;0.9948024648182892;0.9752879185940593;1.188578187097518;1.1606772529410272;0.1497226580984383;0.4967577834122696;;0.19320355847387488;4.806910414378862e-06;12.272626714981179;0.007083333333333333;0.2698713073232978;0.8045
6.293234072860171;8888.888888889016;0.6978838452661953;0.9727246050983082;0.837428150363589;0.0;0.28676116796421375;;0.05599320206202034;4.806910414378862e-06;12.271815404380899;0.005416666666666667;0.1187080040171589;0.79475
5.807004048402124;420.1388888891166;0.7249185238244931;0.9813120482719748;0.8825186456638988;9.952499928975304e-12;0.7842672085974797;;0.10936072618602562;4.806910414378862e-06;6.304078696498476;0.2679166666666667;0.46915871234723994;0.81625
6.73485248306919;10.586159062446677;0.6634984809569472;0.9883947642942041;1.0124225800475297;0.03739649667051608;0.060460581606628594;;0.1461693691010991;4.806910414378862e-06;5.107825029050171;0.07;0.19499818799682112;0.8095
5.436719397093869;1.4417737465356846;0.7470781516541349;0.9978501065708649;0.7566636574368221;1.1165793701193623e-12;1.1938192727223436;;0.1489380552427255;4.806910414378862e-06;24.517936180073956;0.12291666666666666;0.20960092073201697;0.802
6.968371324471903;18.17810457516169;1.630752921786025;0.9885970125474166;1.6704503101332626;0.3319928159759862;0.794326950743553;;0.10936072618602967;4.806910414378862e-06;8.999591333316308;0.010416666666666666;0.1710861933368633;0.8
6.861952396425608;0.004262177525320188;0.7456418657417435;1.2092449694323322;1.0028436603142823;0.9999999999935923;1.047890945207675;;0.631479465923425;4.806910414378862e-06;23.91902898400115;0.015;0.09558185915261853;0.82025
6.596444347169034;0.20773163387372084;0.7703068617114553;0.9858469597033966;0.6637101677566047;0.7380754689607312;1.0668040382454225;;0.203015795448629;4.806910414378862e-06;16.473191748475198;0.013333333333333334;0.18913326775757722;0.80925
4.753439588057308;;0.5;0.9996233210781373;0.7317460319827689;0.0;0.7995333959663437;;0.028324242959409857;4.806910414378862e-06;8.967848178262292;0.021666666666666667;0.2335637070461027;0.80375
6.417816892648091;355.7232310480227;0.6237248758183173;0.9777347324255627;0.7546863358080566;0.0;0.8009127900756883;;0.1398380478242292;4.806910414378862e-06;20.61637790006143;0.09666666666666666;0.23744306093155304;0.8055
7.048873283035812;50.479407956903316;0.7123809006793159;1.0956337312749589;0.9469548352245151;0.27991770009234707;0.48612844895003443;;0.22965465277164804;4.806910414378862e-06;11.349825750532979;0.007916666666666667;0.280543607034854;0.80025
6.293234072860171;2222.222222222254;0.8288784499683276;0.9821222641606809;0.8238927379974453;0.0;0.28608472775764765;;0.07444479091802438;4.806910414378862e-06;12.239981460442038;0.00625;0.11965567968948941;0.7985
5.807004048402124;891.6666666670468;0.7182402511830339;0.9813120482719748;0.8206849878456549;1.3352679823449469e-11;0.7843138126968991;;0.1347458107197347;4.806910414378862e-06;6.333655420306773;0.2658333333333333;0.43766095921565745;0.81025
6.73485248306919;1.8350228934882893;0.9226567275782729;0.988394764294204;0.6632835894734932;0.20845189629054517;0.04967694427287377;;0.2431597441757378;4.806910414378862e-06;5.4243836480137055;0.09541666666666666;0.2058080917764471;0.799
5.436719397093869;0.23604952061904835;0.6319812999484735;0.9991317906613112;0.7917150576568883;0.004976810538138685;1.1948536417867202;;0.1255579657464144;4.806910414378862e-06;24.98717504545885;0.10833333333333334;0.20651671469861632;0.79525
7.103807949528925;833.3333333329565;0.8398737643880726;0.9862224803194442;1.1071066737187747;2.071067804972411e-10;0.7939907751423696;;0.05664848591880345;4.806910414378862e-06;8.892551693826478;0.013333333333333334;0.17259416074485295;0.8035
6.311128234417774;0.004269637654812488;0.6527978222670743;1.1553530971250505;1.0717996102820677;0.9999999999850148;0.5487912386310551;;0.34330844987411646;4.806910414378862e-06;17.227487494970905;0.01;0.09363848012695537;0.811
7.125863662125882;0.16954854549287515;1.0401980304786036;0.9837447834965503;1.0562783727709646;0.7631672666370316;1.060727129944846;;0.4049150610345458;4.806910414378862e-06;16.031899049169816;0.007916666666666667;0.18519818264836194;0.80525
4.759181877071745;0.3734514191519211;0.995414060096799;3.152332838130834;1.0984388876183704;0.0;0.8076757501518403;;0.33653195251266144;4.806910414378862e-06;8.049753059350003;0.12541666666666668;0.3285318119065949;0.794
6.417816892648091;323.1940189214393;0.5884465196939203;0.9795727447481376;0.7445858272916152;0.0;0.9962975417988151;;0.1398380478242292;4.806910414378862e-06;17.094971115071463;0.11375;0.24897438041292383;0.80975
7.048873283035812;0.1974913230024906;0.5841008683722406;1.095578603223542;0.7596268145040747;0.21118936226171736;0.48548730693468994;;0.17499593119675352;4.806910414378862e-06;11.301542962559786;0.00875;0.28092107518968656;0.80575
14.215240257634386;3680.5555555588144;0.7622199611599692;0.973265622019649;0.9619491751330644;0.0;0.2841508495499314;;0.07444479091802525;4.806910414378862e-06;12.149991758663154;0.010416666666666666;0.11992630862669884;0.24275
6.272607464593692;846.7013888893094;0.907598941087605;0.9813120482719748;0.995420711363345;2.111244055081222e-11;0.7842775036833655;;0.14621997661147912;4.806910414378862e-06;6.330736504629342;0.2658333333333333;0.4495436847348726;0.81125
6.140812320680556;0.037588145407205745;1.0536582275666195;0.9959360381342652;2.060954432857017;0.7934252970225838;0.208677646250988;;0.23420674336662006;4.806910414378862e-06;14.719767283566027;0.13916666666666666;0.2549898520705787;0.818
5.575569022350587;0.1377561005135665;1.3273482766889344;0.9945937032853397;1.4617421704897695;0.4356255510648728;0.9981268647837608;;0.16207303993982583;4.806910414378862e-06;16.933681374720297;0.13791666666666666;0.21436664967240537;0.799
7.103807949528925;0.12457140471793748;1.2379063272906754;1.0113705579510868;1.7727052084901014;0.2614172964811582;0.6007432113072271;;0.11557687720607279;4.806910414378862e-06;16.085206872208985;0.012916666666666667;0.16833183016423;0.82075
6.301909704388395;0.024181917770975964;0.9541861613903807;1.183143010009389;1.1652374054777317;2.0123492097999524e-12;0.3599321223575887;;0.29503092758546895;4.806910414378862e-06;26.717118762666473;0.01;0.09454764453716735;0.8095
7.125863662125882;0.052937921476007566;1.0347088085841412;1.0082563673489926;1.090528094685599;0.0;1.2314201544620267;;0.42052316034091586;4.806910414378862e-06;23.280872177497876;0.01;0.18840599995727456;0.79875
4.753439588057308;;0.0;1.004445729497452;0.7500000003125;0.9999999985;0.802990326238225;;0.0;4.806910414378862e-06;9.392271371515289;0.02;0.23218139617688918;0.8115
6.417816892648091;15.144036930829621;0.7643140044341145;0.9795727447481376;1.0422898585913167;0.0;0.996745236704786;;0.14764500052708263;4.806910414378862e-06;17.13128487067618;0.09208333333333334;0.22717172964463725;0.806
7.048873283035812;0.1974913230024906;0.5841008683722406;1.095578603223542;0.7608819282406863;0.21118936226171736;0.48548730693468994;;0.17499593119675352;4.806910414378862e-06;11.301542962559786;0.008333333333333333;0.28089276910914085;0.79225
12.958900504374602;29.089506172823363;1.0056930318779493;1.0032394770829314;1.4836915321392365;0.0;0.2817931697467041;;0.2952900010541688;4.806910414378862e-06;12.043552057095317;0.009166666666666667;0.10321939613705193;0.2475
5.807004048402124;170.23533950617517;0.6664563100192887;0.942744350058857;1.0290854887601992;0.6039409827018293;0.7856195477906668;;0.13207248207162528;4.806910414378862e-06;7.120976028425709;0.2325;0.42368568921698013;0.80625
6.276248945737578;0.0037719801708789827;1.359918284019067;0.9981832155503326;1.4667298795940413;0.41977016040631515;0.038325165340216696;;0.27815769640747584;4.806910414378862e-06;4.866751382478764;0.17208333333333334;0.27373710400083306;0.8005
5.300127858319101;0.679088265047998;0.7601537225625383;0.9946305386092578;1.1740008483271402;8.554445605272104e-11;0.9993851112048747;;0.1568098610328904;4.806910414378862e-06;17.624817574380128;0.14833333333333334;0.21977004333317207;0.8005
6.968371324471903;0.4007018902668427;0.818924990129281;1.002786702883824;1.7044130194598723;4.643525024501788e-11;0.6018555124996261;;0.13556500413352457;4.806910414378862e-06;16.392082220465717;0.012916666666666667;0.17209825070719595;0.8175
6.34415119481036;0.16434310529703;0.7136082917212767;1.6158373983457472;0.6608965772910197;0.9999999999943818;1.337678866001862;;0.24635355619955326;4.806910414378862e-06;25.18790932902499;0.0008333333333333334;0.10215898078377027;0.79775
6.66726012479427;4.22216646044658;0.6708870407893802;1.0112649453735725;0.6092736945996747;1.0355978191329422e-11;1.2256764803479514;;0.3667492736596432;4.806910414378862e-06;22.805200229183317;0.03333333333333333;0.22332776020105383;0.80425
4.753439588057308;;0.0;1.0049628457846924;1.0;0.0;0.8029580394661177;;0.0;4.806910414378862e-06;9.397104964054627;0.029166666666666667;0.23132845172159258;0.81775
6.417816892648091;427.2962095481005;0.5652487333726042;0.9795727447481376;0.7470299196547368;0.0;0.9964427915721259;;0.11557687720607286;4.806910414378862e-06;17.108238372101994;0.10416666666666667;0.24410625914848263;0.8135
5.975222958642014;14.80624142661179;1.038461538461539;1.0042443097681013;6.080125108635033;0.8333333329583335;0.6405709099768878;;0.14088849620018226;4.806910414378862e-06;12.751498302200437;0.05708333333333333;0.30897081935679793;0.8025
14.194853271551112;388.88888888872344;0.6376851596735811;0.9741818495634312;0.8658979253901579;0.0;0.2800201856649043;;0.0849727288782135;4.806910414378862e-06;11.964119255713483;0.021666666666666667;0.13087445625475094;0.242
5.807004048402124;138.888888888889;0.6370923591858431;0.942744350058857;1.0381662408872665;0.5653929351917485;0.7854924536948982;;0.10562909491571014;4.806910414378862e-06;7.100307529476728;0.23458333333333334;0.43444702639829164;0.81575
6.140812320680556;0.7504291998703546;0.9180542754734965;0.988394764294204;0.9043634882558059;0.38838404683403605;0.040048179720576095;;0.28386749554608465;4.806910414378862e-06;5.3206962202333745;0.17916666666666667;0.22835889108042356;0.79375
5.300127858319101;2.142265228612967;0.7914070550819374;0.9946469704443173;0.8372324904887947;0.006019206447698179;1.0012400836006095;;0.1426777570559443;4.806910414378862e-06;18.364260028164228;0.13541666666666666;0.2218786572121268;0.8085
6.968371324471903;2222.222222222728;0.65499057397987;0.9754272719553437;0.6073955819830601;1.4644660904060004e-10;0.7949861428487408;;0.05599320206202854;4.806910414378862e-06;9.461957338524922;0.010416666666666666;0.17320489640149567;0.81075
6.34415119481036;0.027859134856544576;1.043769606156616;1.5172088169028743;1.0514213035241275;0.9803147353660167;1.3434525596888267;;0.3070237985644639;4.806910414378862e-06;25.967994028557225;0.0004166666666666667;0.09991597535095055;0.80625
6.66726012479427;4.9957880103852075;0.5807450069030614;1.0107108926503376;0.6154973408114925;9.967975125707673e-12;1.2256573435256597;;0.333540226404934;4.806910414378862e-06;22.795616255238766;0.029583333333333333;0.22518708281324903;0.79925
4.761101063722071;63.243137738341204;0.6965067482321976;0.9771160955915239;0.9178189443172515;0.0;0.6130274872648379;;0.2259710640358279;4.806910414378862e-06;13.789623731257157;0.10625;0.29615034000931306;0.801
6.417816892648091;154.47750220568548;0.5580733521607145;0.9795727447481376;0.780204718166452;0.0;0.9963905561559441;;0.11205245113555025;4.806910414378862e-06;17.101493242784176;0.11583333333333333;0.24344511927897727;0.80475
5.975222958642014;0.2744816156918826;1.2242393795851592;1.0649440740024887;3.9039307816496964;0.6985299623391672;0.6335141555151259;;0.14267775705594427;4.806910414378862e-06;12.06454885555225;0.065;0.3143300940841039;0.81
12.958900504374602;87.46913580250516;1.152600344549741;0.9749227773654703;1.5821731342868819;0.0;0.2848682788339357;;0.48300889618468723;4.806910414378862e-06;12.183951821479857;0.0020833333333333333;0.1067397038791756;0.2465
5.807004048402124;288.88888888888414;0.7545522760835887;0.9832243125801959;0.7458163834044043;0.02985749980262183;0.7845698740902382;;0.1006685973427943;4.806910414378862e-06;6.37181469001222;0.22916666666666666;0.4594642362953248;0.81475
6.140812320680556;0.05166274727523525;0.7641163671609449;0.9914438767232829;1.7492592847308113;0.7376430506797903;0.20727440836168276;;0.30011476895786304;4.806910414378862e-06;14.85712775498934;0.11833333333333333;0.24370341970384746;0.80425
5.436719397093869;1.400497908376867;0.7125791046519809;0.9989942676252103;0.8606628632221446;5.179097967028832e-12;1.194522163583104;;0.19000100462452849;4.806910414378862e-06;24.96609237754786;0.15416666666666667;0.21623602996634755;0.79625
7.103807949528925;1181.250000000112;1.0338189155932713;0.9770495001220342;1.5434829429243448;0.36754446740098223;0.7948567060944888;;0.09660177923693758;4.806910414378862e-06;9.422450279005737;0.011666666666666667;0.173717791455127;0.79175
6.303466758753009;0.2917609477472359;1.0327654485890896;1.050792839215575;0.773790265058016;0.0;0.5697181535088844;;0.3162784029513634;4.806910414378862e-06;26.235694578827843;0.0004166666666666667;0.09194254820628554;0.8035
6.522604969707869;0.06869982432105899;1.017702292543705;1.0091638992581946;0.9765646505524813;0.11624556698403893;1.2214165616991084;;0.4797567972007909;4.806910414378862e-06;22.601620928691244;0.02666666666666667;0.22952417481484114;0.807
4.761101063722071;0.09170078104262275;0.9026513036028329;0.9850655383293802;1.2578142195190973;0.16428910597053314;0.42452806654068487;;0.22074860326522727;4.806910414378862e-06;10.689401839707818;0.12;0.2891625616125784;0.81975
6.417816892648091;0.03811598003974591;0.7961991986186114;1.0570721954272786;1.1573504373154289;0.7785433175541815;0.9948405090931137;;0.202215487711;4.806910414378862e-06;8.435211555108468;0.1125;0.22942130403055352;0.81525
5.993907919271726;390.4748173777462;0.8100454969511706;1.1068115046096756;0.7204304839545537;0.0;0.8215600271893598;;0.13769058154333338;4.806910414378862e-06;20.52921598481097;0.07958333333333334;0.31863472850205293;0.79375
14.215240257634386;347.22222222246154;1.1897552807125178;0.9834384836153192;1.0088015460650992;0.0;0.28148891021229705;;0.056648485918803615;4.806910414378862e-06;12.02698953229715;0.0175;0.08979558774422233;0.238
5.807004048402124;2170.1388888894535;0.6733975815896217;0.983224312580196;0.6861711118457342;3.929927019624643e-11;0.784508729387116;;0.09393896824415626;4.806910414378862e-06;6.3610577855982955;0.25458333333333333;0.46286370110630404;0.8055
6.276248945737578;0.0619475259976984;0.6243602379402595;0.9955246746752264;1.0893539095932205;0.7402250780006319;0.20515776183024353;;0.3981426080903959;4.806910414378862e-06;14.8536585882307;0.23708333333333334;0.3244761737438491;0.81075
5.300127858319101;13.871943648615554;0.9376914170073796;0.9996272439772174;0.9224847566449327;0.0936733565034267;1.197617012236175;;0.14893805524272555;4.806910414378862e-06;25.99043324871875;0.09166666666666666;0.20811117280188923;0.811
6.968371324471903;503.4722222231466;1.0443869654040387;0.9756351787842071;1.2255504819743022;0.29289321787399336;0.7953179800681143;;0.07444479091802425;4.806910414378862e-06;9.537263010934298;0.00625;0.1709805829264862;0.81425
6.34415119481036;0.020286812794445795;1.1202376623735755;1.3893625226744801;1.1247609961495744;1.0;1.1440089742733244;;0.30373832754620317;4.806910414378862e-06;19.54757405324728;0.0020833333333333333;0.10458620584741718;0.80225
6.531823499737248;1.718709397819718;0.6316946218989727;1.0078177260558872;0.6323922220064311;1.1566866231193495e-11;1.2258827016202412;;0.4115940040511467;4.806910414378862e-06;22.846177046527743;0.02125;0.22221047916287073;0.80675
4.753439588057308;;0.0;1.004445729497452;0.7500000003125;0.9999999985;0.802990326238225;;0.0;4.806910414378862e-06;9.392271371515289;0.02;0.23162513174851243;0.80375
6.039405522689344;0.002245395339081646;1.0674514914209798;0.9819939238322251;1.353952171988548;0.0;0.9987021910072408;;0.14088849620018543;4.806910414378862e-06;17.444168401156276;0.09;0.2376429891723401;0.80225
6.4595113354632945;133.33333333335915;0.7838594238015125;1.0733903093763755;1.0874661106971897;8.56010124896757e-11;0.8272734030652242;;0.1093607261860256;4.806910414378862e-06;20.950320151025622;0.06541666666666666;0.3158972742481696;0.8005
6.272847086776894;88.88888888887267;0.8176053097026097;0.9771889672117272;1.0562007056391545;0.0;0.27976974445078784;;0.24805936669531425;4.806910414378862e-06;11.95079414193695;0.020833333333333332;0.13565269357943208;0.8075
5.807004048402124;11.198988340191917;0.8323981951788009;0.942744350058857;1.3153118600694935;0.6039409826915904;0.7853851954462163;;0.11205245113555037;4.806910414378862e-06;7.085226491007486;0.24625;0.4448065048193134;0.81
6.039922896394504;0.019730018318165;0.71025903374044;1.0280673895801085;0.9942756540900225;0.16697930345998183;0.4022858164226437;;0.4884885965960706;4.806910414378862e-06;19.77988199073022;0.26416666666666666;0.38194001820702905;0.794
5.300127858319101;23.899515938881475;0.9886205559285545;0.9996344799238495;0.8936099124053235;0.10371135600826349;1.1974630623894307;;0.1777308648799102;4.806910414378862e-06;25.981648261456222;0.13416666666666666;0.21325577069975452;0.80425
6.968371324471903;73.1481481481372;1.3711676622847198;1.0318822675724861;1.539166078288684;0.04798745299337653;0.7952170293270888;;0.10110774385550003;4.806910414378862e-06;9.528784696888746;0.00375;0.17177429195750998;0.81075
6.34415119481036;0.0570941028914215;0.9463181522790166;1.1399900746109661;1.0373822897433993;1.0;0.9819625450252605;;0.3416517063519025;4.806910414378862e-06;21.91851731680745;0.0020833333333333333;0.10063572204999172;0.80725
6.6580415947648905;0.00020113119227024024;1.0428516648076225;1.0051839858655371;1.5971701395780507;0.607868487254188;0.8401226620990659;;0.38924148831459815;4.806910414378862e-06;5.594493828475035;0.050416666666666665;0.23565036991255436;0.80775
4.753439588057308;;0.0;1.004445729497452;1.0;0.9999999985;0.802990326238225;;0.0;4.806910414378862e-06;9.392271371515289;0.02;0.23133448480823438;0.8045
6.039405522689344;0.6798639549302078;0.8179315588702757;0.9811144929444376;0.9743457875034421;4.004305484478446e-11;0.8034962519620524;;0.14918564468212317;4.806910414378862e-06;21.020083597133244;0.08916666666666667;0.24590793311267903;0.805
6.4595113354632945;88.88888888891289;1.0505475975353291;1.0789307051320751;1.1042624866857558;0.0;0.8275989042102564;;0.1120524511355503;4.806910414378862e-06;20.967015763978157;0.059166666666666666;0.3119101773660968;0.805
14.215240257634386;1180.5555555570256;0.8560205336607745;0.9742067975671681;0.8455053819197026;0.0;0.2809108213005574;;0.07444479091802467;4.806910414378862e-06;12.001173694382969;0.015;0.12774831608070228;0.253
6.293211611873732;0.09460944464954733;0.8301679380453181;1.0412005197719074;0.9589835878899755;0.0;0.9964148977236338;;0.229893174979453;4.806910414378862e-06;17.167619986530067;0.2025;0.4204371301147772;0.79925
5.574319480202936;0.01964113729874498;0.6856576610559345;0.9911191108832679;1.0507766088955233;0.12942089238154278;0.4036622840829531;;0.5006007489154107;4.806910414378862e-06;19.39861655272887;0.265;0.3498345995769373;0.8095
5.300127858319101;0.3165156268356489;0.8903674579575677;0.989142018900146;1.2930099893281604;0.04349928542633754;1.0035746387919693;;0.16846129933628073;4.806910414378862e-06;19.135608413243446;0.12708333333333333;0.21995410639747873;0.81475
7.103807949528925;120.74759945130529;1.8414082567727583;0.9780786541019004;2.2525761697129876;0.20014831590119594;0.7947993377116807;;0.10562909491571;4.806910414378862e-06;9.404229662894783;0.011666666666666667;0.17395946147546928;0.81175
6.34415119481036;0.010934549836389989;0.7155015719460452;1.0953097000191707;1.0390888834683172;0.9999999999776172;0.8079975122974382;;0.3149849233194902;4.806910414378862e-06;25.746349767825155;0.002916666666666667;0.10181610568766546;0.8095
6.254417332453626;0.0006203549238278303;1.679764412199264;1.0227947515639255;1.7536583444498244;0.9999999999875938;0.6480657243244801;;0.44702165047352016;4.806910414378862e-06;9.147142343305717;0.09583333333333334;0.24603892636398916;0.80275
4.753439588057308;;0.0;1.004445729497452;0.7500000003125;0.9999999985;0.802990326238225;;0.0;4.806910414378862e-06;9.392271371515289;0.02;0.23188448817148724;0.8085
6.020720562059631;0.0014497034673086812;3.5878498258172464;0.9843403519222191;2.137966344779574;0.2666666665856749;0.6097504951600435;;0.18867849381177074;4.806910414378862e-06;12.86952956182942;0.07666666666666666;0.25075504725443715;0.8135
6.4595113354632945;1.4528375130046138;2.776960428488756;1.1255055141143977;2.0795154399357854;0.0;0.8219841367840032;;0.13769058154333352;4.806910414378862e-06;20.54369541440355;0.07583333333333334;0.32248056936713143;0.81175
14.194853271551112;1406.2499999997206;0.7861213704589836;0.9816075505462841;0.9191244383901446;0.0;0.27979286540488785;;0.07444479091802438;4.806910414378862e-06;11.951885027403783;0.0225;0.1320659473991445;0.2425
5.8276081956821635;15.366311133506883;0.8390643935099662;0.9931144031404091;1.2049999596750671;0.19624773767395162;0.9822455675743378;;0.14490266885540612;4.806910414378862e-06;8.494932614315282;0.24458333333333335;0.4449114388633648;0.8085
5.847731124520192;0.0035175608405523273;0.7005220247159029;0.9828537258753295;1.4832106221777432;0.8345856721688163;0.21080974420596688;;0.4723011404794732;4.806910414378862e-06;15.735727464855607;0.2866666666666667;0.4222938988960993;0.81875
5.300127858319101;0.04392793647614599;0.8425264857616365;1.006729682807481;1.1624968372936215;0.3389122319423376;0.8057235403029268;;0.18058881550657496;4.806910414378862e-06;14.14216934523969;0.15416666666666667;0.22770043346057897;0.813
7.103807949528925;1666.6666666678004;0.6054133483072555;0.9864171886132956;0.7537343070377518;0.0;0.794375523123247;;0.05599320206202854;4.806910414378862e-06;8.990620579187627;0.012916666666666667;0.17013930466796767;0.8055
6.1258272381195615;0.3188203015993809;0.672269948158897;1.1491746165065961;0.6677813672709297;1.0;0.9890724815937758;;0.32311974650852554;4.806910414378862e-06;22.750456618872256;0.00125;0.10353463983451994;0.803
6.266533618769682;0.0003972844150481938;0.9537167608630376;1.073496434118909;1.265889966243836;0.8169370799924422;1.0198815614430625;;0.5700074162853779;4.806910414378862e-06;12.335706606965896;0.10416666666666667;0.25747257605161655;0.81
4.753439588057308;;0.0;1.0049628457846924;1.0;0.0;0.8029580394661177;;0.0;4.806910414378862e-06;9.397104964054627;0.029166666666666667;0.23114908467252213;0.80775
6.020720562059631;2.241400098732758;2.13955709196785;0.9843403519222189;1.6150428136342159;0.09580556979925257;0.6140959813906501;;0.22410490227110066;4.806910414378862e-06;13.599490196641739;0.07958333333333334;0.2462254288903796;0.81425
6.4595113354632945;1805.5555555565472;0.892991605165541;1.074502786100394;0.7978129867529092;0.0;0.827347721985277;;0.09811621932177862;4.806910414378862e-06;20.953779452274947;0.06291666666666666;0.3165355408754789;0.8105
14.215240257634386;1522.2222222227074;0.7894155727777479;1.0281345359579257;1.3325830404275945;0.0;0.28329867971669975;;0.07444479091802438;4.806910414378862e-06;12.109062668583878;0.010833333333333334;0.08633710273097252;0.247
5.807004048402124;813.8888888889983;0.6624898549200127;0.9813120482719748;0.7160691496450745;1.4928749885814685e-11;0.7844525498764168;;0.10066859734278999;4.806910414378862e-06;6.351857197669502;0.255;0.46571516816430236;0.796
6.31333454071176;0.0012909141397906422;1.8875316519749223;0.9710236968904005;2.2704136513745143;0.0;0.6058991440572007;;0.4516186052626467;4.806910414378862e-06;9.02970048376323;0.20416666666666666;0.38861637856932385;0.81275
5.300127858319101;0.022537467232396746;0.7542698620623103;1.011067320117675;1.2865469454794047;0.372806563153692;0.8085136736833233;;0.21740389535782442;4.806910414378862e-06;15.11628782119277;0.12583333333333332;0.2289411337071075;0.81525
6.968371324471903;2222.222222222728;0.65499057397987;0.9754272719553437;0.6510182950960535;1.4644660904060004e-10;0.7949861428487408;;0.05599320206202854;4.806910414378862e-06;9.461957338524922;0.015416666666666667;0.17320818470543162;0.8005
7.3104279063520785;0.05771451960663326;1.1003686097872487;1.1203058099286658;1.0987030757001384;0.0;0.7300500028328828;;0.40701429491987845;4.806910414378862e-06;24.494557394609664;0.0004166666666666667;0.09253406424883767;0.816
5.810740784673493;3.4469167214083126e-06;2.006768667597591;1.3204438917660295;1.7075654231599144;0.0;1.1188383516112634;;0.8509511333524644;4.806910414378862e-06;12.842882057637961;0.07958333333333334;0.2348648621875921;0.802
4.753439588057308;;0.0;1.0049628457846924;1.0;0.0;0.8029580394661177;;0.0;4.806910414378862e-06;9.397104964054627;0.029166666666666667;0.23131528246125163;0.8155
6.020720562059631;763.8888888888904;0.7645972259764631;0.9843403519222189;0.9044180399617493;0.04615042484414121;0.6144701954175038;;0.14267775705594118;4.806910414378862e-06;13.630013092298409;0.0625;0.23492120091608315;0.81
6.4595113354632945;88.88888888891289;1.0505475975353291;1.0789307051320751;1.0868854055714632;0.0;0.8275989042102564;;0.1120524511355503;4.806910414378862e-06;20.967015763978157;0.056666666666666664;0.3120924888832164;0.805
12.958900504374602;183.9506172839233;1.024815809979661;1.0085617422174662;1.470716342174224;0.0;0.2821578425008384;;0.33929055940014335;4.806910414378862e-06;12.057979078707383;0.0025;0.11190803742906276;0.24325
5.8276081956821635;7.277233951022573;0.6757246845268401;0.9931144031404093;1.0013465142228817;0.16619061214921857;0.9823563514529228;;0.11986057170564884;4.806910414378862e-06;8.508512149498404;0.24208333333333334;0.4357746511239016;0.814
6.609846882295332;0.0003958527669580859;1.1502005745399566;1.0164888448129923;1.4683952581302466;0.0;0.8042125258909124;;0.45959482977073896;4.806910414378862e-06;3.7136672117743617;0.16166666666666665;0.35096956701314974;0.80275
5.300127858319101;37.56627106951186;0.9626590302619275;0.9996272439772176;0.8613152604250797;0.09229320596891542;1.197690661849193;;0.16846129933628073;4.806910414378862e-06;25.99859380265334;0.10875;0.20687407259150895;0.7885
7.103807949528925;1388.888888889751;0.7056581275631404;0.9864171886132957;0.8714246748265755;7.46512488670367e-11;0.7942656212583006;;0.0744447909180247;4.806910414378862e-06;8.95350160457805;0.012916666666666667;0.17014257752033668;0.803
7.3104279063520785;0.00453609704143505;2.1953757325899605;1.067737840016829;1.9274869615232741;0.5837066348082804;0.5950150173594541;;0.6529887759084942;4.806910414378862e-06;27.97904631701307;0.0004166666666666667;0.09425685127953155;0.804
6.66726012479427;0.002512338625831012;0.7007514674012151;0.9848671363169036;1.6818998688091198;0.7866144542070468;1.034577926677447;;0.5145718879363914;4.806910414378862e-06;13.437900040301768;0.05458333333333333;0.22534534707984896;0.79175
4.753439588057308;;0.0;1.0049628457846924;1.0;0.0;0.8029580394661177;;0.0;4.806910414378862e-06;9.397104964054627;0.029166666666666667;0.23142989501489858;0.81575
6.020720562059631;2181.161091887895;0.6293080793025787;0.9843403519222189;0.7602587689773642;0.028549895142318135;0.614627339960748;;0.11557687720607306;4.806910414378862e-06;13.641928595339282;0.0575;0.2262754121665089;0.8035
6.4595113354632945;3680.555555556826;0.7684175725247651;1.077276339250497;0.8005973875352338;0.0;0.8275104739456034;;0.09660177923693752;4.806910414378862e-06;20.96212754332916;0.055;0.30500430164100495;0.7995
6.293234072860171;80.55555555556647;0.8838594097792384;0.9742067975671679;1.6057824232820137;0.0;0.28088779236972033;;0.15558224319732727;4.806910414378862e-06;12.000087289575252;0.009583333333333333;0.13222014126325884;0.79825
5.265646316994623;8.868055555554148;1.4121377444246115;0.9832243125801959;1.633280199235128;0.06703754333381749;0.784864080204727;;0.17268848599775302;4.806910414378862e-06;6.430232314029941;0.22541666666666665;0.43388117267799353;0.81375
6.597730595979276;0.4952170165356526;0.8701030403757152;0.9781508899088488;1.4974902938148231;0.10354679832190919;0.6176814802534503;;0.3059639296709306;4.806910414378862e-06;8.345620391280862;0.13541666666666666;0.3147947905591405;0.8075
5.436719397093869;0.05196590179840813;1.2750375371477143;0.994849537009914;1.4307653985466269;0.44447102659528454;0.9979004178242895;;0.1766905750428383;4.806910414378862e-06;16.918145258113345;0.15541666666666668;0.2190771781917057;0.803
7.103807949528925;103.88888888889903;0.9862778045002294;1.005116927409518;1.3379415264587062;0.44529980330169916;0.7938101414755699;;0.1555822431973274;4.806910414378862e-06;8.826400217297847;0.006666666666666667;0.17259122721953093;0.80475
6.626500533469712;0.00014585416309783805;0.7572000770773614;1.092174239503216;1.8897714706216848;0.999999999986907;0.5545056605630035;;0.56760995974493;4.806910414378862e-06;36.34952819503978;0.0004166666666666667;0.0937536219410552;0.80575
7.166744888251045;0.0008429198142509273;0.7976798907505774;1.0759789712769854;3.1724627073773513;0.71012951810809;0.40919233512229847;;0.7474971734384561;4.806910414378862e-06;25.345213402094274;0.0025;0.15885470566702042;0.806
4.622251438465353;0.00555341814050632;1.3141724335294878;0.9766643651414484;2.7200041990168256;0.24008895996540838;0.1501240465417777;;0.22464927951056768;4.806910414378862e-06;23.67089009137914;0.11541666666666667;0.3011962558495455;0.80875
5.885283937002609;41.883680555560396;0.7002528958846466;0.9843403519222189;0.9365846856916695;0.0;0.616110899154025;;0.19320355847387516;4.806910414378862e-06;13.763062414782993;0.03333333333333333;0.1941723248584672;0.811
6.440826374833582;156.25000000000225;4.499999999999989;1.0042830863799181;2.298342082122448;0.4999999987499989;0.6408695703271601;;0.0966017792369373;4.806910414378862e-06;12.763249765144415;0.05458333333333333;0.3165924593756861;0.80375
14.215240257634386;3333.333333333736;0.8398737643880568;0.9808800360104586;0.7517363433048251;0.0;0.2812766380142277;;0.055993202062020755;4.806910414378862e-06;12.015651599198856;0.015;0.12973009481905326;0.24025
5.807004048402124;71.22222222220866;0.7423351807080839;0.9832243125801959;1.1103733489460121;0.029857499925676524;0.7847998548496243;;0.10936072618602977;4.806910414378862e-06;6.43309444138633;0.21458333333333332;0.4424882909346847;0.79625
6.597730595979276;0.3939431469075956;0.6746558495521655;0.988061586200018;0.9748379690081215;0.4625161501571038;0.6229410557431154;;0.19604427483674597;4.806910414378862e-06;8.365589245179725;0.06208333333333333;0.2787631020451053;0.8
5.436719397093869;14.525776676946661;0.6748000403952926;0.9932496506872301;0.7584553420740131;1.5733020335117897e-11;0.7984246510867354;;0.16911725581167605;4.806910414378862e-06;9.254995152398452;0.13208333333333333;0.23728737105116007;0.8165
7.103807949528925;495.1388888887935;0.8622868944786244;0.9862224803194442;1.149585283898422;0.10557280899525433;0.7938906417911114;;0.11198640412404925;4.806910414378862e-06;8.857279955587146;0.015;0.17262543687351278;0.7955
6.157081163477447;0.0037971079031359337;1.12231644184905;1.6674812944420385;1.2355578964730656;0.9999999999627645;0.813648234292305;;0.6232999184807986;4.806910414378862e-06;27.188994992037635;0.0008333333333333334;0.09437778905420645;0.81025
7.433877087020668;4.215736549947354e-05;1.809365821712728;1.1165409074315178;5.811093537714458;0.999999999956742;0.4494047794287744;;0.8330877205570623;4.806910414378862e-06;27.197584703954085;0.0008333333333333334;0.13027868548052698;0.8065
4.753439588057308;0.434111654021051;0.9467738519695988;0.9902153754906079;0.9818728015870826;0.05278615257973667;0.24686803757114112;;0.13801197637279883;4.806910414378862e-06;22.2214804568202;0.105;0.29061323766683517;0.7945
5.885283937002609;1.309688581315044;1.1762955998139297;0.9843403519222189;1.3525883437573354;0.0;0.6170030092412826;;0.3392905594001436;4.806910414378862e-06;13.840582453410356;0.02666666666666667;0.18133618106932578;0.80425
6.4595113354632945;14.074865811066509;1.0206153942734888;1.0708284648400992;2.3041792940503303;0.3424040506762997;0.8270232031102736;;0.11986057170564877;4.806910414378862e-06;20.941253038298157;0.06958333333333333;0.3091510022462514;0.80325
14.215240257634386;350.0000000001969;0.728390553766607;1.016746567084354;1.0192555999559347;0.0;0.2824715442222856;;0.1006685973427939;4.806910414378862e-06;12.069651929024342;0.009583333333333333;0.12590793480148463;0.26175
5.8276081956821635;50.17313171158358;0.7369329342139392;0.9931144031404091;0.7009856291789995;0.0;0.981644415012168;;0.1449026688554063;4.806910414378862e-06;7.949278815075606;0.22083333333333333;0.44654165185993683;0.80725
6.462293970922254;1.5962605794917557;0.7624125460705479;0.9708755330591838;0.7655177969641456;0.0;0.6140850736995915;;0.19000100462452843;4.806910414378862e-06;8.744772517454617;0.05333333333333334;0.23632518424713594;0.80525
5.306373393112691;0.3772945927811137;0.6671768712695412;0.9835580065258549;0.6791871421702671;1.0;0.6014003983162114;;0.178559540349704;4.806910414378862e-06;11.422882739734883;0.19958333333333333;0.2584256225014669;0.80675
6.968371324471903;3680.555555555591;0.7442755815379359;0.9864171886132956;0.7825820437655463;0.0170194506923453;0.7944378296016602;;0.05664848591880345;4.806910414378862e-06;9.010787540874396;0.009166666666666667;0.1697243171685347;0.799
6.111489238356688;0.004835651763549108;0.801581580404622;1.948478056444794;0.919902543750596;1.0000000000000002;0.9457347682120791;;0.5124775595278488;4.806910414378862e-06;30.34657385220704;0.0025;0.09776202531969676;0.801
7.251752721766107;6.811515830906437e-05;2.2182569616673122;1.0049386567959935;5.460849047683846;0.9999999999609962;0.6053247095057065;;0.6578848253123495;4.806910414378862e-06;23.523977721965114;0.00125;0.15042441094783668;0.80225
4.753439588057308;;0.0;1.0049628457846924;1.0;0.0;0.8029580394661177;;0.0;4.806910414378862e-06;9.397104964054627;0.029583333333333333;0.23102319639122984;0.813
5.885283937002609;33.35389166560048;0.6979807202196597;0.9843403519222189;0.9338508025657564;0.0;0.616058057669187;;0.19526873212624407;4.806910414378862e-06;13.762926055477983;0.0425;0.1950316919371216;0.79475
5.993907919271726;0.20108555102134973;1.2222890612361166;1.07105141156621;3.588837530880718;0.9999999996070906;0.8266083785209394;;0.21806052112777652;4.806910414378862e-06;20.927555327001695;0.07208333333333333;0.294970354657989;0.8045
14.215240257634386;350.0000000001969;0.728390553766607;1.016746567084354;1.064736942147459;0.0;0.2824715442222856;;0.1006685973427939;4.806910414378862e-06;12.069651929024342;0.011666666666666667;0.12285658284327966;0.24025
5.807004048402124;314.6666666666612;0.9045719178978681;0.981312048271975;0.9284392009206085;0.05232804265680119;0.7846993347423171;;0.09774119188419551;4.806910414378862e-06;6.433082797466659;0.2425;0.4524063407185883;0.79675
6.462293970922254;0.45817692342485145;0.7816843065699199;0.9708755330591841;1.3289083581537908;0.0;0.61016317640668;;0.13769058154333355;4.806910414378862e-06;8.986627415663534;0.10083333333333333;0.2380925087252551;0.817
5.436719397093869;0.6600510708419054;0.7822928099672888;0.9857395583988989;0.8499424937998814;0.0;0.7988264293830637;;0.12555796574642175;4.806910414378862e-06;10.203209829581787;0.1925;0.23828659308660893;0.80875
7.103807949528925;1666.6666666678004;0.6054133483072555;0.9864171886132956;0.6165257266732507;0.0;0.794375523123247;;0.05599320206202854;4.806910414378862e-06;8.990620579187627;0.011666666666666667;0.17017318136335005;0.79725
6.157081163477447;0.002172211732975702;0.877470298475539;1.7112102414152524;1.310666126673811;0.9999999999764506;0.8263164702430812;;0.6851003969646687;4.806910414378862e-06;28.041978745529335;0.0004166666666666667;0.09447870325292755;0.8085
6.584328060852978;0.02900977849610366;0.6478517503805103;1.039189706005605;0.6155624316747645;0.3836052503400404;0.7472246488681679;;0.29837128936423424;4.806910414378862e-06;16.513757734997153;0.00625;0.17181111018717843;0.7955
4.753439588057308;;0.0;1.004445729497452;1.0;0.9999999985;0.802990326238225;;0.0;4.806910414378862e-06;9.392271371515289;0.02;0.2319447788753002;0.80825
6.020720562059631;420.7561728396922;0.722717381173122;0.9843403519222189;0.7271504623173194;0.009285444262059952;0.6149075877209554;;0.1120524511355503;4.806910414378862e-06;13.667786221034378;0.0525;0.21820221964998038;0.8005
5.975222958642014;0.28878451548888046;1.5085822610660593;1.0064194553451724;8.649190779064416;0.9166666664513888;0.6403053479136859;;0.27154749673139267;4.806910414378862e-06;12.75738827214893;0.057916666666666665;0.2906063995477521;0.79875
14.194853271551112;833.3333333331934;0.8009431025426645;0.9812069941573925;0.8742077761092278;0.0;0.27903917844638754;;0.05599320206202887;4.806910414378862e-06;11.916990168846665;0.022916666666666665;0.13449154720928086;0.24225
5.8276081956821635;31.139285489490238;0.6973263183478504;0.9931144031404091;0.6946936395552868;0.0;0.9817671800637241;;0.11986057170564884;4.806910414378862e-06;7.967554992355831;0.22708333333333333;0.4477060623103699;0.81125
6.462293970922254;142.75147928991683;0.7387629184462101;0.9708755330591838;0.7970073539615595;0.0;0.6135441856664147;;0.2148305024007174;4.806910414378862e-06;8.605216446187352;0.09916666666666667;0.2981974427849521;0.791
5.436719397093869;23.663155019345584;0.6718090455224788;0.9932275687932544;0.7272205462661624;1.33280790114885e-11;0.7984752323071419;;0.14621997661147915;4.806910414378862e-06;9.250602087141278;0.135;0.23647799997728344;0.8025
7.103807949528925;287.90509259261006;0.8757825572014749;1.005295236687158;1.2181135811837527;0.3675444676738158;0.7944697524369753;;0.14764500052708257;4.806910414378862e-06;8.985924489069344;0.004166666666666667;0.16788242024229932;0.81275
6.1757661241071595;0.0029518618354591217;0.8347622150587797;2.0378959482973404;1.1489445907121436;1.0;0.9662162346024603;;0.5619194473894981;4.806910414378862e-06;31.756757829714413;0.0016666666666666668;0.09735260870510587;0.806
6.64860494660345;0.03575765907160615;0.7651278201288838;1.02714407960076;0.7148644519094698;0.48262240683885543;0.7587153079391991;;0.3433110741563239;4.806910414378862e-06;17.28215012805689;0.007083333333333333;0.1714620737930057;0.8005
4.81191767157007;0.11433265652691649;0.7836540030016963;0.9949419584011416;1.8958280401692542;0.4742177837441005;0.7138715215309924;;0.1886784938117635;4.806910414378862e-06;20.75832460963624;0.035;0.1560103088319263;0.7915
6.020720562059631;0.04956303854875458;0.9769920913073573;0.9986655991250932;1.579882618545918;0.939028923908929;0.4267587568269764;;0.20790401489180801;4.806910414378862e-06;10.498002258371654;0.045;0.2262674612208922;0.79925
6.440826374833582;1.8409608895161345;0.7792970247371455;1.008405403228356;1.083844263182981;0.3906127789452796;0.4639508137686041;;0.11205245113555037;4.806910414378862e-06;9.334617962866337;0.02125;0.3105094347974167;0.808
14.215240257634386;555.5555555559384;0.7164524799650128;0.9742067975671681;0.748577097482282;0.0;0.280698111934929;;0.05599320206202887;4.806910414378862e-06;11.989811349061942;0.0175;0.1296439274389862;0.257
6.293211611873732;6.5635011376270995;0.8805843239882328;0.9931144031404091;1.0301349455190034;0.017151304039717184;0.9816645546887899;;0.15934853508286942;4.806910414378862e-06;7.974199029320166;0.21083333333333334;0.40243319353794366;0.8015
6.462293970922254;0.5572405088559286;0.7892201451004349;0.9708755330591841;1.2448487134643398;0.0;0.6102335613717946;;0.14893805524272571;4.806910414378862e-06;9.016457693850313;0.07916666666666666;0.23386022944766371;0.799
5.424603110777811;0.014415364244880218;0.9293394887895857;0.9857839407177476;1.2802153125458797;0.9999999999999999;0.6019656114538398;;0.18867849381177068;4.806910414378862e-06;12.876630788218764;0.20333333333333334;0.2544371312393368;0.805
7.103807949528925;65.55309007232374;1.2261737998277713;1.0234681836061517;1.5698442224960036;0.26880583026670146;0.7944368938958365;;0.1952687321262435;4.806910414378862e-06;8.972391276320431;0.010833333333333334;0.16775376358203536;0.8015
6.63224282248415;6.22572337552819e-05;0.8531709412902533;2.0643274310207183;1.2488249803937335;1.0;0.74565068738968;;0.8354499704030832;4.806910414378862e-06;29.63654528536258;0.00375;0.10297518929829788;0.81325
6.7197646859099995;0.003533966168887804;1.0523264467754638;1.0030123612109245;3.828858285660202;0.7437646283558357;0.5849574163366721;;0.4674511741837209;4.806910414378862e-06;22.407127877426923;0.01125;0.1817531808300019;0.80375
4.796965051395196;0.22010419809763115;0.8571117652651511;0.990411256507528;1.2027985626973385;0.08315624665090061;1.1018331167664206;;0.1620730399398173;4.806910414378862e-06;8.371985777710584;0.0425;0.1710360627559024;0.812
6.020720562059631;643.7500000000256;0.6826386389255669;0.9843403519222189;0.9080200311955963;0.0;0.6152659709079267;;0.14764500052708285;4.806910414378862e-06;13.696652802495812;0.05625;0.20985135910202704;0.80375
6.440826374833582;1.1071366216065344;0.8825168440837686;1.008600616732678;1.2693853173163883;0.412055264162134;0.46422418536218024;;0.1120524511355504;4.806910414378862e-06;9.351203682996433;0.017083333333333332;0.30895654720245236;0.81125
14.215240257634386;555.5555555559384;0.7164524799650128;0.9742067975671681;0.7126595399797508;0.0;0.280698111934929;;0.05599320206202887;4.806910414378862e-06;11.989811349061942;0.01875;0.11122592872245177;0.23275
5.8276081956821635;7.217530396785118;0.9107205490204998;0.9931144031404091;0.8511011015232886;0.0;0.9819353770917743;;0.15489903008181594;4.806910414378862e-06;8.030157575263102;0.20375;0.43083098530058445;0.80325
6.462293970922254;573.0968858129548;0.710294806656712;0.9708755330591838;0.7849287955849962;0.0;0.6136312072396073;;0.1952687321262464;4.806910414378862e-06;8.631114584723235;0.10875;0.25580257036661425;0.80275
5.436719397093869;1393.0286513780939;0.6191382303339379;0.995053030127228;0.752645642672096;0.4490649659313241;0.9960215602186588;;0.14088849620018548;4.806910414378862e-06;15.567298050858179;0.13;0.22206961503342068;0.80375
7.103807949528925;1197.9166666668432;0.9592321563290163;0.9864171886132957;0.9646813100905401;0.0;0.7945977593795123;;0.0744447909180247;4.806910414378862e-06;9.033047107529754;0.006666666666666667;0.16809993548964497;0.80425
6.6965197082346215;2.317499196295478e-05;0.9388739624617655;2.3295573681366606;4.2768689909828685;0.9999999999861817;0.6175288642647103;;0.8238467262999799;4.806910414378862e-06;31.277710925824984;0.00375;0.10179010312931715;0.81025
6.623734176397397;0.0011474231185195879;0.8200529550478417;1.0607771981936716;1.0858509004093209;0.9999999999562262;0.7837726332016429;;0.48253582585277516;4.806910414378862e-06;19.078719240649036;0.002916666666666667;0.16242582116338528;0.80325
4.796965051395196;0.6870393480328397;1.0596878183070169;0.9892895547514324;1.2255843098977788;0.0;1.2973433619491712;;0.24315974417573968;4.806910414378862e-06;13.778425682320943;0.06583333333333333;0.1803546854421664;0.80375
6.020720562059631;527.3319615912452;0.6826386389255669;0.9843403519222189;0.916479989415191;0.0;0.615454586277593;;0.14764500052708263;4.806910414378862e-06;13.712157266317579;0.04875;0.20577776559058364;0.78525
6.440826374833582;;0.5;1.004759828790346;0.7079365081633159;0.0;0.6410553393531083;;0.04830088961846879;4.806910414378862e-06;12.77381941220707;0.043333333333333335;0.31214038875206795;0.81625
12.938513518291325;120.9876543208946;1.0528685885800515;1.0144869948364386;1.1714185116642828;0.0;0.27807720586426554;;0.16797960618606964;4.806910414378862e-06;11.876873133752053;0.019583333333333335;0.12368886614543674;0.24375
5.807004048402124;5.221916319671916;1.0242225181135438;0.9813120482719748;1.408528426223193;0.2928932185566322;0.785107985897805;;0.15489903008181594;4.806910414378862e-06;6.546522075331832;0.18708333333333332;0.42324625179078224;0.807
6.462293970922254;312.51714677630923;0.6523822619220165;0.9708755330591838;0.6897638390573251;0.0;0.6137669991333202;;0.1449026688554067;4.806910414378862e-06;8.657475366142423;0.08583333333333333;0.2588288485407316;0.79925
5.436719397093869;0.8616548967896073;0.7696124706883618;0.9976213700946893;0.7758676855007638;1.068589121355978e-12;1.1939019065894902;;0.15680986103289035;4.806910414378862e-06;24.524738645728533;0.10333333333333333;0.20647447669429617;0.804
7.103807949528925;2291.66666666714;0.7390526011948787;0.986417188613296;0.8776195203554534;0.0;0.7946502361661925;;0.05599320206202023;4.806910414378862e-06;9.050910106432216;0.014166666666666666;0.16817514110358409;0.8
6.192945151150572;3.329841790677033e-05;0.9876804627325614;1.065748701761068;1.4460503871845642;0.15427512044120428;1.205176250592144;;0.7446876534334007;4.806910414378862e-06;26.20705034847401;0.002916666666666667;0.10409976353131675;0.812
7.229890625102087;0.006684324292975594;0.964483288100716;0.9920075787551589;1.6802610283368222;0.8200349612310116;1.1159363757939451;;0.37857804335271183;4.806910414378862e-06;21.122351468698195;0.0016666666666666668;0.1586188124150806;0.815
4.658115426138478;3.0060426332161687;0.9016186073000014;0.9882930401255845;0.9844385439540211;0.0;1.2972697476752135;;0.28170013007751105;4.806910414378862e-06;13.771371470481006;0.08;0.18959870382797134;0.80175
6.039405522689344;7.194850861039839;0.8257903019700008;0.9815272313939587;1.229087596057373;0.3766898314620809;0.8072568651909395;;0.13983804782422934;4.806910414378862e-06;21.510434471269956;0.06666666666666667;0.21912050954539128;0.812
6.440826374833582;;0.5;1.004759828790346;0.5251920028785628;0.0;0.6410553393531083;;0.04830088961846879;4.806910414378862e-06;12.77381941220707;0.0425;0.31263499626102437;0.80725
14.194853271551112;138.88888888894883;0.9428090415820171;0.9906265935077195;0.9112328308481263;0.0;0.2783114683612804;;0.09660177923693736;4.806910414378862e-06;11.883675932155723;0.01875;0.13225023132526362;0.25625
5.807004048402124;15.50365244136142;1.2895208364632387;0.981312048271975;1.7815601095412912;0.07363692712561168;0.7848536114474773;;0.12555796574642178;4.806910414378862e-06;6.501467996865606;0.19791666666666666;0.4246099983057749;0.81175
6.462293970922254;1.5962605794917557;0.7624125460705479;0.9708755330591838;0.8588934266010415;0.0;0.6140850736995915;;0.19000100462452843;4.806910414378862e-06;8.744772517454617;0.1075;0.23294688232187155;0.79975
5.4452230183694095;0.48201287997013925;0.7217876823696594;0.9835580065258549;0.7596466613429459;1.0;0.6022956431318591;;0.2521810565492666;4.806910414378862e-06;11.499550316996768;0.175;0.23946971002557316;0.8005
7.124412096808964;98.33333333325947;1.9778083628827652;0.9843390362227422;1.4770199697950745;0.3675444671179315;0.9900092258210247;;0.1011077438555;4.806910414378862e-06;10.269717673604296;0.00125;0.16771548149838603;0.80425
6.328953749126753;1.1713403404028318e-05;1.381125288690048;1.1998809040925718;2.2902027711042097;1.0;0.8710541948959077;;0.6321609973449468;4.806910414378862e-06;30.65603776366396;0.0004166666666666667;0.1043952115202474;0.80325
6.635850462713453;0.00012347987738397335;2.4588920605963858;1.0414441365154392;2.2978791932831943;0.48562216121156626;0.954555257055582;;0.4367220239075608;4.806910414378862e-06;18.451378300735307;0.0004166666666666667;0.15726110492971906;0.805
4.658115426138478;0.14756872933002063;0.7896482838489375;0.9904112565075283;1.250013913397895;5.5441699033677285e-11;1.1016616991574277;;0.22008129828463585;4.806910414378862e-06;8.375874726924682;0.07541666666666667;0.18907897770367912;0.81075
5.921309191011391;9.85478984573667;0.7107750442850255;0.9819939238322248;0.711524072353285;0.0;1.0008686407881668;;0.2311537544121498;4.806910414378862e-06;17.79858240289008;0.10083333333333333;0.265558830531698;0.8015
5.993907919271726;880.5555555552156;0.6644836230710917;1.1065833737298443;0.7779028623522811;0.0;0.8216063922098172;;0.1398380478242291;4.806910414378862e-06;20.529823863227076;0.08291666666666667;0.3256908491396907;0.812
14.194853271551112;416.6666666667168;0.7164524799650154;0.9843991424948308;0.9448376730177592;0.0;0.279379537439749;;0.0849727288782135;4.806910414378862e-06;11.929893880289473;0.0175;0.13047673774736085;0.249
5.807004048402124;0.02846712829198755;0.7661580017671689;0.961818686920972;0.9277865586699094;0.4226497307986701;0.5884894125235807;;0.18058881550657496;4.806910414378862e-06;14.869880825924245;0.17166666666666666;0.4060509281906946;0.8035
6.3081105336487475;1.350073589075669;0.6408828956615653;1.001672795537019;0.6525793387009676;0.0;0.800288206902212;;0.26288448330897657;4.806910414378862e-06;5.697118349932819;0.11166666666666666;0.26064626944585373;0.79925
5.563452736034531;0.016343526641668566;0.7096346504650269;1.0691555306619593;0.9847483369416005;0.8391700393849195;0.21831594585291983;;0.3195921608846348;4.806910414378862e-06;15.192028381909491;0.1375;0.26107116822553583;0.80325
7.124412096808964;6.71161553828214;1.0180443643186097;0.9809580495384888;2.832990146568134;0.8651600272928477;0.9903150906701939;;0.15680986103289027;4.806910414378862e-06;10.620374030194668;0.0004166666666666667;0.17157622387421506;0.8005
6.22399242731893;8.101094521872906e-06;3.627901556128297;1.1038615236052258;4.206235013634368;0.14278710844627757;0.6478583015404674;;0.6544674085813129;4.806910414378862e-06;31.198665819196343;0.0004166666666666667;0.0990561049900409;0.80275
7.2002950916530475;0.0011614350683895663;0.8369947143917567;1.0479184891955113;1.1465888316017179;0.9999999999439647;1.4594397704559905;;0.3262801270305402;4.806910414378862e-06;32.85212303592346;0.00375;0.1706690431107101;0.803
5.199473157545979;0.19734835880440574;0.8686874947144507;0.9904112565075283;5.522436619010626;0.6198570391926519;1.1048489574111213;;0.24096026559433512;4.806910414378862e-06;9.377486396969402;0.0575;0.19356558479000438;0.80375
5.900705043731351;0.30491554562570183;0.744867171018352;2.7093438499942217;0.8697120448832288;0.028166411890632306;0.8098965335526;;0.3121201060331108;4.806910414378862e-06;8.520256979584753;0.10416666666666667;0.268618918246904;0.8035
6.4595113354632945;138.89880362218264;0.6697370929337049;0.9992283434014011;0.7442208688575438;0.8024540806705561;1.017445004338788;;0.1462199766114791;4.806910414378862e-06;20.101309513728225;0.08791666666666667;0.3100595046303482;0.795
14.194853271551112;920.1388888886491;0.711051268988612;1.0344033593859974;0.9913185598257833;0.0;0.2772955289513621;;0.12316322407889105;4.806910414378862e-06;11.840656203354028;0.025;0.1371192041048046;0.23925
5.265646316994623;0.04527770327081173;1.0736837727320279;0.9044252116396129;1.6019232391677918;0.9999999998544137;0.3959904875707614;;0.26059631483421664;4.806910414378862e-06;16.804787005150715;0.11791666666666667;0.37094005515996564;0.8025
6.443547158705769;0.0004096441597563624;1.1658508322969385;1.0112992179914178;1.6862564659375123;0.07626213518372695;0.7974393370930488;;0.40422157234582745;4.806910414378862e-06;7.306683273285091;0.20583333333333334;0.3350980290433218;0.80725
5.575569022350587;2.6021792934388213;0.7542899247905394;0.9924925327716405;0.8558747420370206;4.003857245982594e-12;0.8002414954898103;;0.18174257661068527;4.806910414378862e-06;11.219618651198722;0.1675;0.22656110193097;0.8045
7.103807949528925;2291.666666669082;0.758659948528767;0.986417188613296;0.9059849367543151;7.465124884522992e-11;0.7947076153123482;;0.05599320206202854;4.806910414378862e-06;9.069840542290807;0.012083333333333333;0.16794063075847046;0.8015
6.250338863613407;0.006319701944062333;0.7864470775982839;1.9168460942871082;0.9047257561216178;1.0000000000000002;0.9436274523834147;;0.47302402257886716;4.806910414378862e-06;30.156315532326968;0.0025;0.10526320702358087;0.80925
7.264571977403519;5.142454605313329e-06;1.723498436257412;1.1637065546676153;1.8109558037368414;0.9999999999589975;1.207709918199212;;0.49883793704859797;4.806910414378862e-06;26.317924921581074;0.0008333333333333334;0.16398561695817812;0.79425
5.199473157545979;0.16647555693951607;1.0232704472940826;0.9904112565075283;9.482095704642612;0.3038663471202784;1.105021162120076;;0.4007979273707875;4.806910414378862e-06;9.429406052014476;0.05708333333333333;0.20343313686104073;0.81525
6.018801375409304;0.4774437825918538;0.9650621592432125;2.6234023062277596;1.1709949536994209;0.07954257725635835;0.8102639007819761;;0.3424070303181673;4.806910414378862e-06;8.683253932043558;0.07;0.20909562914094923;0.793
6.4595113354632945;138.89880362218264;0.6697370929337049;0.9992283434014011;0.7015910136671344;0.8024540806705561;1.017445004338788;;0.1462199766114791;4.806910414378862e-06;20.101309513728225;0.08375;0.3114526002755447;0.8085
14.194853271551112;138.88888888894883;0.9428090415820171;0.9906265935077195;0.898551806683573;0.0;0.2783114683612804;;0.09660177923693736;4.806910414378862e-06;11.883675932155723;0.015416666666666667;0.12860241356046231;0.23875
5.265646316994623;0.05124665663038749;0.7909137708220179;0.8945111554386547;1.261846593116468;0.5295833059721735;0.39960435319025517;;0.29925730447886173;4.806910414378862e-06;17.204942521724806;0.11083333333333334;0.34667651047358666;0.805
6.325450827027817;0.04078077803937429;1.0581171937296185;1.0003149831979432;1.363664123960354;0.7172011288826685;0.9943631309033546;;0.4007979273707875;4.806910414378862e-06;14.300075436624162;0.20125;0.3044064285828483;0.79775
5.575569022350587;2.6876978720801716;0.7597741360764029;0.9924925327716405;0.9033505837103014;4.098078542878211e-12;0.8003745076370826;;0.2221737962016207;4.806910414378862e-06;11.236256217683776;0.12375;0.22262105348004763;0.7955
7.103807949528925;763.8888888884773;0.9112985699860693;0.986417188613296;1.2614745252829698;5.2786404319838235e-11;0.7949871176978294;;0.07444479091802425;4.806910414378862e-06;9.130702208394904;0.0008333333333333334;0.165564404752019;0.80475
6.171018282739135;2.5413691129371363e-05;1.502259225856198;1.1625424610672257;2.741419379384797;0.9999999999768623;0.7799471972048457;;0.8238467262999799;4.806910414378862e-06;19.222949490719948;0.0033333333333333335;0.10676021707177537;0.81175
7.2002950916530475;1.0964351626675419e-05;2.1332948429259297;1.0673538477746636;3.1818983805825405;0.5060599001622648;1.3739515017778896;;0.3764757436949979;4.806910414378862e-06;26.648326471974297;0.0020833333333333333;0.17296029018680054;0.811
5.199473157545979;12.3815442884315;0.9064879028986341;0.9882930401255845;1.0489787297652502;0.0;1.2973810265847252;;0.21668965711581223;4.806910414378862e-06;13.791836394235055;0.08166666666666667;0.20732528366702824;0.79525
6.018801375409304;1.210991337237931;0.8399855758633072;2.696174375402284;0.9859322796538035;0.01175385922747526;0.8100853533146597;;0.25514101565312863;4.806910414378862e-06;8.619600517457853;0.07041666666666667;0.22542616224494585;0.8185
6.4595113354632945;288.88888888920997;0.6854807595849137;1.076757810534543;0.7818267543234211;0.0;0.8272460271335237;;0.10066859734278996;4.806910414378862e-06;20.943306300917055;0.07041666666666667;0.3143661929488147;0.793
14.141855759109893;11.574074074063551;0.9136725423051021;1.2206303427202603;0.7372626909027356;0.0;0.2754223170103372;;0.19320355847387427;4.806910414378862e-06;11.764349138693744;0.03166666666666667;0.1477410590987788;0.23825
5.265646316994623;29.222835958167483;0.9836855853930835;1.0797037162832273;1.2685669302929916;0.0;0.22059713148387414;;0.20208945027867392;4.806910414378862e-06;10.127828694742673;0.1175;0.336813136116429;0.80375
6.325450827027817;0.018064290021084915;1.0848821583846737;1.0054237585548613;1.7061433216583886;0.6214827070479534;0.9947282615416274;;0.40870354314799534;4.806910414378862e-06;13.77604704942447;0.20083333333333334;0.32982696758092017;0.809
5.424603110777811;0.004103478314477522;0.7398286401537542;1.101363826070721;0.997654264125541;0.16697930346777204;0.40655745765297946;;0.23467900519135;4.806910414378862e-06;20.70736204054792;0.18958333333333333;0.2576834459131402;0.8065
7.124412096808964;555.5555555559284;0.6212911053819329;0.9809580495384888;0.46344109835798214;0.0;0.9897847966809156;;0.05599320206202854;4.806910414378862e-06;10.215644166656103;0.00375;0.16903237911002064;0.80125
6.143620885574974;0.00015911367322290294;0.67426507738438;1.0744462369742005;0.9686940543658353;0.9999999999905996;0.5460686091337413;;0.5473673118657343;0.0013708017043195797;45.40420382309941;0.009583333333333333;0.11056493008559051;0.80475
7.135674244221262;0.00020945795310747307;1.3994452190642812;1.041857840621619;2.9745717421121225;0.10128585176777766;1.3374830956429957;;0.47834081373899606;4.806910414378862e-06;21.398948906038395;0.008333333333333333;0.18696251463907068;0.804
4.658115426138478;29.827251496413215;0.7602852393484664;0.9825185522715867;0.9006191990513055;0.0;1.2973366307121894;;0.14088849620018226;4.806910414378862e-06;13.77146701542452;0.08041666666666666;0.19814071424194502;0.805
6.039405522689344;0.10224725002627429;0.7824580284028649;0.9871952428642203;1.0219811193683732;0.8263709159507288;1.0020955054768814;;0.22529856153870625;4.806910414378862e-06;9.780889030866112;0.07583333333333334;0.2414736041273434;0.793
6.440826374833582;0.3643993783963806;1.6594773303134076;1.0538208826205353;12.511632312900211;0.9059279128644073;0.6336157084402229;;0.1777308648799101;4.806910414378862e-06;12.049663073459664;0.06166666666666667;0.32783125099892124;0.79425
12.938513518291325;20.509259259254822;0.9907572721407822;1.1183076674699275;1.1288306873180132;0.0;0.2764121269049491;;0.31116448639465494;4.806910414378862e-06;11.805363191231326;0.014583333333333334;0.08783363467461502;0.2455
5.822860354314139;0.3552161136086509;0.9817670904659213;0.9970681064728064;0.8411124036245354;0.07417990023097473;0.10929905303649184;;0.20653696285112658;4.806910414378862e-06;9.648555361021417;0.10875;0.35195250024172675;0.794
6.325450827027817;0.0012696390536104457;1.9392890999725911;1.0145722494238882;2.2301793388183;0.4394545401266139;1.1917695066414782;;0.4744169397598537;4.806910414378862e-06;23.298713008737476;0.17333333333333334;0.30902869814877804;0.8125
5.424603110777811;0.01023213023753179;0.7173729459068209;1.023456131888317;0.9091372212580782;0.8304657394247039;0.21270043051583049;;0.28880717986628096;4.806910414378862e-06;15.151770734500746;0.18125;0.2837328422404605;0.7985
7.124412096808964;555.5555555559284;0.6212911053819329;0.9809580495384888;0.439559249407704;0.0;0.9897847966809156;;0.05599320206202854;4.806910414378862e-06;10.215644166656103;0.006666666666666667;0.1690317558618176;0.8085
6.02818343029519;0.00667626688707695;0.6349890740474607;1.1144469705078344;1.0535170429941743;0.9036201759352516;0.5776278530297211;;0.48996223300151087;4.806910414378862e-06;18.964174499051495;0.01375;0.10682300953281648;0.80275
7.328145893832635;5.525734979353174e-05;2.67782242884271;1.0477219920144993;2.559577759105254;0.7041225508123435;1.2895934881176263;;0.8284124977499815;4.806910414378862e-06;27.73422023976802;0.0004166666666666667;0.13775395018586487;0.81275
5.199473157545979;64.651813473562;0.7518983595200556;0.9825185522715868;0.9012611577092671;0.0;1.2973620596464315;;0.13474581071973488;4.806910414378862e-06;13.779757792122368;0.08291666666666667;0.20269546479553077;0.80425
5.921309191011391;1.8268485552453984;0.690203047272839;0.9819939238322248;0.7470991015477254;0.0;1.0009375868434864;;0.22410490227110066;4.806910414378862e-06;17.80648852749495;0.12;0.2592521383740945;0.81
5.993907919271726;995.3703703700289;0.6588983257446377;1.1074047229844608;0.6564323961775471;0.0;0.8214291390003724;;0.14267775705594427;4.806910414378862e-06;20.51560173210794;0.07833333333333334;0.32301942690607266;0.8065
14.194853271551112;5.5796424755752175e-06;2.855423133244525;11.18540450660044;4.355528730261684;0.9999999999405844;0.346132339623089;;0.11589575844025654;4.806910414378862e-06;18.307242624166214;0.014583333333333334;0.13292980001500584;0.2455
5.281502622906638;0.12675445559302362;1.0928511400887855;0.9970681064728064;1.1567863060779136;0.13465038667518417;0.11113535016806526;;0.1449026688554062;4.806910414378862e-06;9.735178429437678;0.08166666666666667;0.3407373971723696;0.80625
5.97807712850137;0.4142276844295376;0.7335739235830541;0.9994468259614093;1.1247279035490507;2.857866571297918e-11;1.1922565515687231;;0.32225035816123354;4.806910414378862e-06;24.0406490270394;0.18083333333333335;0.26056511078684524;0.8
5.288011572003044;0.02176653248926204;0.7451709441047497;1.013700588065675;0.9234493475064488;0.9999999999999999;0.6081089755718178;;0.23420674336662;4.806910414378862e-06;15.325119481516937;0.14708333333333334;0.23925395990787396;0.796
6.988975471751942;19.12262085661303;0.7431601752460462;0.9809580495384888;2.091905015899035;0.8613249506890194;0.9902749311806632;;0.10500018384161121;4.806910414378862e-06;10.632815432277964;0.004166666666666667;0.17190111190059465;0.80825
6.0908850910766485;0.00018850897385984798;0.9840896005141248;2.7358865841328073;1.1674329557864989;0.9999999999999999;0.8824013800872796;;0.5619194473894981;4.806910414378862e-06;23.65481366888722;0.0125;0.10694164513024225;0.80375
7.510270259087197;0.000430016692047097;2.0171917234265595;1.0442732683164446;2.4069465784937605;0.45013010410675336;0.9294966813758072;;1.0291364015414517;4.806910414378862e-06;16.633476120868792;0.0004166666666666667;0.1247764959950276;0.794
4.658115426138478;0.6163708086785009;0.9023089938700654;0.9825185522715867;0.7329897274122418;0.0;1.2950038618273427;;0.11557687720607296;4.806910414378862e-06;13.19372412886159;0.10166666666666667;0.19985294026246214;0.807
5.921309191011391;3.955879435565121;0.6009163223272751;0.9844299083861069;0.8192586327326491;0.77972582979998;1.0020878901072359;;0.3121201060331108;4.806910414378862e-06;9.722934390165623;0.12708333333333333;0.3018121876203635;0.811
6.4595113354632945;74.32098765431299;1.058002834612452;1.1082196411283562;1.1566675535005664;0.0;0.8215967203825144;;0.14616936910109277;4.806910414378862e-06;20.520350658378113;0.0775;0.3302954419742785;0.80725
14.194853271551112;416.6666666667168;0.7164524799650154;0.9843991424948308;0.9527180054437937;0.0;0.279379537439749;;0.0849727288782135;4.806910414378862e-06;11.929893880289473;0.01;0.12446051949700784;0.25225
5.265646316994623;16.340611554484955;0.9639921692884164;1.080221125338871;1.2487283112462522;0.0;0.2210857792365267;;0.21178163189958726;4.806910414378862e-06;10.156786904006482;0.11;0.3341012704665969;0.813
5.97807712850137;0.6074019566238172;0.891175491439094;0.9989341082203017;1.1402031939994632;0.019145348012177626;1.192321717725981;;0.31361972206578076;4.806910414378862e-06;24.044764004075002;0.18166666666666667;0.25130841518696356;0.80875
5.300127858319101;29.90211202937979;0.6382800103505156;0.993437411773488;0.6632700285594967;0.0;1.0015890323000582;;0.17997467445966653;4.806910414378862e-06;18.383261057896426;0.10083333333333333;0.21085325470910188;0.7965
6.988975471751942;19.12262085661303;0.7431601752460462;0.9809580495384888;1.9099208465825295;0.8613249506890194;0.9902749311806632;;0.10500018384161121;4.806910414378862e-06;10.632815432277964;0.0016666666666666668;0.17203221962370246;0.8125
6.020521954630425;0.0006870457696774628;0.659015955077252;1.0543863919285632;2.424921970129487;0.9999999999803115;0.482238654289901;;0.4249935633942563;4.806910414378862e-06;33.20095393144341;0.00375;0.1005620351653091;0.801
7.190484509557668;0.021125449839005415;0.8463047454919014;1.0091393034990033;0.969054613489372;0.08301339158827817;1.2537753915440364;;0.3764757436949979;4.806910414378862e-06;24.852632882591067;0.00625;0.17680501088938316;0.80725
4.658115426138478;0.6163708086785009;0.9023089938700654;0.9825185522715867;0.7547631132987966;0.0;1.2950038618273427;;0.11557687720607296;4.806910414378862e-06;13.19372412886159;0.09791666666666667;0.19952268058805037;0.80475
5.921309191011391;2.968421522560567;0.606031868318862;0.9845380911777314;0.8254276960862945;0.77854331755665;1.0021330527435028;;0.3994161187225943;4.806910414378862e-06;9.723650844190932;0.11541666666666667;0.3117579360952868;0.795
5.993907919271726;438.36805555536336;0.8059773344587121;1.1075707431126074;0.7173402580234706;0.0;0.821382763974411;;0.14088849620018543;4.806910414378862e-06;20.51499343227681;0.08958333333333333;0.3208984890161445;0.79925
12.938513518291325;364.5833333331645;0.7258787818832594;1.0446727952502544;0.8204228381844231;0.0;0.2773750844460874;;0.22397280824809884;4.806910414378862e-06;11.845134630359862;0.011666666666666667;0.10794290310080665;0.2415
5.265646316994623;12.412359528557843;0.8678251912730162;1.0674372722218963;1.1418470181396063;0.0;0.2205696698052034;;0.2098245508689505;4.806910414378862e-06;10.097952656773993;0.09958333333333333;0.343879293445935;0.811
6.443680544692938;0.0007017075167949304;1.4249976450661908;0.9949723646809234;2.0834775222161666;0.6281617749209281;0.996694973790335;;0.40669191100234564;4.806910414378862e-06;16.86155033546334;0.17916666666666667;0.3008650299097853;0.81
5.43897748357582;235.8961281546951;0.6002267957610451;0.9934349805455168;0.6277597859094617;0.0;1.001775578531308;;0.19604427483674364;4.806910414378862e-06;18.403862569937367;0.12;0.20623609054159314;0.79975
7.124412096808964;178.47222222221535;0.7548602734254254;0.9809580495384888;2.808492643817487;0.6312003448855285;0.9901710232211046;;0.09811621932177855;4.806910414378862e-06;10.597674112802208;0.00125;0.17257293683805;0.7985
6.1258272381195615;0.07866015279828918;0.7721034906111625;1.141295342898111;0.7571844791255511;1.0000000000000002;0.9879497160206179;;0.2992573044788617;4.806910414378862e-06;22.663837414859564;0.00375;0.10959732376314675;0.8075
6.541634081832628;0.002605811047498239;0.7236261390235971;1.0067850049482296;0.8374149285271437;2.453664523814338e-11;1.4369151152085176;;0.27916443419497644;4.806910414378862e-06;29.840984507695207;0.009166666666666667;0.1910282747306146;0.804
5.199473157545979;1384.2816047661438;0.9259413757936467;0.9825185522715867;0.8227351676057354;0.0;1.2950150939949363;;0.115576877206073;4.806910414378862e-06;13.19767278404872;0.09666666666666666;0.2019909351404297;0.7945
5.921309191011391;5.8827429917578655;0.8294997797893767;0.9819939238322247;0.9018800520353284;0.0;1.0007299134033478;;0.26181515295325614;4.806910414378862e-06;17.797806959179372;0.09958333333333333;0.27555718708231774;0.79725
6.440826374833582;2.2395232602849977;1.8368438374467402;1.0071290203459853;5.717176432859661;0.36695727953089063;0.6412665356371874;;0.14764500052708265;4.806910414378862e-06;12.780709861641455;0.03333333333333333;0.3085179033218161;0.806
14.194853271551112;153.3333333333339;0.7110175911791683;1.0649758326670342;0.9076559767713802;0.0;0.27680728839127866;;0.14490266885540581;4.806910414378862e-06;11.820356684922444;0.02625;0.04786732681509426;0.243
5.281502622906638;0.0018289476269179117;0.8141695856848881;1.0148801925093323;1.112640825720723;0.6458209226714915;0.23260639855748547;;0.22074860326522724;4.806910414378862e-06;16.95896410628045;0.12291666666666666;0.3209108560647499;0.80025
6.033677361600914;0.0013921377734669755;1.479499594028186;1.0064388248135172;1.7400994497198974;0.5085526804628882;0.8042398718973289;;0.6153297840367701;4.806910414378862e-06;14.087094504091857;0.18541666666666667;0.32285227301914293;0.8105
5.43897748357582;0.46699022748379554;0.844577618101613;0.9892097713608434;1.22408208340047;4.8544966225500575e-11;1.004225300857635;;0.20790401489180801;4.806910414378862e-06;19.180995370915127;0.045;0.20240590222051183;0.813
6.988975471751942;1180.5555555556746;0.9693334626787836;0.9838049798138299;0.6069323317833962;0.0;0.989834802937109;;0.10066859734279437;4.806910414378862e-06;10.233397258369287;0.0025;0.1695969279028368;0.8025
6.2167449118022455;5.724886295133235e-05;0.968695667613147;1.1589016697337005;1.4621307375261716;1.0000000000000002;0.6456587836214494;;0.31685179009691006;4.806910414378862e-06;32.25635346512672;0.007083333333333333;0.1090188662598574;0.81075
6.531823499737248;0.28202660457452583;0.6509207752882437;1.0023091148818037;0.7167939062537725;0.3287874287362374;1.2467502915437223;;0.26334281280331284;4.806910414378862e-06;24.229602534392193;0.018333333333333333;0.19355183161023654;0.8135
4.658115426138478;5.767235450950004;0.7589698808583314;1.0310472486986035;0.7552998822285238;0.0;1.402457984589649;;0.14893805524272252;4.806910414378862e-06;22.2198645968938;0.11041666666666666;0.20760117372064288;0.80575
6.020720562059631;1122.222222222558;0.7133410569136874;0.9843403519222189;0.7188306644200231;4.344236009398744e-11;0.6147907858503042;;0.1155768772060729;4.806910414378862e-06;13.654566075289438;0.057916666666666665;0.22186736012669747;0.798
6.4595113354632945;288.88888888920997;0.6854807595849137;1.076757810534543;0.8090984100329935;0.0;0.8272460271335237;;0.10066859734278996;4.806910414378862e-06;20.943306300917055;0.06166666666666667;0.31617944390745606;0.804
14.141855759109893;11.574074074063551;0.9136725423051021;1.2206303427202603;0.9485691083988166;0.0;0.2754223170103372;;0.19320355847387427;4.806910414378862e-06;11.764349138693744;0.029583333333333333;0.1404441676516172;0.2475
5.281502622906638;0.0005380531848774489;1.102619624624719;0.9710236968904002;2.4716862234083714;0.9999999999783881;0.6100696714655315;;0.29335568999171757;4.806910414378862e-06;9.34425601404968;0.08958333333333333;0.2566996877097449;0.8065
6.13965740696281;0.39031895386454857;0.9382447792619177;1.0142801615585033;1.155005150972461;1.0;0.6060350242844721;;0.4309669609843706;4.806910414378862e-06;15.319934668068301;0.20833333333333334;0.36840496124222416;0.8125
5.43897748357582;0.01745755825975906;2.04504224343057;0.9911711237338391;1.4189843281662151;0.43562555102569517;1.0067132412582895;;0.2131485057655136;4.806910414378862e-06;19.95015849961619;0.10291666666666667;0.20599676506232212;0.80175
7.124412096808964;1180.5555555570218;0.9693334626786639;0.9809580495384888;0.7837608696737794;0.0;0.9895181765094435;;0.07444479091802425;4.806910414378862e-06;10.145375137276341;0.002916666666666667;0.1712359173252584;0.7975
6.2167449118022455;3.229376413704058e-05;0.7189255961496913;1.2764213516497773;1.2643439746083178;1.0;0.41379950457388964;;0.48238524041360514;0.6321205588285577;48.69470095777566;0.005833333333333334;0.10798499572178154;0.80625
6.531823499737248;0.30923684654382927;0.8950897846371607;0.9837447834965506;0.7783425384066264;0.7494026275817872;1.0598140542160759;;0.2241049022711005;4.806910414378862e-06;15.830956841902497;0.015833333333333335;0.19213056034277412;0.795
4.658115426138478;4.827474717254965;0.7637716725085678;1.0310371176596065;0.7910344181344032;0.0;1.4024098797612006;;0.13474581071973488;4.806910414378862e-06;22.221759453981367;0.10416666666666667;0.20942353748957315;0.81
6.039405522689344;5.887265989205317;0.8361976344453195;0.9815272313939587;1.1649545260443317;0.4349789151058796;0.8071275646948772;;0.14267775705594118;4.806910414378862e-06;21.501949498561505;0.06666666666666667;0.22298656604282413;0.79625
5.993907919271726;85.96166716240373;0.7457064333406963;0.9992283434014011;0.7733305443097198;0.8024540806705563;1.0173662902790939;;0.14267775705594105;4.806910414378862e-06;20.10364585718149;0.095;0.30650026246338774;0.79925
14.194853271551112;724.9999999996543;0.8039885067153801;1.1653360860845476;0.9606955958287777;0.0;0.2756823014429764;;0.14764500052708548;4.806910414378862e-06;11.772324492965033;0.00625;0.14226052098612013;0.2385
5.293618909222695;0.0013960797534409413;0.9549607965711077;1.007401103366412;1.4234947592377538;0.36385221521237326;0.804789918180124;;0.33615735340665115;4.806910414378862e-06;5.0004472107958655;0.07375;0.24337972644200317;0.79525
6.4130690512800665;0.03908924824466714;0.8875585886178682;1.1774495694542708;0.9337533365153792;0.37261094901083375;0.41229378021604407;;0.3069363283047929;4.806910414378862e-06;22.334983979062788;0.15125;0.257280629315612;0.80225
5.426861197259763;0.13369596237333237;0.7582580425910612;1.0600768366216584;0.9097165091857629;1.0;0.6199671939813338;;0.2521810565492665;4.806910414378862e-06;17.957074075277188;0.0775;0.22494082352144712;0.8095
6.988975471751942;347.2222222224553;1.204402478314533;0.9809580495384888;0.7139321314037885;0.0;0.9895681962388637;;0.1011077438555;4.806910414378862e-06;10.1632509751521;0.005;0.1708987590981039;0.80275
6.077895286545527;0.0003691037328200791;0.7818337480762877;1.1449717542271898;1.3695779327640696;1.0;0.6344921401667727;;0.31023505760936637;4.806910414378862e-06;31.66392606527486;0.0075;0.10746686651315697;0.814
6.596444347169034;0.2703604081487162;0.8786376988458945;0.9858469597033966;0.7454068211739656;0.7375511231063699;1.0665648351198396;;0.21668965711581037;4.806910414378862e-06;16.42644745560223;0.01625;0.18908385122062435;0.8025
5.577884527504725;0.8993224475027063;0.6918614877570499;1.015015126750238;0.7685169149372467;2.6006044337444774e-12;1.3998122555036694;;0.17082585317594873;4.806910414378862e-06;21.919308084764463;0.11875;0.2171154779443302;0.8245
6.039405522689344;0.4951968959051792;0.8794756258594437;0.9819939238322248;1.0089074317695874;0.0;1.0018136098991168;;0.20982455086894825;4.806910414378862e-06;17.863926573716096;0.06125;0.21242496594581464;0.79725
6.4595113354632945;84.33946379559862;0.7662880201018843;0.9992283434014011;0.9078387572459975;0.8043536047797246;1.0175390383593674;;0.14267775705594118;4.806910414378862e-06;20.10096295162078;0.08833333333333333;0.31668482363957134;0.802
14.194853271551112;536.8055555553246;0.7446771420463411;1.0901226121244052;0.9353375470063402;0.0;0.27661961275989205;;0.14764500052708548;4.806910414378862e-06;11.810513888147941;0.014583333333333334;0.10566786324647816;0.2375
5.293618909222695;9.583879733740277e-05;2.314569544734783;1.01407530839752;2.707664702368207;0.7894171521842891;0.9990077427252745;;0.35018360718823555;4.806910414378862e-06;13.090947186276585;0.06333333333333334;0.23011092119941887;0.8105
14.471666774829052;0.23418351532994242;0.6209152367643733;1.1442367085746254;0.734293048218707;0.29934212806831684;0.4082135744048922;;1.245682212702124;4.806910414378862e-06;21.74802949976777;0.18666666666666668;0.3091836613695092;0.25175
5.426861197259763;0.23832760803818495;0.7658414786180224;1.0652668432603642;0.7131395631384179;1.0;0.6155669145263137;;0.22814164276367813;4.806910414378862e-06;17.076037197840403;0.10416666666666667;0.22782970118010884;0.78975
6.988975471751942;0.017894418615573393;7.45815155978321;0.9977571850716679;5.473560050827348;0.8245883956988588;0.9900285323549848;;0.21989236824806133;4.806910414378862e-06;10.314693710381626;0.0008333333333333334;0.16829153581115316;0.8035
6.667184969527063;0.2097599527057192;0.6896395251560206;1.142058083083419;0.6838131108342815;0.9999999999999999;0.988122901735258;;0.43575848238040055;4.806910414378862e-06;22.66174836298357;0.0016666666666666668;0.10775237097653696;0.79825
6.66726012479427;0.18908692639164892;0.7311511640497775;1.0024019543472302;0.7818148073900094;0.34479937146794776;1.246606114172869;;0.35290026470150027;4.806910414378862e-06;24.193334521535487;0.022083333333333333;0.1960282192751021;0.79775
5.577884527504725;1.1779441079624835;0.7554427012311079;1.0151043971597589;0.8409737074581364;2.3696958617033232e-12;1.3997353595813282;;0.22074860326522724;4.806910414378862e-06;21.92634232988832;0.12041666666666667;0.22160351394051248;0.80225
5.903968897632322;0.013823165883132376;2.0313609765243728;0.9826540441192784;1.7944266283811185;0.0;1.003215198912453;;0.35789284456771236;4.806910414378862e-06;17.992545896484817;0.04125;0.17663051873656727;0.80925
6.440826374833582;;0.5;1.004759828790346;0.4465259836181915;0.0;0.6410553393531083;;0.04830088961846879;4.806910414378862e-06;12.77381941220707;0.03875;0.3126522432681606;0.79675
12.938513518291325;60.888888888874554;0.841604349367072;1.0643060483380762;1.0405767710417069;0.0;0.2771877932528311;;0.23954996031632098;4.806910414378862e-06;11.83531244009617;0.015;0.1399258204093422;0.241
5.281502622906638;0.07868114551585952;0.7959243409039305;0.9573869273003123;1.0310812884505436;2.381552179702234e-12;0.4135085263324896;;0.2674222866658957;4.806910414378862e-06;18.907247534873814;0.06791666666666667;0.2752049926305225;0.79725
6.4130690512800665;0.3412447555624627;0.9684353515377402;1.0142087325538034;1.2019792579918243;1.0000000000000002;0.6060567372407345;;0.40599718831912673;4.806910414378862e-06;15.323059060599542;0.16708333333333333;0.31036282919799024;0.8055
5.288011572003044;0.38362300580131925;0.7341244366237463;1.0626877260103604;0.6872074680492113;1.0;0.6152272920513092;;0.20208945027867392;4.806910414378862e-06;17.054730257609087;0.11291666666666667;0.23304034014512262;0.80175
7.583015634140576;0.0364572814081593;3.8916019223698437;1.0297604308603467;10.112911448505905;0.9116116521625133;0.9910567702143511;;0.4472092234956126;4.806910414378862e-06;10.609803252915558;0.0008333333333333334;0.15607728835513615;0.796
6.1258272381195615;0.014093941597631209;1.0946090966162474;1.158225493717414;0.8987171092436632;1.0;0.9961073901474237;;0.3981522744214461;4.806910414378862e-06;23.569826343594222;0.0016666666666666668;0.11012788495459576;0.7905
6.606254929264414;0.008700843450166003;0.7961105991263353;1.0238007866849042;0.8749355618138811;0.3352745007131357;1.4474917242454604;;0.2838674955460846;4.806910414378862e-06;31.2751858687578;0.006666666666666667;0.18116957315896298;0.7965
5.5680739454093455;0.02530972991924634;0.8855795175651171;0.9992657650500124;1.1469403203318644;0.3789441570788087;1.2041581741690761;;0.1766905750428383;4.806910414378862e-06;27.740354180971348;0.125;0.2262397307573358;0.80075
6.498009060020956;0.09973618315792805;1.3493689199543424;1.00962656710232;1.774533753526679;0.3894622788211379;0.8113530586683608;;0.7794001642154293;4.806910414378862e-06;21.812648634630946;0.01;0.15169025680779832;0.801
6.440826374833582;15.070408950617304;1.7267807115071587;1.006618418289592;5.526902067110962;0.7499999991874997;0.6414996495849927;;0.1449026688554061;4.806910414378862e-06;12.804307790431958;0.030416666666666668;0.3107921606062686;0.807
14.215240257634386;147.22222222208725;1.2824010980970142;0.976587025924821;1.7967490189896114;0.0;0.2808932541695816;;0.0849727288782135;4.806910414378862e-06;11.995444787085612;0.004583333333333333;0.12819370812837727;0.234
5.281502622906638;0.032305083742910606;0.9335325490215003;0.9639722697572154;1.0705871438228427;0.024977929988088912;0.4098562269995828;;0.29335568999171757;4.806910414378862e-06;19.1626887198697;0.0825;0.2853855576470905;0.80775
6.414223964997813;0.2407143320378566;0.646496974981464;1.1430701886104966;0.8246387923595287;0.31736176328531585;0.40870512462342573;;0.2511159314928289;4.806910414378862e-06;21.788043146639083;0.14875;0.2505674361345982;0.8125
5.288011572003044;0.0018822420099349863;0.742075054109095;1.1866039139409008;1.195304552173405;0.2086281120034033;0.41477994738625207;;0.2878341708234514;4.806910414378862e-06;22.291410280822397;0.1875;0.25410701012014186;0.791
6.968371324471903;4.606346441093992;1.166407599121462;0.9821057910294101;2.3745559535492755;0.7252788717534164;0.7955830639176615;;0.16797960618607788;4.806910414378862e-06;9.309886813560567;0.0020833333333333333;0.1634421396653804;0.80975
6.1258272381195615;0.002298835194031226;1.4056080225502314;1.3661169317520643;1.322946352683122;1.0;1.1751925862347823;;0.3834419475593271;4.806910414378862e-06;23.924337009981826;0.0004166666666666667;0.10833972810497046;0.79475
6.596444347169034;0.007245862481209832;0.9113213297080279;1.01008363966136;1.2376473994695247;0.48149809920533065;1.2657621070736222;;0.2594608661576905;4.806910414378862e-06;25.678938806615122;0.0075;0.17691680415431627;0.7985
5.026716214001844;0.01917278728612547;0.8596615700313156;0.9992392454603296;1.2064303585320781;0.3984504493618158;1.2042895920310148;;0.21989236824806155;4.806910414378862e-06;27.743061029218097;0.12375;0.21773120972940943;0.7975
6.498009060020956;0.37836378756076683;1.0102647302918752;0.9950226475286321;1.4448539669977414;0.5797341595049273;0.8102735664188175;;0.5415857523024115;4.806910414378862e-06;21.725344631604283;0.017916666666666668;0.16225670930493552;0.7945
6.440826374833582;0.0;3.0;1.0051349148360391;1.9911344823179962;0.0;0.6411573247937271;;0.09660177923693752;4.806910414378862e-06;12.780274695005101;0.03375;0.3116363961579116;0.79225
14.215240257634386;3680.555555553203;0.8925720039396177;0.9742067975671679;1.0691795443239105;0.0;0.28107807630812665;;0.056648485918803615;4.806910414378862e-06;12.005135963273164;0.0033333333333333335;0.12602382737195972;0.24325
5.293618909222695;0.011627902975211863;0.882911889209452;0.9977962578578795;1.7442160395985054;0.46813844622422995;0.7996702335878918;;0.35209195880191274;4.806910414378862e-06;7.442205100129963;0.08291666666666667;0.25560804136907456;0.79875
6.549660590054835;0.4635857774688234;0.6531364346442224;1.0993106381794926;0.8730403892435123;0.26477820866386115;0.40569280206906416;;0.24345220026920544;4.806910414378862e-06;21.248002740401336;0.16083333333333333;0.26273003511407206;0.80125
5.43897748357582;120.98765432097882;0.6574319374147818;0.9934519965958447;0.7242284422956717;0.0;1.0018857262590786;;0.2131485057655136;4.806910414378862e-06;18.414553174167782;0.11416666666666667;0.20530957791782084;0.81175
6.968371324471903;105.55555555554098;1.3994417682064972;0.986417188613296;1.4742020807964153;0.10557280877825984;0.7951067265888402;;0.09660177923693736;4.806910414378862e-06;9.169285153932007;0.0025;0.16540008599415768;0.8145
6.061206390687776;0.02866545060766211;0.7025181561099312;1.3681623971878878;0.7591885162512308;1.0;1.1611375139845352;;0.24409828263670125;4.806910414378862e-06;22.063923356175486;0.002916666666666667;0.10916408100153019;0.8115
6.7318809722260555;0.020190612341621696;0.8693156966529226;0.988858616366308;1.3432955908210604;0.7494026275816027;1.0894262108227848;;0.3759869393031919;4.806910414378862e-06;18.570344990029078;0.010416666666666666;0.17622977605957302;0.80275
5.036526796097224;0.016730096287003143;1.3868094525302141;1.015101919574553;1.310295492615531;0.030439294501823123;1.3978433813553328;;0.24951270094648312;4.806910414378862e-06;21.643642279555145;0.12458333333333334;0.20484642162698916;0.813
5.885283937002609;1.309688581315044;1.1762955998139297;0.9843403519222189;1.4231060125088026;0.0;0.6170030092412826;;0.3392905594001436;4.806910414378862e-06;13.840582453410356;0.025833333333333333;0.18113072241715888;0.795
6.440826374833582;;0.5;1.004759828790346;0.4834695078682216;0.0;0.6410553393531083;;0.04830088961846879;4.806910414378862e-06;12.77381941220707;0.05875;0.3129998823353131;0.807
14.194853271551112;555.5555555550501;1.1213203435597503;0.9840787855744472;1.1136248172599665;0.0;0.2786527162139734;;0.05664848591881971;4.806910414378862e-06;11.896615778072242;0.0075;0.08961142822735509;0.24725
5.822860354314139;0.0010374256302468096;1.536284321735586;0.9835580065258549;1.3487976710321234;0.726654899924781;0.6019523953876363;;0.5053370820192041;4.806910414378862e-06;11.459252694131298;0.1425;0.2840366158778828;0.80275
6.549660590054835;0.08210859613087947;0.8957308327040087;1.0448535660370935;1.0157725127185133;0.20943058496605477;0.4037704110152171;;0.27646245515417994;4.806910414378862e-06;20.746602356650875;0.17583333333333334;0.26766845668536016;0.803
5.575569022350587;0.2505975922069791;0.8293358970653452;0.9958663731565217;1.1268619968896432;0.04199280912389099;0.8020914539978837;;0.23591324968645042;4.806910414378862e-06;12.242799474573717;0.10166666666666667;0.21531111844794745;0.80475
6.968371324471903;0.25628962853123444;1.1583941722836246;1.0206191544208358;2.2641264782352937;0.48256927623447543;0.601893694680519;;0.14893805524272552;4.806910414378862e-06;16.210011701806245;0.004166666666666667;0.16405719179387976;0.8065
6.061206390687776;0.014347810282959105;0.6088765823790211;1.0664754979209479;0.9040612937328482;0.8209478408780201;0.795920304670888;;0.23591324968645028;4.806910414378862e-06;24.7929771077858;0.007916666666666667;0.11090443316221127;0.80175
6.613784640548103;0.004107350086534635;1.3338656284150723;0.9888586163663089;1.399943554725514;0.7138125157512029;1.081176671113508;;0.7353046110134716;4.806910414378862e-06;17.713011279967436;0.019166666666666665;0.185289160197191;0.80675
5.175376421353944;0.03993846026753216;2.24588950570234;0.9744381735047103;1.6030311647074909;0.2018378089766188;1.291331403403807;;0.22058135361769374;4.806910414378862e-06;12.2059471513762;0.10458333333333333;0.18444195634708954;0.80175
6.020720562059631;0.027580292010230212;1.0176139785277307;0.9986655991250932;1.769512388217135;0.9193061520038632;0.4280253811500601;;0.17894642228385466;4.806910414378862e-06;10.58927976480574;0.03166666666666667;0.2049693927195009;0.8045
6.440826374833582;10000.00000000001;1.2500000000000018;1.004483355897727;1.1880599304994377;4.999999975000007e-10;0.6409594202896303;;0.048300889618468734;4.806910414378862e-06;12.76814408876907;0.04791666666666667;0.31365164432606396;0.80125
