number_sta,lat,lon,date,dd,ff,precip,hu,t,heure,minute,seconde,heure_complete
7187001,44.61,4.24,2016-01-01 00:00:00,310.0,3.5,0.0,98.0,278.95,0,0,0,0 days 00:00:00
15122002,44.73,2.17,2016-01-01 00:00:00,320.0,1.3,0.0,97.0,276.35,0,0,0,0 days 00:00:00
19164001,45.7,2.06,2016-01-01 00:00:00,0.0,0.0,0.0,100.0,274.55,0,0,0,0 days 00:00:00
26321003,44.55,5.28,2016-01-01 00:00:00,0.0,0.0,0.0,98.0,279.45,0,0,0,0 days 00:00:00
34209002,43.32,3.35,2016-01-01 00:00:00,340.0,1.2,0.0,95.0,282.95,0,0,0,0 days 00:00:00
38191002,45.09,6.09,2016-01-01 00:00:00,360.0,2.4,0.0,91.0,273.95,0,0,0,0 days 00:00:00
38548001,45.08,5.56,2016-01-01 00:00:00,80.0,0.8,0.0,99.0,277.05,0,0,0,0 days 00:00:00
74042003,46.07,6.38,2016-01-01 00:00:00,260.0,0.5,0.0,98.0,279.55,0,0,0,0 days 00:00:00
83148002,43.39,6.53,2016-01-01 00:00:00,40.0,1.6,0.0,83.0,280.95,0,0,0,0 days 00:00:00
84025001,43.88,5.16,2016-01-01 00:00:00,0.0,0.0,0.0,98.0,281.55,0,0,0,0 days 00:00:00
7187001,44.61,4.24,2016-01-01 00:06:00,310.0,3.4,0.0,97.0,279.05,0,6,0,0 days 00:06:00
15122002,44.73,2.17,2016-01-01 00:06:00,350.0,2.1,0.0,98.0,277.25,0,6,0,0 days 00:06:00
19164001,45.7,2.06,2016-01-01 00:06:00,70.0,0.8,0.0,100.0,274.55,0,6,0,0 days 00:06:00
26321003,44.55,5.28,2016-01-01 00:06:00,0.0,0.0,0.0,97.0,279.45,0,6,0,0 days 00:06:00
34209002,43.32,3.35,2016-01-01 00:06:00,330.0,2.1,0.0,95.0,283.05,0,6,0,0 days 00:06:00
38191002,45.09,6.09,2016-01-01 00:06:00,360.0,2.4,0.0,90.0,273.95,0,6,0,0 days 00:06:00
38548001,45.08,5.56,2016-01-01 00:06:00,50.0,0.8,0.0,99.0,277.05,0,6,0,0 days 00:06:00
74042003,46.07,6.38,2016-01-01 00:06:00,230.0,0.6,0.2,98.0,279.55,0,6,0,0 days 00:06:00
83148002,43.39,6.53,2016-01-01 00:06:00,30.0,2.1,0.0,83.0,281.15,0,6,0,0 days 00:06:00
84025001,43.88,5.16,2016-01-01 00:06:00,0.0,0.0,0.0,98.0,281.55,0,6,0,0 days 00:06:00
7187001,44.61,4.24,2016-01-01 00:12:00,310.0,2.8,0.0,97.0,278.95,0,12,0,0 days 00:12:00
15122002,44.73,2.17,2016-01-01 00:12:00,360.0,2.5,0.0,98.0,277.45,0,12,0,0 days 00:12:00
19164001,45.7,2.06,2016-01-01 00:12:00,80.0,0.7,0.0,100.0,274.45,0,12,0,0 days 00:12:00
26321003,44.55,5.28,2016-01-01 00:12:00,0.0,0.0,0.0,99.0,279.45,0,12,0,0 days 00:12:00
34209002,43.32,3.35,2016-01-01 00:12:00,320.0,2.3,0.0,96.0,283.25,0,12,0,0 days 00:12:00
38191002,45.09,6.09,2016-01-01 00:12:00,350.0,2.5,0.0,90.0,274.05,0,12,0,0 days 00:12:00
38548001,45.08,5.56,2016-01-01 00:12:00,40.0,0.9,0.0,99.0,277.05,0,12,0,0 days 00:12:00
74042003,46.07,6.38,2016-01-01 00:12:00,0.0,0.0,0.0,99.0,279.55,0,12,0,0 days 00:12:00
83148002,43.39,6.53,2016-01-01 00:12:00,30.0,1.9,0.0,82.0,281.15,0,12,0,0 days 00:12:00
84025001,43.88,5.16,2016-01-01 00:12:00,0.0,0.0,0.0,98.0,281.55,0,12,0,0 days 00:12:00
7187001,44.61,4.24,2016-01-01 00:18:00,310.0,2.6,0.0,96.0,278.95,0,18,0,0 days 00:18:00
15122002,44.73,2.17,2016-01-01 00:18:00,10.0,2.5,0.0,97.0,277.45,0,18,0,0 days 00:18:00
19164001,45.7,2.06,2016-01-01 00:18:00,130.0,1.0,0.0,100.0,274.15,0,18,0,0 days 00:18:00
26321003,44.55,5.28,2016-01-01 00:18:00,0.0,0.0,0.0,98.0,279.45,0,18,0,0 days 00:18:00
34209002,43.32,3.35,2016-01-01 00:18:00,320.0,2.1,0.0,96.0,283.45,0,18,0,0 days 00:18:00
38191002,45.09,6.09,2016-01-01 00:18:00,360.0,2.6,0.0,90.0,274.05,0,18,0,0 days 00:18:00
38548001,45.08,5.56,2016-01-01 00:18:00,40.0,0.9,0.0,99.0,277.05,0,18,0,0 days 00:18:00
74042003,46.07,6.38,2016-01-01 00:18:00,0.0,0.0,0.2,99.0,279.55,0,18,0,0 days 00:18:00
83148002,43.39,6.53,2016-01-01 00:18:00,30.0,1.6,0.0,82.0,281.15,0,18,0,0 days 00:18:00
84025001,43.88,5.16,2016-01-01 00:18:00,0.0,0.0,0.0,98.0,281.55,0,18,0,0 days 00:18:00
7187001,44.61,4.24,2016-01-01 00:24:00,330.0,2.5,0.0,97.0,278.85,0,24,0,0 days 00:24:00
15122002,44.73,2.17,2016-01-01 00:24:00,70.0,1.7,0.0,97.0,276.75,0,24,0,0 days 00:24:00
19164001,45.7,2.06,2016-01-01 00:24:00,120.0,1.2,0.0,100.0,274.05,0,24,0,0 days 00:24:00
26321003,44.55,5.28,2016-01-01 00:24:00,0.0,0.0,0.0,97.0,279.45,0,24,0,0 days 00:24:00
34209002,43.32,3.35,2016-01-01 00:24:00,320.0,1.8,0.0,96.0,283.45,0,24,0,0 days 00:24:00
38191002,45.09,6.09,2016-01-01 00:24:00,360.0,2.6,0.0,90.0,274.05,0,24,0,0 days 00:24:00
38548001,45.08,5.56,2016-01-01 00:24:00,40.0,0.8,0.0,99.0,277.05,0,24,0,0 days 00:24:00
74042003,46.07,6.38,2016-01-01 00:24:00,70.0,1.0,0.2,98.0,279.45,0,24,0,0 days 00:24:00
83148002,43.39,6.53,2016-01-01 00:24:00,30.0,1.8,0.0,82.0,281.15,0,24,0,0 days 00:24:00
84025001,43.88,5.16,2016-01-01 00:24:00,0.0,0.0,0.0,98.0,281.55,0,24,0,0 days 00:24:00
7187001,44.61,4.24,2016-01-01 00:30:00,330.0,2.1,0.0,97.0,278.65,0,30,0,0 days 00:30:00
15122002,44.73,2.17,2016-01-01 00:30:00,80.0,1.3,0.0,97.0,276.75,0,30,0,0 days 00:30:00
19164001,45.7,2.06,2016-01-01 00:30:00,90.0,1.5,0.0,100.0,273.95,0,30,0,0 days 00:30:00
26321003,44.55,5.28,2016-01-01 00:30:00,0.0,0.0,0.0,98.0,279.45,0,30,0,0 days 00:30:00
34209002,43.32,3.35,2016-01-01 00:30:00,310.0,1.3,0.0,96.0,283.45,0,30,0,0 days 00:30:00
38191002,45.09,6.09,2016-01-01 00:30:00,350.0,2.2,0.0,90.0,274.05,0,30,0,0 days 00:30:00
38548001,45.08,5.56,2016-01-01 00:30:00,30.0,0.6,0.0,99.0,277.05,0,30,0,0 days 00:30:00
74042003,46.07,6.38,2016-01-01 00:30:00,90.0,1.3,0.0,98.0,279.45,0,30,0,0 days 00:30:00
83148002,43.39,6.53,2016-01-01 00:30:00,30.0,1.9,0.0,82.0,281.15,0,30,0,0 days 00:30:00
84025001,43.88,5.16,2016-01-01 00:30:00,0.0,0.0,0.0,98.0,281.45,0,30,0,0 days 00:30:00
7187001,44.61,4.24,2016-01-01 00:36:00,340.0,2.0,0.0,98.0,278.65,0,36,0,0 days 00:36:00
15122002,44.73,2.17,2016-01-01 00:36:00,40.0,1.0,0.0,97.0,276.85,0,36,0,0 days 00:36:00
19164001,45.7,2.06,2016-01-01 00:36:00,90.0,1.5,0.0,100.0,273.95,0,36,0,0 days 00:36:00
26321003,44.55,5.28,2016-01-01 00:36:00,0.0,0.0,0.0,98.0,279.45,0,36,0,0 days 00:36:00
34209002,43.32,3.35,2016-01-01 00:36:00,320.0,1.0,0.0,96.0,283.55,0,36,0,0 days 00:36:00
38191002,45.09,6.09,2016-01-01 00:36:00,340.0,1.8,0.0,89.0,274.05,0,36,0,0 days 00:36:00
38548001,45.08,5.56,2016-01-01 00:36:00,90.0,0.4,0.0,99.0,276.95,0,36,0,0 days 00:36:00
74042003,46.07,6.38,2016-01-01 00:36:00,70.0,0.8,0.0,99.0,279.45,0,36,0,0 days 00:36:00
83148002,43.39,6.53,2016-01-01 00:36:00,30.0,1.7,0.0,82.0,281.15,0,36,0,0 days 00:36:00
84025001,43.88,5.16,2016-01-01 00:36:00,0.0,0.0,0.0,98.0,281.45,0,36,0,0 days 00:36:00
7187001,44.61,4.24,2016-01-01 00:42:00,340.0,2.0,0.0,97.0,278.75,0,42,0,0 days 00:42:00
15122002,44.73,2.17,2016-01-01 00:42:00,360.0,1.3,0.0,97.0,276.95,0,42,0,0 days 00:42:00
19164001,45.7,2.06,2016-01-01 00:42:00,110.0,1.3,0.0,100.0,273.95,0,42,0,0 days 00:42:00
26321003,44.55,5.28,2016-01-01 00:42:00,0.0,0.0,0.0,97.0,279.45,0,42,0,0 days 00:42:00
34209002,43.32,3.35,2016-01-01 00:42:00,340.0,0.7,0.0,96.0,283.55,0,42,0,0 days 00:42:00
38191002,45.09,6.09,2016-01-01 00:42:00,350.0,2.0,0.0,89.0,274.05,0,42,0,0 days 00:42:00
38548001,45.08,5.56,2016-01-01 00:42:00,140.0,0.4,0.0,99.0,277.05,0,42,0,0 days 00:42:00
74042003,46.07,6.38,2016-01-01 00:42:00,60.0,0.7,0.2,98.0,279.55,0,42,0,0 days 00:42:00
83148002,43.39,6.53,2016-01-01 00:42:00,30.0,1.1,0.0,82.0,281.05,0,42,0,0 days 00:42:00
84025001,43.88,5.16,2016-01-01 00:42:00,360.0,0.6,0.0,98.0,281.55,0,42,0,0 days 00:42:00
7187001,44.61,4.24,2016-01-01 00:48:00,340.0,2.4,0.0,97.0,278.65,0,48,0,0 days 00:48:00
15122002,44.73,2.17,2016-01-01 00:48:00,10.0,1.0,0.0,97.0,276.75,0,48,0,0 days 00:48:00
19164001,45.7,2.06,2016-01-01 00:48:00,120.0,1.3,0.0,100.0,273.95,0,48,0,0 days 00:48:00
26321003,44.55,5.28,2016-01-01 00:48:00,0.0,0.0,0.0,98.0,279.45,0,48,0,0 days 00:48:00
34209002,43.32,3.35,2016-01-01 00:48:00,0.0,0.0,0.0,96.0,283.55,0,48,0,0 days 00:48:00
38191002,45.09,6.09,2016-01-01 00:48:00,360.0,2.0,0.0,88.0,274.15,0,48,0,0 days 00:48:00
38548001,45.08,5.56,2016-01-01 00:48:00,180.0,0.3,0.0,99.0,277.05,0,48,0,0 days 00:48:00
74042003,46.07,6.38,2016-01-01 00:48:00,120.0,0.7,0.0,99.0,279.55,0,48,0,0 days 00:48:00
83148002,43.39,6.53,2016-01-01 00:48:00,40.0,0.6,0.0,85.0,280.95,0,48,0,0 days 00:48:00
84025001,43.88,5.16,2016-01-01 00:48:00,360.0,0.6,0.0,98.0,281.45,0,48,0,0 days 00:48:00
7187001,44.61,4.24,2016-01-01 00:54:00,340.0,3.1,0.0,97.0,278.65,0,54,0,0 days 00:54:00
15122002,44.73,2.17,2016-01-01 00:54:00,40.0,0.7,0.0,97.0,276.75,0,54,0,0 days 00:54:00
19164001,45.7,2.06,2016-01-01 00:54:00,110.0,1.2,0.0,100.0,273.95,0,54,0,0 days 00:54:00
26321003,44.55,5.28,2016-01-01 00:54:00,0.0,0.0,0.0,97.0,279.45,0,54,0,0 days 00:54:00
34209002,43.32,3.35,2016-01-01 00:54:00,0.0,0.0,0.0,96.0,283.45,0,54,0,0 days 00:54:00
38191002,45.09,6.09,2016-01-01 00:54:00,360.0,2.2,0.0,88.0,274.15,0,54,0,0 days 00:54:00
38548001,45.08,5.56,2016-01-01 00:54:00,160.0,0.2,0.0,99.0,277.05,0,54,0,0 days 00:54:00
74042003,46.07,6.38,2016-01-01 00:54:00,150.0,0.8,0.0,99.0,279.65,0,54,0,0 days 00:54:00
83148002,43.39,6.53,2016-01-01 00:54:00,0.0,0.0,0.0,85.0,280.85,0,54,0,0 days 00:54:00
84025001,43.88,5.16,2016-01-01 00:54:00,360.0,0.6,0.0,98.0,281.55,0,54,0,0 days 00:54:00
7187001,44.61,4.24,2016-01-01 01:00:00,340.0,3.3,0.0,97.0,278.45,1,0,0,0 days 01:00:00
15122002,44.73,2.17,2016-01-01 01:00:00,60.0,0.9,0.0,97.0,276.35,1,0,0,0 days 01:00:00
19164001,45.7,2.06,2016-01-01 01:00:00,110.0,1.4,0.0,100.0,273.95,1,0,0,0 days 01:00:00
26321003,44.55,5.28,2016-01-01 01:00:00,0.0,0.0,0.0,98.0,279.45,1,0,0,0 days 01:00:00
34209002,43.32,3.35,2016-01-01 01:00:00,0.0,0.0,0.0,96.0,283.45,1,0,0,0 days 01:00:00
38191002,45.09,6.09,2016-01-01 01:00:00,350.0,2.0,0.0,87.0,274.15,1,0,0,0 days 01:00:00
38548001,45.08,5.56,2016-01-01 01:00:00,50.0,0.5,0.0,98.0,276.95,1,0,0,0 days 01:00:00
74042003,46.07,6.38,2016-01-01 01:00:00,140.0,0.5,0.0,99.0,279.55,1,0,0,0 days 01:00:00
83148002,43.39,6.53,2016-01-01 01:00:00,0.0,0.0,0.0,85.0,280.65,1,0,0,0 days 01:00:00
84025001,43.88,5.16,2016-01-01 01:00:00,0.0,0.0,0.0,98.0,281.55,1,0,0,0 days 01:00:00
7187001,44.61,4.24,2016-01-01 01:06:00,330.0,3.2,0.0,97.0,278.45,1,6,0,0 days 01:06:00
15122002,44.73,2.17,2016-01-01 01:06:00,70.0,1.4,0.0,97.0,276.55,1,6,0,0 days 01:06:00
19164001,45.7,2.06,2016-01-01 01:06:00,110.0,1.6,0.0,100.0,274.15,1,6,0,0 days 01:06:00
26321003,44.55,5.28,2016-01-01 01:06:00,0.0,0.0,0.0,98.0,279.45,1,6,0,0 days 01:06:00
34209002,43.32,3.35,2016-01-01 01:06:00,190.0,0.5,0.0,95.0,283.55,1,6,0,0 days 01:06:00
38191002,45.09,6.09,2016-01-01 01:06:00,340.0,1.4,0.0,87.0,274.15,1,6,0,0 days 01:06:00
38548001,45.08,5.56,2016-01-01 01:06:00,10.0,0.9,0.0,98.0,276.75,1,6,0,0 days 01:06:00
74042003,46.07,6.38,2016-01-01 01:06:00,0.0,0.0,0.0,99.0,279.55,1,6,0,0 days 01:06:00
83148002,43.39,6.53,2016-01-01 01:06:00,0.0,0.0,0.0,87.0,280.55,1,6,0,0 days 01:06:00
84025001,43.88,5.16,2016-01-01 01:06:00,0.0,0.0,0.0,98.0,281.65,1,6,0,0 days 01:06:00
7187001,44.61,4.24,2016-01-01 01:12:00,330.0,3.0,0.0,96.0,278.65,1,12,0,0 days 01:12:00
15122002,44.73,2.17,2016-01-01 01:12:00,50.0,1.1,0.0,97.0,276.55,1,12,0,0 days 01:12:00
19164001,45.7,2.06,2016-01-01 01:12:00,120.0,1.6,0.0,100.0,273.95,1,12,0,0 days 01:12:00
26321003,44.55,5.28,2016-01-01 01:12:00,0.0,0.0,0.0,97.0,279.45,1,12,0,0 days 01:12:00
34209002,43.32,3.35,2016-01-01 01:12:00,230.0,0.8,0.0,95.0,283.55,1,12,0,0 days 01:12:00
38191002,45.09,6.09,2016-01-01 01:12:00,320.0,1.3,0.0,87.0,274.15,1,12,0,0 days 01:12:00
38548001,45.08,5.56,2016-01-01 01:12:00,20.0,1.2,0.0,98.0,276.65,1,12,0,0 days 01:12:00
74042003,46.07,6.38,2016-01-01 01:12:00,340.0,0.5,0.0,99.0,279.55,1,12,0,0 days 01:12:00
83148002,43.39,6.53,2016-01-01 01:12:00,0.0,0.0,0.0,86.0,280.65,1,12,0,0 days 01:12:00
84025001,43.88,5.16,2016-01-01 01:12:00,0.0,0.0,0.0,98.0,281.65,1,12,0,0 days 01:12:00
7187001,44.61,4.24,2016-01-01 01:18:00,340.0,2.8,0.0,96.0,278.75,1,18,0,0 days 01:18:00
15122002,44.73,2.17,2016-01-01 01:18:00,30.0,0.9,0.0,98.0,276.65,1,18,0,0 days 01:18:00
19164001,45.7,2.06,2016-01-01 01:18:00,120.0,2.0,0.0,100.0,273.95,1,18,0,0 days 01:18:00
26321003,44.55,5.28,2016-01-01 01:18:00,0.0,0.0,0.0,98.0,279.45,1,18,0,0 days 01:18:00
34209002,43.32,3.35,2016-01-01 01:18:00,240.0,0.8,0.0,95.0,283.55,1,18,0,0 days 01:18:00
38191002,45.09,6.09,2016-01-01 01:18:00,310.0,1.2,0.0,88.0,274.05,1,18,0,0 days 01:18:00
38548001,45.08,5.56,2016-01-01 01:18:00,20.0,1.4,0.0,99.0,276.75,1,18,0,0 days 01:18:00
74042003,46.07,6.38,2016-01-01 01:18:00,0.0,0.0,0.0,99.0,279.55,1,18,0,0 days 01:18:00
83148002,43.39,6.53,2016-01-01 01:18:00,0.0,0.0,0.0,88.0,280.45,1,18,0,0 days 01:18:00
84025001,43.88,5.16,2016-01-01 01:18:00,0.0,0.0,0.0,98.0,281.55,1,18,0,0 days 01:18:00
7187001,44.61,4.24,2016-01-01 01:24:00,340.0,2.7,0.0,95.0,278.95,1,24,0,0 days 01:24:00
15122002,44.73,2.17,2016-01-01 01:24:00,30.0,1.1,0.0,97.0,276.75,1,24,0,0 days 01:24:00
19164001,45.7,2.06,2016-01-01 01:24:00,120.0,2.0,0.0,100.0,273.75,1,24,0,0 days 01:24:00
26321003,44.55,5.28,2016-01-01 01:24:00,0.0,0.0,0.0,97.0,279.45,1,24,0,0 days 01:24:00
34209002,43.32,3.35,2016-01-01 01:24:00,260.0,0.6,0.0,95.0,283.55,1,24,0,0 days 01:24:00
38191002,45.09,6.09,2016-01-01 01:24:00,320.0,1.3,0.0,86.0,274.05,1,24,0,0 days 01:24:00
38548001,45.08,5.56,2016-01-01 01:24:00,20.0,1.4,0.0,99.0,276.85,1,24,0,0 days 01:24:00
74042003,46.07,6.38,2016-01-01 01:24:00,0.0,0.0,0.0,99.0,279.55,1,24,0,0 days 01:24:00
83148002,43.39,6.53,2016-01-01 01:24:00,0.0,0.0,0.0,89.0,280.35,1,24,0,0 days 01:24:00
84025001,43.88,5.16,2016-01-01 01:24:00,0.0,0.0,0.0,98.0,281.65,1,24,0,0 days 01:24:00
7187001,44.61,4.24,2016-01-01 01:30:00,340.0,2.7,0.0,95.0,278.95,1,30,0,0 days 01:30:00
15122002,44.73,2.17,2016-01-01 01:30:00,40.0,1.9,0.0,97.0,276.75,1,30,0,0 days 01:30:00
19164001,45.7,2.06,2016-01-01 01:30:00,120.0,2.1,0.0,100.0,273.65,1,30,0,0 days 01:30:00
26321003,44.55,5.28,2016-01-01 01:30:00,0.0,0.0,0.0,98.0,279.55,1,30,0,0 days 01:30:00
34209002,43.32,3.35,2016-01-01 01:30:00,260.0,0.7,0.0,95.0,283.55,1,30,0,0 days 01:30:00
38191002,45.09,6.09,2016-01-01 01:30:00,330.0,1.3,0.0,86.0,274.05,1,30,0,0 days 01:30:00
38548001,45.08,5.56,2016-01-01 01:30:00,20.0,1.4,0.0,99.0,276.85,1,30,0,0 days 01:30:00
74042003,46.07,6.38,2016-01-01 01:30:00,0.0,0.0,0.0,99.0,279.55,1,30,0,0 days 01:30:00
83148002,43.39,6.53,2016-01-01 01:30:00,60.0,0.6,0.0,88.0,280.45,1,30,0,0 days 01:30:00
84025001,43.88,5.16,2016-01-01 01:30:00,0.0,0.0,0.0,98.0,281.55,1,30,0,0 days 01:30:00
7187001,44.61,4.24,2016-01-01 01:36:00,340.0,2.6,0.0,94.0,278.95,1,36,0,0 days 01:36:00
15122002,44.73,2.17,2016-01-01 01:36:00,20.0,2.3,0.0,97.0,276.55,1,36,0,0 days 01:36:00
19164001,45.7,2.06,2016-01-01 01:36:00,120.0,2.1,0.0,100.0,273.75,1,36,0,0 days 01:36:00
26321003,44.55,5.28,2016-01-01 01:36:00,0.0,0.0,0.0,98.0,279.55,1,36,0,0 days 01:36:00
34209002,43.32,3.35,2016-01-01 01:36:00,230.0,0.8,0.0,95.0,283.55,1,36,0,0 days 01:36:00
38191002,45.09,6.09,2016-01-01 01:36:00,340.0,1.6,0.0,87.0,274.05,1,36,0,0 days 01:36:00
38548001,45.08,5.56,2016-01-01 01:36:00,20.0,1.3,0.0,99.0,276.95,1,36,0,0 days 01:36:00
74042003,46.07,6.38,2016-01-01 01:36:00,0.0,0.0,0.0,99.0,279.55,1,36,0,0 days 01:36:00
83148002,43.39,6.53,2016-01-01 01:36:00,50.0,1.5,0.0,86.0,280.65,1,36,0,0 days 01:36:00
84025001,43.88,5.16,2016-01-01 01:36:00,0.0,0.0,0.0,98.0,281.55,1,36,0,0 days 01:36:00
7187001,44.61,4.24,2016-01-01 01:42:00,340.0,2.6,0.0,93.0,279.05,1,42,0,0 days 01:42:00
15122002,44.73,2.17,2016-01-01 01:42:00,20.0,2.1,0.0,97.0,276.55,1,42,0,0 days 01:42:00
19164001,45.7,2.06,2016-01-01 01:42:00,110.0,1.8,0.0,100.0,273.75,1,42,0,0 days 01:42:00
26321003,44.55,5.28,2016-01-01 01:42:00,0.0,0.0,0.0,98.0,279.55,1,42,0,0 days 01:42:00
34209002,43.32,3.35,2016-01-01 01:42:00,230.0,0.9,0.0,95.0,283.55,1,42,0,0 days 01:42:00
38191002,45.09,6.09,2016-01-01 01:42:00,360.0,2.2,0.0,86.0,273.95,1,42,0,0 days 01:42:00
38548001,45.08,5.56,2016-01-01 01:42:00,30.0,1.2,0.0,99.0,276.85,1,42,0,0 days 01:42:00
74042003,46.07,6.38,2016-01-01 01:42:00,0.0,0.0,0.0,99.0,279.55,1,42,0,0 days 01:42:00
83148002,43.39,6.53,2016-01-01 01:42:00,30.0,2.3,0.0,85.0,280.85,1,42,0,0 days 01:42:00
84025001,43.88,5.16,2016-01-01 01:42:00,0.0,0.0,0.0,99.0,281.55,1,42,0,0 days 01:42:00
7187001,44.61,4.24,2016-01-01 01:48:00,330.0,2.6,0.0,93.0,278.95,1,48,0,0 days 01:48:00
15122002,44.73,2.17,2016-01-01 01:48:00,10.0,2.3,0.0,97.0,276.45,1,48,0,0 days 01:48:00
19164001,45.7,2.06,2016-01-01 01:48:00,100.0,2.0,0.0,100.0,273.85,1,48,0,0 days 01:48:00
26321003,44.55,5.28,2016-01-01 01:48:00,0.0,0.0,0.0,96.0,279.45,1,48,0,0 days 01:48:00
34209002,43.32,3.35,2016-01-01 01:48:00,240.0,0.7,0.0,95.0,283.55,1,48,0,0 days 01:48:00
38191002,45.09,6.09,2016-01-01 01:48:00,350.0,2.0,0.0,85.0,273.95,1,48,0,0 days 01:48:00
38548001,45.08,5.56,2016-01-01 01:48:00,200.0,1.0,0.4,99.0,276.85,1,48,0,0 days 01:48:00
74042003,46.07,6.38,2016-01-01 01:48:00,330.0,0.8,0.0,99.0,279.65,1,48,0,0 days 01:48:00
83148002,43.39,6.53,2016-01-01 01:48:00,20.0,2.9,0.0,83.0,281.05,1,48,0,0 days 01:48:00
84025001,43.88,5.16,2016-01-01 01:48:00,0.0,0.0,0.0,99.0,281.55,1,48,0,0 days 01:48:00
7187001,44.61,4.24,2016-01-01 01:54:00,330.0,2.7,0.0,94.0,278.95,1,54,0,0 days 01:54:00
15122002,44.73,2.17,2016-01-01 01:54:00,10.0,2.6,0.0,97.0,276.35,1,54,0,0 days 01:54:00
19164001,45.7,2.06,2016-01-01 01:54:00,110.0,2.2,0.0,100.0,274.05,1,54,0,0 days 01:54:00
26321003,44.55,5.28,2016-01-01 01:54:00,0.0,0.0,0.0,97.0,279.45,1,54,0,0 days 01:54:00
34209002,43.32,3.35,2016-01-01 01:54:00,0.0,0.0,0.0,95.0,283.55,1,54,0,0 days 01:54:00
38191002,45.09,6.09,2016-01-01 01:54:00,330.0,1.5,0.0,85.0,273.95,1,54,0,0 days 01:54:00
38548001,45.08,5.56,2016-01-01 01:54:00,130.0,1.0,0.2,99.0,276.95,1,54,0,0 days 01:54:00
74042003,46.07,6.38,2016-01-01 01:54:00,300.0,0.5,0.0,99.0,279.55,1,54,0,0 days 01:54:00
83148002,43.39,6.53,2016-01-01 01:54:00,360.0,2.5,0.0,83.0,281.05,1,54,0,0 days 01:54:00
84025001,43.88,5.16,2016-01-01 01:54:00,0.0,0.0,0.0,99.0,281.55,1,54,0,0 days 01:54:00
7187001,44.61,4.24,2016-01-01 02:00:00,340.0,2.6,0.0,93.0,279.05,2,0,0,0 days 02:00:00
15122002,44.73,2.17,2016-01-01 02:00:00,360.0,2.3,0.0,97.0,276.15,2,0,0,0 days 02:00:00
19164001,45.7,2.06,2016-01-01 02:00:00,110.0,2.2,0.0,100.0,274.15,2,0,0,0 days 02:00:00
26321003,44.55,5.28,2016-01-01 02:00:00,30.0,0.7,0.0,97.0,279.45,2,0,0,0 days 02:00:00
34209002,43.32,3.35,2016-01-01 02:00:00,0.0,0.0,0.0,95.0,283.55,2,0,0,0 days 02:00:00
38191002,45.09,6.09,2016-01-01 02:00:00,330.0,1.0,0.0,86.0,273.95,2,0,0,0 days 02:00:00
38548001,45.08,5.56,2016-01-01 02:00:00,120.0,1.5,0.4,99.0,277.05,2,0,0,0 days 02:00:00
74042003,46.07,6.38,2016-01-01 02:00:00,250.0,0.6,0.0,99.0,279.55,2,0,0,0 days 02:00:00
83148002,43.39,6.53,2016-01-01 02:00:00,350.0,1.3,0.0,85.0,280.95,2,0,0,0 days 02:00:00
84025001,43.88,5.16,2016-01-01 02:00:00,0.0,0.0,0.0,98.0,281.55,2,0,0,0 days 02:00:00
7187001,44.61,4.24,2016-01-01 02:06:00,350.0,2.5,0.0,93.0,279.15,2,6,0,0 days 02:06:00
15122002,44.73,2.17,2016-01-01 02:06:00,10.0,2.2,0.0,98.0,276.25,2,6,0,0 days 02:06:00
19164001,45.7,2.06,2016-01-01 02:06:00,110.0,2.0,0.0,100.0,274.25,2,6,0,0 days 02:06:00
26321003,44.55,5.28,2016-01-01 02:06:00,40.0,1.0,0.0,97.0,279.45,2,6,0,0 days 02:06:00
34209002,43.32,3.35,2016-01-01 02:06:00,0.0,0.0,0.0,95.0,283.55,2,6,0,0 days 02:06:00
38191002,45.09,6.09,2016-01-01 02:06:00,280.0,0.6,0.0,90.0,273.85,2,6,0,0 days 02:06:00
38548001,45.08,5.56,2016-01-01 02:06:00,120.0,1.9,0.2,99.0,277.05,2,6,0,0 days 02:06:00
74042003,46.07,6.38,2016-01-01 02:06:00,230.0,1.1,0.0,99.0,279.55,2,6,0,0 days 02:06:00
83148002,43.39,6.53,2016-01-01 02:06:00,0.0,0.0,0.0,88.0,280.65,2,6,0,0 days 02:06:00
84025001,43.88,5.16,2016-01-01 02:06:00,0.0,0.0,0.0,98.0,281.55,2,6,0,0 days 02:06:00
7187001,44.61,4.24,2016-01-01 02:12:00,350.0,2.5,0.0,92.0,279.25,2,12,0,0 days 02:12:00
15122002,44.73,2.17,2016-01-01 02:12:00,30.0,2.7,0.0,98.0,276.25,2,12,0,0 days 02:12:00
19164001,45.7,2.06,2016-01-01 02:12:00,110.0,2.1,0.0,100.0,274.25,2,12,0,0 days 02:12:00
26321003,44.55,5.28,2016-01-01 02:12:00,30.0,1.0,0.0,98.0,279.45,2,12,0,0 days 02:12:00
34209002,43.32,3.35,2016-01-01 02:12:00,20.0,0.7,0.0,95.0,283.55,2,12,0,0 days 02:12:00
38191002,45.09,6.09,2016-01-01 02:12:00,210.0,0.6,0.0,91.0,273.75,2,12,0,0 days 02:12:00
38548001,45.08,5.56,2016-01-01 02:12:00,100.0,1.7,0.2,99.0,277.25,2,12,0,0 days 02:12:00
74042003,46.07,6.38,2016-01-01 02:12:00,220.0,1.4,0.0,99.0,279.65,2,12,0,0 days 02:12:00
83148002,43.39,6.53,2016-01-01 02:12:00,0.0,0.0,0.0,88.0,280.45,2,12,0,0 days 02:12:00
84025001,43.88,5.16,2016-01-01 02:12:00,0.0,0.0,0.0,99.0,281.45,2,12,0,0 days 02:12:00
7187001,44.61,4.24,2016-01-01 02:18:00,340.0,2.4,0.0,91.0,279.35,2,18,0,0 days 02:18:00
15122002,44.73,2.17,2016-01-01 02:18:00,10.0,2.4,0.0,98.0,276.25,2,18,0,0 days 02:18:00
19164001,45.7,2.06,2016-01-01 02:18:00,110.0,2.2,0.0,100.0,274.25,2,18,0,0 days 02:18:00
26321003,44.55,5.28,2016-01-01 02:18:00,20.0,0.9,0.0,98.0,279.45,2,18,0,0 days 02:18:00
34209002,43.32,3.35,2016-01-01 02:18:00,350.0,0.9,0.0,95.0,283.55,2,18,0,0 days 02:18:00
38191002,45.09,6.09,2016-01-01 02:18:00,220.0,1.1,0.0,93.0,273.65,2,18,0,0 days 02:18:00
38548001,45.08,5.56,2016-01-01 02:18:00,80.0,1.2,0.0,99.0,277.45,2,18,0,0 days 02:18:00
74042003,46.07,6.38,2016-01-01 02:18:00,220.0,1.5,0.0,99.0,279.75,2,18,0,0 days 02:18:00
83148002,43.39,6.53,2016-01-01 02:18:00,20.0,0.7,0.0,89.0,280.45,2,18,0,0 days 02:18:00
84025001,43.88,5.16,2016-01-01 02:18:00,100.0,0.5,0.0,99.0,281.45,2,18,0,0 days 02:18:00
7187001,44.61,4.24,2016-01-01 02:24:00,340.0,2.2,0.0,91.0,279.45,2,24,0,0 days 02:24:00
15122002,44.73,2.17,2016-01-01 02:24:00,10.0,1.8,0.0,98.0,276.25,2,24,0,0 days 02:24:00
19164001,45.7,2.06,2016-01-01 02:24:00,110.0,1.9,0.0,100.0,274.35,2,24,0,0 days 02:24:00
26321003,44.55,5.28,2016-01-01 02:24:00,40.0,0.5,0.0,98.0,279.45,2,24,0,0 days 02:24:00
34209002,43.32,3.35,2016-01-01 02:24:00,360.0,1.4,0.0,95.0,283.55,2,24,0,0 days 02:24:00
38191002,45.09,6.09,2016-01-01 02:24:00,230.0,1.0,0.0,93.0,273.55,2,24,0,0 days 02:24:00
38548001,45.08,5.56,2016-01-01 02:24:00,70.0,1.0,0.0,99.0,277.45,2,24,0,0 days 02:24:00
74042003,46.07,6.38,2016-01-01 02:24:00,240.0,1.2,0.0,99.0,279.75,2,24,0,0 days 02:24:00
83148002,43.39,6.53,2016-01-01 02:24:00,10.0,1.2,0.0,90.0,280.35,2,24,0,0 days 02:24:00
84025001,43.88,5.16,2016-01-01 02:24:00,0.0,0.0,0.0,98.0,281.45,2,24,0,0 days 02:24:00
7187001,44.61,4.24,2016-01-01 02:30:00,350.0,2.4,0.0,91.0,279.45,2,30,0,0 days 02:30:00
15122002,44.73,2.17,2016-01-01 02:30:00,10.0,1.8,0.0,98.0,276.35,2,30,0,0 days 02:30:00
19164001,45.7,2.06,2016-01-01 02:30:00,110.0,1.9,0.0,100.0,274.45,2,30,0,0 days 02:30:00
26321003,44.55,5.28,2016-01-01 02:30:00,0.0,0.0,0.0,98.0,279.55,2,30,0,0 days 02:30:00
34209002,43.32,3.35,2016-01-01 02:30:00,20.0,1.8,0.0,95.0,283.25,2,30,0,0 days 02:30:00
38191002,45.09,6.09,2016-01-01 02:30:00,220.0,0.6,0.0,94.0,273.45,2,30,0,0 days 02:30:00
38548001,45.08,5.56,2016-01-01 02:30:00,10.0,1.0,0.2,99.0,277.25,2,30,0,0 days 02:30:00
74042003,46.07,6.38,2016-01-01 02:30:00,260.0,0.9,0.0,99.0,279.85,2,30,0,0 days 02:30:00
83148002,43.39,6.53,2016-01-01 02:30:00,340.0,1.4,0.0,91.0,280.25,2,30,0,0 days 02:30:00
84025001,43.88,5.16,2016-01-01 02:30:00,0.0,0.0,0.0,98.0,281.35,2,30,0,0 days 02:30:00
7187001,44.61,4.24,2016-01-01 02:36:00,350.0,2.5,0.0,90.0,279.45,2,36,0,0 days 02:36:00
15122002,44.73,2.17,2016-01-01 02:36:00,20.0,2.7,0.0,98.0,276.35,2,36,0,0 days 02:36:00
19164001,45.7,2.06,2016-01-01 02:36:00,120.0,2.2,0.0,100.0,274.45,2,36,0,0 days 02:36:00
26321003,44.55,5.28,2016-01-01 02:36:00,70.0,0.5,0.0,97.0,279.55,2,36,0,0 days 02:36:00
34209002,43.32,3.35,2016-01-01 02:36:00,50.0,1.9,0.0,95.0,283.15,2,36,0,0 days 02:36:00
38191002,45.09,6.09,2016-01-01 02:36:00,150.0,0.9,0.0,93.0,273.25,2,36,0,0 days 02:36:00
38548001,45.08,5.56,2016-01-01 02:36:00,290.0,0.7,0.0,99.0,277.25,2,36,0,0 days 02:36:00
74042003,46.07,6.38,2016-01-01 02:36:00,280.0,0.6,0.0,99.0,279.75,2,36,0,0 days 02:36:00
83148002,43.39,6.53,2016-01-01 02:36:00,300.0,1.3,0.0,92.0,280.05,2,36,0,0 days 02:36:00
84025001,43.88,5.16,2016-01-01 02:36:00,260.0,0.5,0.0,98.0,281.15,2,36,0,0 days 02:36:00
7187001,44.61,4.24,2016-01-01 02:42:00,350.0,2.3,0.0,90.0,279.45,2,42,0,0 days 02:42:00
15122002,44.73,2.17,2016-01-01 02:42:00,10.0,3.6,0.0,98.0,276.65,2,42,0,0 days 02:42:00
19164001,45.7,2.06,2016-01-01 02:42:00,110.0,2.1,0.0,100.0,274.55,2,42,0,0 days 02:42:00
26321003,44.55,5.28,2016-01-01 02:42:00,80.0,0.7,0.0,98.0,279.55,2,42,0,0 days 02:42:00
34209002,43.32,3.35,2016-01-01 02:42:00,70.0,2.1,0.0,95.0,282.85,2,42,0,0 days 02:42:00
38191002,45.09,6.09,2016-01-01 02:42:00,100.0,1.4,0.0,94.0,272.95,2,42,0,0 days 02:42:00
38548001,45.08,5.56,2016-01-01 02:42:00,290.0,0.7,0.0,99.0,277.35,2,42,0,0 days 02:42:00
74042003,46.07,6.38,2016-01-01 02:42:00,0.0,0.0,0.0,99.0,279.75,2,42,0,0 days 02:42:00
83148002,43.39,6.53,2016-01-01 02:42:00,280.0,0.9,0.0,93.0,280.05,2,42,0,0 days 02:42:00
84025001,43.88,5.16,2016-01-01 02:42:00,280.0,1.1,0.0,98.0,281.25,2,42,0,0 days 02:42:00
7187001,44.61,4.24,2016-01-01 02:48:00,360.0,2.3,0.0,89.0,279.55,2,48,0,0 days 02:48:00
15122002,44.73,2.17,2016-01-01 02:48:00,360.0,4.0,0.0,98.0,276.75,2,48,0,0 days 02:48:00
19164001,45.7,2.06,2016-01-01 02:48:00,120.0,1.9,0.0,100.0,274.55,2,48,0,0 days 02:48:00
26321003,44.55,5.28,2016-01-01 02:48:00,70.0,0.6,0.0,97.0,279.55,2,48,0,0 days 02:48:00
34209002,43.32,3.35,2016-01-01 02:48:00,80.0,2.3,0.0,95.0,282.55,2,48,0,0 days 02:48:00
38191002,45.09,6.09,2016-01-01 02:48:00,100.0,1.2,0.0,94.0,272.85,2,48,0,0 days 02:48:00
38548001,45.08,5.56,2016-01-01 02:48:00,270.0,0.5,0.0,99.0,277.35,2,48,0,0 days 02:48:00
74042003,46.07,6.38,2016-01-01 02:48:00,0.0,0.0,0.0,99.0,279.65,2,48,0,0 days 02:48:00
83148002,43.39,6.53,2016-01-01 02:48:00,240.0,0.5,0.0,93.0,279.85,2,48,0,0 days 02:48:00
84025001,43.88,5.16,2016-01-01 02:48:00,310.0,0.9,0.0,98.0,281.15,2,48,0,0 days 02:48:00
7187001,44.61,4.24,2016-01-01 02:54:00,20.0,1.4,0.0,93.0,279.35,2,54,0,0 days 02:54:00
15122002,44.73,2.17,2016-01-01 02:54:00,360.0,4.0,0.0,97.0,276.75,2,54,0,0 days 02:54:00
19164001,45.7,2.06,2016-01-01 02:54:00,120.0,1.7,0.0,100.0,274.55,2,54,0,0 days 02:54:00
26321003,44.55,5.28,2016-01-01 02:54:00,0.0,0.0,0.0,98.0,279.55,2,54,0,0 days 02:54:00
34209002,43.32,3.35,2016-01-01 02:54:00,70.0,2.0,0.0,95.0,282.15,2,54,0,0 days 02:54:00
38191002,45.09,6.09,2016-01-01 02:54:00,60.0,0.9,0.0,95.0,272.85,2,54,0,0 days 02:54:00
38548001,45.08,5.56,2016-01-01 02:54:00,220.0,0.3,0.0,99.0,277.25,2,54,0,0 days 02:54:00
74042003,46.07,6.38,2016-01-01 02:54:00,0.0,0.0,0.0,99.0,279.65,2,54,0,0 days 02:54:00
83148002,43.39,6.53,2016-01-01 02:54:00,240.0,0.7,0.0,94.0,279.85,2,54,0,0 days 02:54:00
84025001,43.88,5.16,2016-01-01 02:54:00,350.0,0.6,0.0,99.0,281.25,2,54,0,0 days 02:54:00
7187001,44.61,4.24,2016-01-01 03:00:00,160.0,0.7,0.0,96.0,278.95,3,0,0,0 days 03:00:00
15122002,44.73,2.17,2016-01-01 03:00:00,10.0,3.6,0.0,97.0,276.95,3,0,0,0 days 03:00:00
19164001,45.7,2.06,2016-01-01 03:00:00,110.0,1.7,0.0,100.0,274.65,3,0,0,0 days 03:00:00
26321003,44.55,5.28,2016-01-01 03:00:00,0.0,0.0,0.0,97.0,279.55,3,0,0,0 days 03:00:00
34209002,43.32,3.35,2016-01-01 03:00:00,70.0,2.2,0.0,94.0,281.95,3,0,0,0 days 03:00:00
38191002,45.09,6.09,2016-01-01 03:00:00,310.0,0.9,0.0,94.0,273.05,3,0,0,0 days 03:00:00
38548001,45.08,5.56,2016-01-01 03:00:00,190.0,0.3,0.0,99.0,277.25,3,0,0,0 days 03:00:00
74042003,46.07,6.38,2016-01-01 03:00:00,100.0,0.5,0.0,99.0,279.55,3,0,0,0 days 03:00:00
83148002,43.39,6.53,2016-01-01 03:00:00,240.0,0.7,0.0,94.0,279.65,3,0,0,0 days 03:00:00
84025001,43.88,5.16,2016-01-01 03:00:00,0.0,0.0,0.0,99.0,281.25,3,0,0,0 days 03:00:00
7187001,44.61,4.24,2016-01-01 03:06:00,0.0,0.0,0.0,94.0,278.95,3,6,0,0 days 03:06:00
15122002,44.73,2.17,2016-01-01 03:06:00,10.0,3.3,0.0,97.0,276.75,3,6,0,0 days 03:06:00
19164001,45.7,2.06,2016-01-01 03:06:00,110.0,2.1,0.0,100.0,274.85,3,6,0,0 days 03:06:00
26321003,44.55,5.28,2016-01-01 03:06:00,0.0,0.0,0.0,97.0,279.55,3,6,0,0 days 03:06:00
34209002,43.32,3.35,2016-01-01 03:06:00,80.0,2.3,0.0,95.0,281.95,3,6,0,0 days 03:06:00
38191002,45.09,6.09,2016-01-01 03:06:00,320.0,0.7,0.0,95.0,272.95,3,6,0,0 days 03:06:00
38548001,45.08,5.56,2016-01-01 03:06:00,160.0,0.7,0.0,99.0,277.15,3,6,0,0 days 03:06:00
74042003,46.07,6.38,2016-01-01 03:06:00,0.0,0.0,0.0,99.0,279.65,3,6,0,0 days 03:06:00
83148002,43.39,6.53,2016-01-01 03:06:00,260.0,0.7,0.0,94.0,279.65,3,6,0,0 days 03:06:00
84025001,43.88,5.16,2016-01-01 03:06:00,0.0,0.0,0.0,99.0,281.35,3,6,0,0 days 03:06:00
7187001,44.61,4.24,2016-01-01 03:12:00,350.0,0.5,0.0,92.0,278.95,3,12,0,0 days 03:12:00
15122002,44.73,2.17,2016-01-01 03:12:00,10.0,3.3,0.0,97.0,277.05,3,12,0,0 days 03:12:00
19164001,45.7,2.06,2016-01-01 03:12:00,110.0,2.4,0.0,100.0,274.85,3,12,0,0 days 03:12:00
26321003,44.55,5.28,2016-01-01 03:12:00,0.0,0.0,0.0,97.0,279.55,3,12,0,0 days 03:12:00
34209002,43.32,3.35,2016-01-01 03:12:00,80.0,2.0,0.0,95.0,282.25,3,12,0,0 days 03:12:00
38191002,45.09,6.09,2016-01-01 03:12:00,100.0,0.6,0.0,95.0,272.85,3,12,0,0 days 03:12:00
38548001,45.08,5.56,2016-01-01 03:12:00,140.0,1.0,0.0,99.0,277.25,3,12,0,0 days 03:12:00
74042003,46.07,6.38,2016-01-01 03:12:00,10.0,0.6,0.0,99.0,279.65,3,12,0,0 days 03:12:00
83148002,43.39,6.53,2016-01-01 03:12:00,280.0,0.9,0.0,95.0,279.55,3,12,0,0 days 03:12:00
84025001,43.88,5.16,2016-01-01 03:12:00,0.0,0.0,0.0,99.0,281.35,3,12,0,0 days 03:12:00
7187001,44.61,4.24,2016-01-01 03:18:00,360.0,0.8,0.0,92.0,278.95,3,18,0,0 days 03:18:00
15122002,44.73,2.17,2016-01-01 03:18:00,10.0,2.9,0.0,96.0,276.85,3,18,0,0 days 03:18:00
19164001,45.7,2.06,2016-01-01 03:18:00,110.0,2.2,0.0,100.0,274.85,3,18,0,0 days 03:18:00
26321003,44.55,5.28,2016-01-01 03:18:00,0.0,0.0,0.0,97.0,279.55,3,18,0,0 days 03:18:00
34209002,43.32,3.35,2016-01-01 03:18:00,80.0,1.1,0.0,96.0,282.45,3,18,0,0 days 03:18:00
38191002,45.09,6.09,2016-01-01 03:18:00,80.0,0.9,0.0,95.0,272.55,3,18,0,0 days 03:18:00
38548001,45.08,5.56,2016-01-01 03:18:00,130.0,0.5,0.0,99.0,277.35,3,18,0,0 days 03:18:00
74042003,46.07,6.38,2016-01-01 03:18:00,10.0,0.9,0.0,99.0,279.75,3,18,0,0 days 03:18:00
83148002,43.39,6.53,2016-01-01 03:18:00,290.0,1.0,0.0,95.0,279.55,3,18,0,0 days 03:18:00
84025001,43.88,5.16,2016-01-01 03:18:00,0.0,0.0,0.0,99.0,281.35,3,18,0,0 days 03:18:00
7187001,44.61,4.24,2016-01-01 03:24:00,350.0,1.0,0.0,94.0,278.85,3,24,0,0 days 03:24:00
15122002,44.73,2.17,2016-01-01 03:24:00,360.0,3.2,0.0,96.0,277.05,3,24,0,0 days 03:24:00
19164001,45.7,2.06,2016-01-01 03:24:00,100.0,2.4,0.0,100.0,274.85,3,24,0,0 days 03:24:00
26321003,44.55,5.28,2016-01-01 03:24:00,0.0,0.0,0.0,97.0,279.55,3,24,0,0 days 03:24:00
34209002,43.32,3.35,2016-01-01 03:24:00,0.0,0.0,0.0,96.0,282.55,3,24,0,0 days 03:24:00
38191002,45.09,6.09,2016-01-01 03:24:00,80.0,1.2,0.0,93.0,272.15,3,24,0,0 days 03:24:00
38548001,45.08,5.56,2016-01-01 03:24:00,20.0,1.2,0.0,98.0,276.75,3,24,0,0 days 03:24:00
74042003,46.07,6.38,2016-01-01 03:24:00,0.0,0.0,0.0,99.0,279.65,3,24,0,0 days 03:24:00
83148002,43.39,6.53,2016-01-01 03:24:00,280.0,0.9,0.0,95.0,279.65,3,24,0,0 days 03:24:00
84025001,43.88,5.16,2016-01-01 03:24:00,0.0,0.0,0.0,99.0,281.35,3,24,0,0 days 03:24:00
7187001,44.61,4.24,2016-01-01 03:30:00,340.0,1.1,0.0,94.0,278.85,3,30,0,0 days 03:30:00
15122002,44.73,2.17,2016-01-01 03:30:00,360.0,3.5,0.0,95.0,276.95,3,30,0,0 days 03:30:00
19164001,45.7,2.06,2016-01-01 03:30:00,110.0,2.4,0.0,100.0,274.85,3,30,0,0 days 03:30:00
26321003,44.55,5.28,2016-01-01 03:30:00,0.0,0.0,0.0,97.0,279.45,3,30,0,0 days 03:30:00
34209002,43.32,3.35,2016-01-01 03:30:00,0.0,0.0,0.0,96.0,282.55,3,30,0,0 days 03:30:00
38191002,45.09,6.09,2016-01-01 03:30:00,80.0,1.4,0.0,91.0,271.85,3,30,0,0 days 03:30:00
38548001,45.08,5.56,2016-01-01 03:30:00,340.0,2.1,0.0,98.0,276.45,3,30,0,0 days 03:30:00
74042003,46.07,6.38,2016-01-01 03:30:00,0.0,0.0,0.0,99.0,279.65,3,30,0,0 days 03:30:00
83148002,43.39,6.53,2016-01-01 03:30:00,0.0,0.0,0.0,95.0,279.65,3,30,0,0 days 03:30:00
84025001,43.88,5.16,2016-01-01 03:30:00,0.0,0.0,0.0,99.0,281.15,3,30,0,0 days 03:30:00
7187001,44.61,4.24,2016-01-01 03:36:00,340.0,1.3,0.0,92.0,279.05,3,36,0,0 days 03:36:00
15122002,44.73,2.17,2016-01-01 03:36:00,10.0,3.3,0.0,95.0,277.15,3,36,0,0 days 03:36:00
19164001,45.7,2.06,2016-01-01 03:36:00,110.0,2.0,0.0,100.0,274.75,3,36,0,0 days 03:36:00
26321003,44.55,5.28,2016-01-01 03:36:00,0.0,0.0,0.0,97.0,279.45,3,36,0,0 days 03:36:00
34209002,43.32,3.35,2016-01-01 03:36:00,0.0,0.0,0.0,96.0,282.55,3,36,0,0 days 03:36:00
38191002,45.09,6.09,2016-01-01 03:36:00,80.0,1.4,0.0,91.0,271.55,3,36,0,0 days 03:36:00
38548001,45.08,5.56,2016-01-01 03:36:00,340.0,2.1,0.0,98.0,276.35,3,36,0,0 days 03:36:00
74042003,46.07,6.38,2016-01-01 03:36:00,240.0,0.9,0.2,99.0,279.75,3,36,0,0 days 03:36:00
83148002,43.39,6.53,2016-01-01 03:36:00,0.0,0.0,0.0,95.0,279.65,3,36,0,0 days 03:36:00
84025001,43.88,5.16,2016-01-01 03:36:00,0.0,0.0,0.0,99.0,281.15,3,36,0,0 days 03:36:00
7187001,44.61,4.24,2016-01-01 03:42:00,350.0,1.4,0.0,88.0,279.35,3,42,0,0 days 03:42:00
15122002,44.73,2.17,2016-01-01 03:42:00,360.0,2.6,0.0,94.0,277.05,3,42,0,0 days 03:42:00
19164001,45.7,2.06,2016-01-01 03:42:00,110.0,2.1,0.0,100.0,274.75,3,42,0,0 days 03:42:00
26321003,44.55,5.28,2016-01-01 03:42:00,350.0,0.6,0.0,98.0,279.45,3,42,0,0 days 03:42:00
34209002,43.32,3.35,2016-01-01 03:42:00,0.0,0.0,0.0,96.0,282.65,3,42,0,0 days 03:42:00
38191002,45.09,6.09,2016-01-01 03:42:00,70.0,1.6,0.0,92.0,271.35,3,42,0,0 days 03:42:00
38548001,45.08,5.56,2016-01-01 03:42:00,360.0,1.6,0.0,98.0,276.25,3,42,0,0 days 03:42:00
74042003,46.07,6.38,2016-01-01 03:42:00,240.0,0.9,0.0,99.0,279.75,3,42,0,0 days 03:42:00
83148002,43.39,6.53,2016-01-01 03:42:00,0.0,0.0,0.0,94.0,279.75,3,42,0,0 days 03:42:00
84025001,43.88,5.16,2016-01-01 03:42:00,0.0,0.0,0.0,99.0,281.15,3,42,0,0 days 03:42:00
7187001,44.61,4.24,2016-01-01 03:48:00,350.0,1.1,0.0,86.0,279.55,3,48,0,0 days 03:48:00
15122002,44.73,2.17,2016-01-01 03:48:00,20.0,1.2,0.0,94.0,276.75,3,48,0,0 days 03:48:00
19164001,45.7,2.06,2016-01-01 03:48:00,100.0,2.1,0.0,100.0,274.55,3,48,0,0 days 03:48:00
26321003,44.55,5.28,2016-01-01 03:48:00,360.0,0.7,0.0,98.0,279.45,3,48,0,0 days 03:48:00
34209002,43.32,3.35,2016-01-01 03:48:00,310.0,0.9,0.0,96.0,282.65,3,48,0,0 days 03:48:00
38191002,45.09,6.09,2016-01-01 03:48:00,80.0,2.0,0.0,93.0,271.35,3,48,0,0 days 03:48:00
38548001,45.08,5.56,2016-01-01 03:48:00,10.0,0.9,0.0,99.0,276.45,3,48,0,0 days 03:48:00
74042003,46.07,6.38,2016-01-01 03:48:00,210.0,2.0,0.0,99.0,279.75,3,48,0,0 days 03:48:00
83148002,43.39,6.53,2016-01-01 03:48:00,0.0,0.0,0.0,93.0,279.75,3,48,0,0 days 03:48:00
84025001,43.88,5.16,2016-01-01 03:48:00,0.0,0.0,0.0,99.0,281.15,3,48,0,0 days 03:48:00
7187001,44.61,4.24,2016-01-01 03:54:00,320.0,1.1,0.0,88.0,279.25,3,54,0,0 days 03:54:00
15122002,44.73,2.17,2016-01-01 03:54:00,30.0,0.9,0.0,94.0,276.55,3,54,0,0 days 03:54:00
19164001,45.7,2.06,2016-01-01 03:54:00,100.0,2.0,0.0,100.0,274.55,3,54,0,0 days 03:54:00
26321003,44.55,5.28,2016-01-01 03:54:00,0.0,0.0,0.0,98.0,279.45,3,54,0,0 days 03:54:00
34209002,43.32,3.35,2016-01-01 03:54:00,320.0,0.7,0.0,96.0,282.65,3,54,0,0 days 03:54:00
38191002,45.09,6.09,2016-01-01 03:54:00,100.0,1.9,0.0,94.0,271.55,3,54,0,0 days 03:54:00
38548001,45.08,5.56,2016-01-01 03:54:00,70.0,1.1,0.0,99.0,276.35,3,54,0,0 days 03:54:00
74042003,46.07,6.38,2016-01-01 03:54:00,210.0,2.7,0.0,99.0,279.95,3,54,0,0 days 03:54:00
83148002,43.39,6.53,2016-01-01 03:54:00,0.0,0.0,0.0,93.0,279.75,3,54,0,0 days 03:54:00
84025001,43.88,5.16,2016-01-01 03:54:00,0.0,0.0,0.0,99.0,281.15,3,54,0,0 days 03:54:00
7187001,44.61,4.24,2016-01-01 04:00:00,340.0,1.8,0.0,90.0,279.05,4,0,0,0 days 04:00:00
15122002,44.73,2.17,2016-01-01 04:00:00,60.0,0.9,0.0,94.0,276.45,4,0,0,0 days 04:00:00
19164001,45.7,2.06,2016-01-01 04:00:00,100.0,2.3,0.0,100.0,274.55,4,0,0,0 days 04:00:00
26321003,44.55,5.28,2016-01-01 04:00:00,0.0,0.0,0.0,99.0,279.45,4,0,0,0 days 04:00:00
34209002,43.32,3.35,2016-01-01 04:00:00,350.0,0.7,0.0,96.0,282.95,4,0,0,0 days 04:00:00
38191002,45.09,6.09,2016-01-01 04:00:00,110.0,1.8,0.0,95.0,271.65,4,0,0,0 days 04:00:00
38548001,45.08,5.56,2016-01-01 04:00:00,130.0,1.6,0.0,99.0,276.45,4,0,0,0 days 04:00:00
74042003,46.07,6.38,2016-01-01 04:00:00,240.0,1.8,0.0,99.0,279.95,4,0,0,0 days 04:00:00
83148002,43.39,6.53,2016-01-01 04:00:00,0.0,0.0,0.0,93.0,279.85,4,0,0,0 days 04:00:00
84025001,43.88,5.16,2016-01-01 04:00:00,360.0,0.5,0.0,99.0,281.15,4,0,0,0 days 04:00:00
7187001,44.61,4.24,2016-01-01 04:06:00,360.0,2.1,0.0,89.0,279.25,4,6,0,0 days 04:06:00
15122002,44.73,2.17,2016-01-01 04:06:00,90.0,0.7,0.0,95.0,276.25,4,6,0,0 days 04:06:00
19164001,45.7,2.06,2016-01-01 04:06:00,100.0,2.3,0.0,100.0,274.65,4,6,0,0 days 04:06:00
26321003,44.55,5.28,2016-01-01 04:06:00,0.0,0.0,0.0,99.0,279.45,4,6,0,0 days 04:06:00
34209002,43.32,3.35,2016-01-01 04:06:00,30.0,0.7,0.0,96.0,283.05,4,6,0,0 days 04:06:00
38191002,45.09,6.09,2016-01-01 04:06:00,120.0,1.6,0.0,93.0,271.55,4,6,0,0 days 04:06:00
38548001,45.08,5.56,2016-01-01 04:06:00,130.0,1.4,0.0,99.0,276.55,4,6,0,0 days 04:06:00
74042003,46.07,6.38,2016-01-01 04:06:00,300.0,1.2,0.0,99.0,279.95,4,6,0,0 days 04:06:00
83148002,43.39,6.53,2016-01-01 04:06:00,0.0,0.0,0.0,93.0,279.75,4,6,0,0 days 04:06:00
84025001,43.88,5.16,2016-01-01 04:06:00,350.0,0.5,0.0,99.0,281.05,4,6,0,0 days 04:06:00
7187001,44.61,4.24,2016-01-01 04:12:00,360.0,1.8,0.0,89.0,279.25,4,12,0,0 days 04:12:00
15122002,44.73,2.17,2016-01-01 04:12:00,0.0,0.0,0.0,95.0,276.05,4,12,0,0 days 04:12:00
19164001,45.7,2.06,2016-01-01 04:12:00,100.0,1.9,0.0,100.0,274.65,4,12,0,0 days 04:12:00
26321003,44.55,5.28,2016-01-01 04:12:00,80.0,0.6,0.0,99.0,279.55,4,12,0,0 days 04:12:00
34209002,43.32,3.35,2016-01-01 04:12:00,50.0,1.0,0.0,97.0,283.35,4,12,0,0 days 04:12:00
38191002,45.09,6.09,2016-01-01 04:12:00,110.0,1.4,0.0,94.0,271.45,4,12,0,0 days 04:12:00
38548001,45.08,5.56,2016-01-01 04:12:00,130.0,1.0,0.0,99.0,276.65,4,12,0,0 days 04:12:00
74042003,46.07,6.38,2016-01-01 04:12:00,360.0,1.7,0.0,99.0,279.95,4,12,0,0 days 04:12:00
83148002,43.39,6.53,2016-01-01 04:12:00,0.0,0.0,0.0,93.0,279.85,4,12,0,0 days 04:12:00
84025001,43.88,5.16,2016-01-01 04:12:00,0.0,0.0,0.0,99.0,281.05,4,12,0,0 days 04:12:00
7187001,44.61,4.24,2016-01-01 04:18:00,360.0,1.1,0.0,89.0,279.15,4,18,0,0 days 04:18:00
15122002,44.73,2.17,2016-01-01 04:18:00,0.0,0.0,0.0,95.0,275.95,4,18,0,0 days 04:18:00
19164001,45.7,2.06,2016-01-01 04:18:00,110.0,2.2,0.0,100.0,274.55,4,18,0,0 days 04:18:00
26321003,44.55,5.28,2016-01-01 04:18:00,0.0,0.0,0.0,99.0,279.55,4,18,0,0 days 04:18:00
34209002,43.32,3.35,2016-01-01 04:18:00,50.0,1.5,0.0,97.0,283.45,4,18,0,0 days 04:18:00
38191002,45.09,6.09,2016-01-01 04:18:00,50.0,1.0,0.0,95.0,271.35,4,18,0,0 days 04:18:00
38548001,45.08,5.56,2016-01-01 04:18:00,160.0,0.8,0.0,99.0,276.75,4,18,0,0 days 04:18:00
74042003,46.07,6.38,2016-01-01 04:18:00,40.0,1.3,0.0,99.0,279.95,4,18,0,0 days 04:18:00
83148002,43.39,6.53,2016-01-01 04:18:00,290.0,0.5,0.0,93.0,279.85,4,18,0,0 days 04:18:00
84025001,43.88,5.16,2016-01-01 04:18:00,0.0,0.0,0.0,99.0,281.05,4,18,0,0 days 04:18:00
7187001,44.61,4.24,2016-01-01 04:24:00,20.0,1.3,0.0,91.0,279.05,4,24,0,0 days 04:24:00
15122002,44.73,2.17,2016-01-01 04:24:00,0.0,0.0,0.0,95.0,275.85,4,24,0,0 days 04:24:00
19164001,45.7,2.06,2016-01-01 04:24:00,110.0,2.7,0.0,100.0,274.35,4,24,0,0 days 04:24:00
26321003,44.55,5.28,2016-01-01 04:24:00,0.0,0.0,0.0,97.0,279.55,4,24,0,0 days 04:24:00
34209002,43.32,3.35,2016-01-01 04:24:00,40.0,1.9,0.0,97.0,283.35,4,24,0,0 days 04:24:00
38191002,45.09,6.09,2016-01-01 04:24:00,50.0,0.8,0.0,94.0,271.35,4,24,0,0 days 04:24:00
38548001,45.08,5.56,2016-01-01 04:24:00,340.0,1.2,0.0,99.0,276.55,4,24,0,0 days 04:24:00
74042003,46.07,6.38,2016-01-01 04:24:00,110.0,0.8,0.0,99.0,279.85,4,24,0,0 days 04:24:00
83148002,43.39,6.53,2016-01-01 04:24:00,0.0,0.0,0.0,92.0,279.85,4,24,0,0 days 04:24:00
84025001,43.88,5.16,2016-01-01 04:24:00,60.0,0.7,0.0,99.0,281.05,4,24,0,0 days 04:24:00
7187001,44.61,4.24,2016-01-01 04:30:00,360.0,1.8,0.0,92.0,278.75,4,30,0,0 days 04:30:00
15122002,44.73,2.17,2016-01-01 04:30:00,0.0,0.0,0.0,96.0,275.85,4,30,0,0 days 04:30:00
19164001,45.7,2.06,2016-01-01 04:30:00,100.0,2.7,0.0,100.0,274.25,4,30,0,0 days 04:30:00
26321003,44.55,5.28,2016-01-01 04:30:00,0.0,0.0,0.0,98.0,279.45,4,30,0,0 days 04:30:00
34209002,43.32,3.35,2016-01-01 04:30:00,40.0,2.4,0.0,97.0,283.25,4,30,0,0 days 04:30:00
38191002,45.09,6.09,2016-01-01 04:30:00,100.0,1.2,0.0,94.0,271.25,4,30,0,0 days 04:30:00
38548001,45.08,5.56,2016-01-01 04:30:00,340.0,1.7,0.0,99.0,276.35,4,30,0,0 days 04:30:00
74042003,46.07,6.38,2016-01-01 04:30:00,0.0,0.0,0.0,99.0,279.85,4,30,0,0 days 04:30:00
83148002,43.39,6.53,2016-01-01 04:30:00,0.0,0.0,0.0,93.0,279.85,4,30,0,0 days 04:30:00
84025001,43.88,5.16,2016-01-01 04:30:00,110.0,0.9,0.0,99.0,280.85,4,30,0,0 days 04:30:00
7187001,44.61,4.24,2016-01-01 04:36:00,350.0,1.7,0.0,93.0,278.65,4,36,0,0 days 04:36:00
15122002,44.73,2.17,2016-01-01 04:36:00,0.0,0.0,0.0,96.0,275.75,4,36,0,0 days 04:36:00
19164001,45.7,2.06,2016-01-01 04:36:00,100.0,2.7,0.0,100.0,273.95,4,36,0,0 days 04:36:00
26321003,44.55,5.28,2016-01-01 04:36:00,0.0,0.0,0.0,97.0,279.35,4,36,0,0 days 04:36:00
34209002,43.32,3.35,2016-01-01 04:36:00,50.0,2.4,0.0,97.0,283.35,4,36,0,0 days 04:36:00
38191002,45.09,6.09,2016-01-01 04:36:00,120.0,1.8,0.0,95.0,271.55,4,36,0,0 days 04:36:00
38548001,45.08,5.56,2016-01-01 04:36:00,330.0,1.5,0.0,99.0,276.45,4,36,0,0 days 04:36:00
74042003,46.07,6.38,2016-01-01 04:36:00,0.0,0.0,0.0,99.0,279.85,4,36,0,0 days 04:36:00
83148002,43.39,6.53,2016-01-01 04:36:00,290.0,0.8,0.0,93.0,279.75,4,36,0,0 days 04:36:00
84025001,43.88,5.16,2016-01-01 04:36:00,100.0,1.0,0.0,99.0,280.85,4,36,0,0 days 04:36:00
7187001,44.61,4.24,2016-01-01 04:42:00,350.0,1.4,0.0,91.0,278.65,4,42,0,0 days 04:42:00
15122002,44.73,2.17,2016-01-01 04:42:00,0.0,0.0,0.0,96.0,275.75,4,42,0,0 days 04:42:00
19164001,45.7,2.06,2016-01-01 04:42:00,100.0,2.6,0.0,100.0,273.95,4,42,0,0 days 04:42:00
26321003,44.55,5.28,2016-01-01 04:42:00,0.0,0.0,0.0,98.0,279.45,4,42,0,0 days 04:42:00
34209002,43.32,3.35,2016-01-01 04:42:00,60.0,2.5,0.0,97.0,283.45,4,42,0,0 days 04:42:00
38191002,45.09,6.09,2016-01-01 04:42:00,100.0,1.9,0.0,95.0,271.55,4,42,0,0 days 04:42:00
38548001,45.08,5.56,2016-01-01 04:42:00,350.0,1.0,0.0,99.0,276.55,4,42,0,0 days 04:42:00
74042003,46.07,6.38,2016-01-01 04:42:00,0.0,0.0,0.0,99.0,279.85,4,42,0,0 days 04:42:00
83148002,43.39,6.53,2016-01-01 04:42:00,290.0,1.0,0.0,94.0,279.75,4,42,0,0 days 04:42:00
84025001,43.88,5.16,2016-01-01 04:42:00,70.0,0.6,0.0,99.0,280.85,4,42,0,0 days 04:42:00
7187001,44.61,4.24,2016-01-01 04:48:00,330.0,1.5,0.0,92.0,278.45,4,48,0,0 days 04:48:00
15122002,44.73,2.17,2016-01-01 04:48:00,0.0,0.0,0.0,97.0,275.85,4,48,0,0 days 04:48:00
19164001,45.7,2.06,2016-01-01 04:48:00,100.0,2.4,0.0,100.0,273.85,4,48,0,0 days 04:48:00
26321003,44.55,5.28,2016-01-01 04:48:00,0.0,0.0,0.0,98.0,279.45,4,48,0,0 days 04:48:00
34209002,43.32,3.35,2016-01-01 04:48:00,60.0,2.5,0.0,97.0,283.45,4,48,0,0 days 04:48:00
38191002,45.09,6.09,2016-01-01 04:48:00,40.0,2.0,0.0,95.0,271.35,4,48,0,0 days 04:48:00
38548001,45.08,5.56,2016-01-01 04:48:00,60.0,0.9,0.0,99.0,276.55,4,48,0,0 days 04:48:00
74042003,46.07,6.38,2016-01-01 04:48:00,0.0,0.0,0.0,99.0,279.75,4,48,0,0 days 04:48:00
83148002,43.39,6.53,2016-01-01 04:48:00,280.0,1.1,0.0,94.0,279.75,4,48,0,0 days 04:48:00
84025001,43.88,5.16,2016-01-01 04:48:00,30.0,0.9,0.0,99.0,280.65,4,48,0,0 days 04:48:00
7187001,44.61,4.24,2016-01-01 04:54:00,330.0,2.1,0.0,95.0,278.15,4,54,0,0 days 04:54:00
15122002,44.73,2.17,2016-01-01 04:54:00,0.0,0.0,0.0,97.0,275.75,4,54,0,0 days 04:54:00
19164001,45.7,2.06,2016-01-01 04:54:00,100.0,2.3,0.0,100.0,273.65,4,54,0,0 days 04:54:00
26321003,44.55,5.28,2016-01-01 04:54:00,0.0,0.0,0.0,99.0,279.35,4,54,0,0 days 04:54:00
34209002,43.32,3.35,2016-01-01 04:54:00,50.0,2.4,0.0,97.0,283.45,4,54,0,0 days 04:54:00
38191002,45.09,6.09,2016-01-01 04:54:00,30.0,2.5,0.0,93.0,271.55,4,54,0,0 days 04:54:00
38548001,45.08,5.56,2016-01-01 04:54:00,70.0,1.1,0.0,99.0,276.55,4,54,0,0 days 04:54:00
74042003,46.07,6.38,2016-01-01 04:54:00,0.0,0.0,0.0,99.0,279.65,4,54,0,0 days 04:54:00
83148002,43.39,6.53,2016-01-01 04:54:00,290.0,1.2,0.0,94.0,279.65,4,54,0,0 days 04:54:00
84025001,43.88,5.16,2016-01-01 04:54:00,30.0,1.1,0.0,98.0,280.35,4,54,0,0 days 04:54:00
7187001,44.61,4.24,2016-01-01 05:00:00,320.0,2.6,0.0,96.0,277.85,5,0,0,0 days 05:00:00
15122002,44.73,2.17,2016-01-01 05:00:00,20.0,1.3,0.0,96.0,275.65,5,0,0,0 days 05:00:00
19164001,45.7,2.06,2016-01-01 05:00:00,110.0,2.2,0.0,100.0,273.55,5,0,0,0 days 05:00:00
26321003,44.55,5.28,2016-01-01 05:00:00,0.0,0.0,0.0,98.0,279.35,5,0,0,0 days 05:00:00
34209002,43.32,3.35,2016-01-01 05:00:00,50.0,2.7,0.0,97.0,283.45,5,0,0,0 days 05:00:00
38191002,45.09,6.09,2016-01-01 05:00:00,30.0,2.7,0.0,90.0,270.85,5,0,0,0 days 05:00:00
38548001,45.08,5.56,2016-01-01 05:00:00,50.0,1.3,0.0,99.0,276.55,5,0,0,0 days 05:00:00
74042003,46.07,6.38,2016-01-01 05:00:00,0.0,0.0,0.0,99.0,279.65,5,0,0,0 days 05:00:00
83148002,43.39,6.53,2016-01-01 05:00:00,280.0,0.6,0.0,95.0,279.65,5,0,0,0 days 05:00:00
84025001,43.88,5.16,2016-01-01 05:00:00,20.0,1.1,0.0,99.0,280.35,5,0,0,0 days 05:00:00
7187001,44.61,4.24,2016-01-01 05:06:00,310.0,2.7,0.0,97.0,277.85,5,6,0,0 days 05:06:00
15122002,44.73,2.17,2016-01-01 05:06:00,10.0,1.7,0.0,97.0,275.65,5,6,0,0 days 05:06:00
19164001,45.7,2.06,2016-01-01 05:06:00,110.0,2.3,0.0,100.0,273.35,5,6,0,0 days 05:06:00
26321003,44.55,5.28,2016-01-01 05:06:00,0.0,0.0,0.0,98.0,279.25,5,6,0,0 days 05:06:00
34209002,43.32,3.35,2016-01-01 05:06:00,50.0,3.0,0.0,97.0,283.45,5,6,0,0 days 05:06:00
38191002,45.09,6.09,2016-01-01 05:06:00,30.0,2.8,0.0,88.0,270.85,5,6,0,0 days 05:06:00
38548001,45.08,5.56,2016-01-01 05:06:00,40.0,1.5,0.0,99.0,276.55,5,6,0,0 days 05:06:00
74042003,46.07,6.38,2016-01-01 05:06:00,0.0,0.0,0.0,99.0,279.65,5,6,0,0 days 05:06:00
83148002,43.39,6.53,2016-01-01 05:06:00,270.0,0.6,0.0,95.0,279.55,5,6,0,0 days 05:06:00
84025001,43.88,5.16,2016-01-01 05:06:00,10.0,1.4,0.0,98.0,280.05,5,6,0,0 days 05:06:00
7187001,44.61,4.24,2016-01-01 05:12:00,310.0,2.4,0.0,97.0,277.75,5,12,0,0 days 05:12:00
15122002,44.73,2.17,2016-01-01 05:12:00,10.0,2.3,0.0,97.0,275.75,5,12,0,0 days 05:12:00
19164001,45.7,2.06,2016-01-01 05:12:00,110.0,2.4,0.0,100.0,273.35,5,12,0,0 days 05:12:00
26321003,44.55,5.28,2016-01-01 05:12:00,0.0,0.0,0.0,97.0,279.25,5,12,0,0 days 05:12:00
34209002,43.32,3.35,2016-01-01 05:12:00,40.0,2.8,0.2,97.0,283.45,5,12,0,0 days 05:12:00
38191002,45.09,6.09,2016-01-01 05:12:00,20.0,2.9,0.0,88.0,271.15,5,12,0,0 days 05:12:00
38548001,45.08,5.56,2016-01-01 05:12:00,40.0,1.4,0.0,99.0,276.55,5,12,0,0 days 05:12:00
74042003,46.07,6.38,2016-01-01 05:12:00,0.0,0.0,0.0,99.0,279.65,5,12,0,0 days 05:12:00
83148002,43.39,6.53,2016-01-01 05:12:00,280.0,0.8,0.0,95.0,279.45,5,12,0,0 days 05:12:00
84025001,43.88,5.16,2016-01-01 05:12:00,360.0,1.8,0.0,99.0,280.05,5,12,0,0 days 05:12:00
7187001,44.61,4.24,2016-01-01 05:18:00,330.0,2.1,0.0,97.0,277.85,5,18,0,0 days 05:18:00
15122002,44.73,2.17,2016-01-01 05:18:00,20.0,2.6,0.0,97.0,275.95,5,18,0,0 days 05:18:00
19164001,45.7,2.06,2016-01-01 05:18:00,100.0,3.1,0.0,100.0,273.65,5,18,0,0 days 05:18:00
26321003,44.55,5.28,2016-01-01 05:18:00,0.0,0.0,0.0,97.0,279.25,5,18,0,0 days 05:18:00
34209002,43.32,3.35,2016-01-01 05:18:00,40.0,2.6,0.0,97.0,283.35,5,18,0,0 days 05:18:00
38191002,45.09,6.09,2016-01-01 05:18:00,30.0,2.4,0.0,84.0,270.85,5,18,0,0 days 05:18:00
38548001,45.08,5.56,2016-01-01 05:18:00,10.0,1.0,0.0,99.0,276.45,5,18,0,0 days 05:18:00
74042003,46.07,6.38,2016-01-01 05:18:00,0.0,0.0,0.0,99.0,279.65,5,18,0,0 days 05:18:00
83148002,43.39,6.53,2016-01-01 05:18:00,270.0,0.8,0.0,96.0,279.45,5,18,0,0 days 05:18:00
84025001,43.88,5.16,2016-01-01 05:18:00,360.0,1.3,0.2,99.0,279.95,5,18,0,0 days 05:18:00
7187001,44.61,4.24,2016-01-01 05:24:00,330.0,2.8,0.0,97.0,277.75,5,24,0,0 days 05:24:00
15122002,44.73,2.17,2016-01-01 05:24:00,30.0,2.6,0.0,96.0,276.45,5,24,0,0 days 05:24:00
19164001,45.7,2.06,2016-01-01 05:24:00,100.0,3.7,0.0,100.0,273.95,5,24,0,0 days 05:24:00
26321003,44.55,5.28,2016-01-01 05:24:00,0.0,0.0,0.0,99.0,279.25,5,24,0,0 days 05:24:00
34209002,43.32,3.35,2016-01-01 05:24:00,40.0,2.8,0.0,97.0,283.45,5,24,0,0 days 05:24:00
38191002,45.09,6.09,2016-01-01 05:24:00,40.0,1.3,0.0,87.0,270.85,5,24,0,0 days 05:24:00
38548001,45.08,5.56,2016-01-01 05:24:00,360.0,0.7,0.0,99.0,276.35,5,24,0,0 days 05:24:00
74042003,46.07,6.38,2016-01-01 05:24:00,230.0,0.5,0.0,99.0,279.75,5,24,0,0 days 05:24:00
83148002,43.39,6.53,2016-01-01 05:24:00,270.0,0.9,0.0,96.0,279.35,5,24,0,0 days 05:24:00
84025001,43.88,5.16,2016-01-01 05:24:00,10.0,0.6,0.0,99.0,279.95,5,24,0,0 days 05:24:00
7187001,44.61,4.24,2016-01-01 05:30:00,330.0,3.4,0.0,97.0,277.65,5,30,0,0 days 05:30:00
15122002,44.73,2.17,2016-01-01 05:30:00,20.0,2.7,0.0,95.0,276.55,5,30,0,0 days 05:30:00
19164001,45.7,2.06,2016-01-01 05:30:00,110.0,3.1,0.0,100.0,273.75,5,30,0,0 days 05:30:00
26321003,44.55,5.28,2016-01-01 05:30:00,0.0,0.0,0.0,99.0,279.25,5,30,0,0 days 05:30:00
34209002,43.32,3.35,2016-01-01 05:30:00,50.0,3.5,0.0,97.0,283.45,5,30,0,0 days 05:30:00
38191002,45.09,6.09,2016-01-01 05:30:00,80.0,0.8,0.0,88.0,270.95,5,30,0,0 days 05:30:00
38548001,45.08,5.56,2016-01-01 05:30:00,90.0,0.6,0.0,99.0,276.35,5,30,0,0 days 05:30:00
74042003,46.07,6.38,2016-01-01 05:30:00,240.0,0.7,0.0,99.0,279.65,5,30,0,0 days 05:30:00
83148002,43.39,6.53,2016-01-01 05:30:00,0.0,0.0,0.0,96.0,279.25,5,30,0,0 days 05:30:00
84025001,43.88,5.16,2016-01-01 05:30:00,0.0,0.0,0.0,99.0,279.85,5,30,0,0 days 05:30:00
7187001,44.61,4.24,2016-01-01 05:36:00,340.0,3.6,0.0,97.0,277.65,5,36,0,0 days 05:36:00
15122002,44.73,2.17,2016-01-01 05:36:00,30.0,3.1,0.0,93.0,276.95,5,36,0,0 days 05:36:00
19164001,45.7,2.06,2016-01-01 05:36:00,110.0,2.7,0.0,100.0,273.65,5,36,0,0 days 05:36:00
26321003,44.55,5.28,2016-01-01 05:36:00,0.0,0.0,0.0,98.0,279.25,5,36,0,0 days 05:36:00
34209002,43.32,3.35,2016-01-01 05:36:00,50.0,3.8,0.0,97.0,283.45,5,36,0,0 days 05:36:00
38191002,45.09,6.09,2016-01-01 05:36:00,50.0,1.1,0.0,85.0,270.75,5,36,0,0 days 05:36:00
38548001,45.08,5.56,2016-01-01 05:36:00,90.0,0.5,0.0,99.0,276.35,5,36,0,0 days 05:36:00
74042003,46.07,6.38,2016-01-01 05:36:00,240.0,0.8,0.0,99.0,279.75,5,36,0,0 days 05:36:00
83148002,43.39,6.53,2016-01-01 05:36:00,0.0,0.0,0.0,96.0,279.35,5,36,0,0 days 05:36:00
84025001,43.88,5.16,2016-01-01 05:36:00,40.0,0.8,0.0,99.0,279.85,5,36,0,0 days 05:36:00
7187001,44.61,4.24,2016-01-01 05:42:00,330.0,3.6,0.0,97.0,277.55,5,42,0,0 days 05:42:00
15122002,44.73,2.17,2016-01-01 05:42:00,30.0,2.9,0.0,92.0,277.05,5,42,0,0 days 05:42:00
19164001,45.7,2.06,2016-01-01 05:42:00,110.0,2.7,0.0,100.0,273.35,5,42,0,0 days 05:42:00
26321003,44.55,5.28,2016-01-01 05:42:00,0.0,0.0,0.0,98.0,279.15,5,42,0,0 days 05:42:00
34209002,43.32,3.35,2016-01-01 05:42:00,50.0,3.8,0.0,97.0,283.55,5,42,0,0 days 05:42:00
38191002,45.09,6.09,2016-01-01 05:42:00,40.0,1.4,0.0,85.0,270.35,5,42,0,0 days 05:42:00
38548001,45.08,5.56,2016-01-01 05:42:00,230.0,0.5,0.0,99.0,276.45,5,42,0,0 days 05:42:00
74042003,46.07,6.38,2016-01-01 05:42:00,230.0,0.9,0.0,99.0,279.85,5,42,0,0 days 05:42:00
83148002,43.39,6.53,2016-01-01 05:42:00,0.0,0.0,0.0,96.0,279.55,5,42,0,0 days 05:42:00
84025001,43.88,5.16,2016-01-01 05:42:00,30.0,1.6,0.0,99.0,279.85,5,42,0,0 days 05:42:00
7187001,44.61,4.24,2016-01-01 05:48:00,330.0,3.5,0.0,97.0,277.45,5,48,0,0 days 05:48:00
15122002,44.73,2.17,2016-01-01 05:48:00,20.0,2.6,0.0,91.0,276.85,5,48,0,0 days 05:48:00
19164001,45.7,2.06,2016-01-01 05:48:00,110.0,3.4,0.0,100.0,273.85,5,48,0,0 days 05:48:00
26321003,44.55,5.28,2016-01-01 05:48:00,50.0,0.6,0.0,98.0,279.15,5,48,0,0 days 05:48:00
34209002,43.32,3.35,2016-01-01 05:48:00,50.0,3.8,0.0,97.0,283.55,5,48,0,0 days 05:48:00
38191002,45.09,6.09,2016-01-01 05:48:00,60.0,1.2,0.0,90.0,270.45,5,48,0,0 days 05:48:00
38548001,45.08,5.56,2016-01-01 05:48:00,170.0,0.5,0.0,99.0,276.45,5,48,0,0 days 05:48:00
74042003,46.07,6.38,2016-01-01 05:48:00,230.0,1.1,0.0,99.0,279.85,5,48,0,0 days 05:48:00
83148002,43.39,6.53,2016-01-01 05:48:00,60.0,1.3,0.0,95.0,279.95,5,48,0,0 days 05:48:00
84025001,43.88,5.16,2016-01-01 05:48:00,40.0,1.6,0.0,99.0,279.95,5,48,0,0 days 05:48:00
7187001,44.61,4.24,2016-01-01 05:54:00,330.0,3.4,0.0,97.0,277.35,5,54,0,0 days 05:54:00
15122002,44.73,2.17,2016-01-01 05:54:00,10.0,2.4,0.0,91.0,276.65,5,54,0,0 days 05:54:00
19164001,45.7,2.06,2016-01-01 05:54:00,110.0,3.9,0.0,100.0,274.25,5,54,0,0 days 05:54:00
26321003,44.55,5.28,2016-01-01 05:54:00,30.0,0.6,0.0,98.0,279.15,5,54,0,0 days 05:54:00
34209002,43.32,3.35,2016-01-01 05:54:00,50.0,3.5,0.0,97.0,283.55,5,54,0,0 days 05:54:00
38191002,45.09,6.09,2016-01-01 05:54:00,40.0,1.5,0.0,88.0,270.45,5,54,0,0 days 05:54:00
38548001,45.08,5.56,2016-01-01 05:54:00,130.0,0.5,0.0,99.0,276.45,5,54,0,0 days 05:54:00
74042003,46.07,6.38,2016-01-01 05:54:00,240.0,1.3,0.0,99.0,279.95,5,54,0,0 days 05:54:00
83148002,43.39,6.53,2016-01-01 05:54:00,60.0,2.1,0.0,93.0,280.35,5,54,0,0 days 05:54:00
84025001,43.88,5.16,2016-01-01 05:54:00,50.0,1.6,0.0,99.0,279.95,5,54,0,0 days 05:54:00
7187001,44.61,4.24,2016-01-01 06:00:00,330.0,3.1,0.0,97.0,277.35,6,0,0,0 days 06:00:00
15122002,44.73,2.17,2016-01-01 06:00:00,10.0,2.1,0.0,91.0,276.75,6,0,0,0 days 06:00:00
19164001,45.7,2.06,2016-01-01 06:00:00,110.0,3.8,0.0,100.0,274.25,6,0,0,0 days 06:00:00
26321003,44.55,5.28,2016-01-01 06:00:00,0.0,0.0,0.0,99.0,278.95,6,0,0,0 days 06:00:00
34209002,43.32,3.35,2016-01-01 06:00:00,50.0,3.3,0.0,97.0,283.55,6,0,0,0 days 06:00:00
38191002,45.09,6.09,2016-01-01 06:00:00,30.0,2.2,0.0,88.0,270.15,6,0,0,0 days 06:00:00
38548001,45.08,5.56,2016-01-01 06:00:00,30.0,0.8,0.0,99.0,276.55,6,0,0,0 days 06:00:00
74042003,46.07,6.38,2016-01-01 06:00:00,240.0,1.3,0.0,99.0,279.95,6,0,0,0 days 06:00:00
83148002,43.39,6.53,2016-01-01 06:00:00,60.0,2.6,0.0,90.0,280.65,6,0,0,0 days 06:00:00
84025001,43.88,5.16,2016-01-01 06:00:00,70.0,1.1,0.0,97.0,278.75,6,0,0,0 days 06:00:00
7187001,44.61,4.24,2016-01-01 06:06:00,330.0,3.2,0.0,97.0,277.45,6,6,0,0 days 06:06:00
15122002,44.73,2.17,2016-01-01 06:06:00,20.0,2.3,0.0,91.0,276.55,6,6,0,0 days 06:06:00
19164001,45.7,2.06,2016-01-01 06:06:00,110.0,3.7,0.0,100.0,274.25,6,6,0,0 days 06:06:00
26321003,44.55,5.28,2016-01-01 06:06:00,200.0,0.5,0.0,97.0,278.85,6,6,0,0 days 06:06:00
34209002,43.32,3.35,2016-01-01 06:06:00,50.0,3.6,0.0,97.0,283.45,6,6,0,0 days 06:06:00
38191002,45.09,6.09,2016-01-01 06:06:00,20.0,2.0,0.0,88.0,270.35,6,6,0,0 days 06:06:00
38548001,45.08,5.56,2016-01-01 06:06:00,10.0,0.9,0.0,99.0,276.55,6,6,0,0 days 06:06:00
74042003,46.07,6.38,2016-01-01 06:06:00,240.0,1.5,0.0,99.0,279.95,6,6,0,0 days 06:06:00
83148002,43.39,6.53,2016-01-01 06:06:00,50.0,2.6,0.0,88.0,280.95,6,6,0,0 days 06:06:00
84025001,43.88,5.16,2016-01-01 06:06:00,200.0,1.4,0.0,98.0,278.55,6,6,0,0 days 06:06:00
7187001,44.61,4.24,2016-01-01 06:12:00,330.0,3.6,0.0,97.0,277.45,6,12,0,0 days 06:12:00
15122002,44.73,2.17,2016-01-01 06:12:00,40.0,2.4,0.0,92.0,276.35,6,12,0,0 days 06:12:00
19164001,45.7,2.06,2016-01-01 06:12:00,110.0,3.8,0.0,100.0,274.35,6,12,0,0 days 06:12:00
26321003,44.55,5.28,2016-01-01 06:12:00,0.0,0.0,0.0,98.0,278.75,6,12,0,0 days 06:12:00
34209002,43.32,3.35,2016-01-01 06:12:00,50.0,3.7,0.0,97.0,283.45,6,12,0,0 days 06:12:00
38191002,45.09,6.09,2016-01-01 06:12:00,10.0,1.5,0.0,88.0,270.75,6,12,0,0 days 06:12:00
38548001,45.08,5.56,2016-01-01 06:12:00,20.0,1.3,0.0,99.0,276.55,6,12,0,0 days 06:12:00
74042003,46.07,6.38,2016-01-01 06:12:00,240.0,1.4,0.0,99.0,279.95,6,12,0,0 days 06:12:00
83148002,43.39,6.53,2016-01-01 06:12:00,50.0,2.5,0.0,86.0,281.15,6,12,0,0 days 06:12:00
84025001,43.88,5.16,2016-01-01 06:12:00,190.0,0.8,0.0,99.0,278.95,6,12,0,0 days 06:12:00
7187001,44.61,4.24,2016-01-01 06:18:00,330.0,3.7,0.0,97.0,277.35,6,18,0,0 days 06:18:00
15122002,44.73,2.17,2016-01-01 06:18:00,60.0,1.4,0.0,92.0,276.35,6,18,0,0 days 06:18:00
19164001,45.7,2.06,2016-01-01 06:18:00,110.0,3.8,0.0,100.0,274.45,6,18,0,0 days 06:18:00
26321003,44.55,5.28,2016-01-01 06:18:00,0.0,0.0,0.0,98.0,278.65,6,18,0,0 days 06:18:00
34209002,43.32,3.35,2016-01-01 06:18:00,40.0,4.0,0.0,97.0,283.45,6,18,0,0 days 06:18:00
38191002,45.09,6.09,2016-01-01 06:18:00,20.0,2.0,0.0,86.0,270.55,6,18,0,0 days 06:18:00
38548001,45.08,5.56,2016-01-01 06:18:00,330.0,1.1,0.0,99.0,276.55,6,18,0,0 days 06:18:00
74042003,46.07,6.38,2016-01-01 06:18:00,230.0,1.3,0.0,99.0,279.95,6,18,0,0 days 06:18:00
83148002,43.39,6.53,2016-01-01 06:18:00,50.0,2.5,0.0,85.0,281.15,6,18,0,0 days 06:18:00
84025001,43.88,5.16,2016-01-01 06:18:00,0.0,0.0,0.0,99.0,279.05,6,18,0,0 days 06:18:00
7187001,44.61,4.24,2016-01-01 06:24:00,330.0,3.6,0.0,98.0,277.35,6,24,0,0 days 06:24:00
15122002,44.73,2.17,2016-01-01 06:24:00,70.0,1.3,0.0,92.0,276.45,6,24,0,0 days 06:24:00
19164001,45.7,2.06,2016-01-01 06:24:00,110.0,4.1,0.0,100.0,274.55,6,24,0,0 days 06:24:00
26321003,44.55,5.28,2016-01-01 06:24:00,0.0,0.0,0.0,98.0,278.55,6,24,0,0 days 06:24:00
34209002,43.32,3.35,2016-01-01 06:24:00,40.0,3.7,0.0,97.0,283.45,6,24,0,0 days 06:24:00
38191002,45.09,6.09,2016-01-01 06:24:00,30.0,2.4,0.0,85.0,270.05,6,24,0,0 days 06:24:00
38548001,45.08,5.56,2016-01-01 06:24:00,310.0,0.4,0.0,99.0,276.55,6,24,0,0 days 06:24:00
74042003,46.07,6.38,2016-01-01 06:24:00,240.0,1.3,0.0,99.0,279.95,6,24,0,0 days 06:24:00
83148002,43.39,6.53,2016-01-01 06:24:00,50.0,2.0,0.0,85.0,281.25,6,24,0,0 days 06:24:00
84025001,43.88,5.16,2016-01-01 06:24:00,0.0,0.0,0.0,99.0,279.15,6,24,0,0 days 06:24:00
7187001,44.61,4.24,2016-01-01 06:30:00,340.0,3.4,0.0,96.0,277.55,6,30,0,0 days 06:30:00
15122002,44.73,2.17,2016-01-01 06:30:00,60.0,1.3,0.0,92.0,276.35,6,30,0,0 days 06:30:00
19164001,45.7,2.06,2016-01-01 06:30:00,110.0,3.9,0.0,100.0,274.55,6,30,0,0 days 06:30:00
26321003,44.55,5.28,2016-01-01 06:30:00,0.0,0.0,0.0,97.0,278.45,6,30,0,0 days 06:30:00
34209002,43.32,3.35,2016-01-01 06:30:00,40.0,4.3,0.0,97.0,283.45,6,30,0,0 days 06:30:00
38191002,45.09,6.09,2016-01-01 06:30:00,20.0,2.4,0.0,83.0,270.05,6,30,0,0 days 06:30:00
38548001,45.08,5.56,2016-01-01 06:30:00,190.0,0.6,0.0,99.0,276.55,6,30,0,0 days 06:30:00
74042003,46.07,6.38,2016-01-01 06:30:00,250.0,1.4,0.2,99.0,279.95,6,30,0,0 days 06:30:00
83148002,43.39,6.53,2016-01-01 06:30:00,40.0,0.7,0.0,85.0,281.05,6,30,0,0 days 06:30:00
84025001,43.88,5.16,2016-01-01 06:30:00,0.0,0.0,0.0,99.0,279.35,6,30,0,0 days 06:30:00
7187001,44.61,4.24,2016-01-01 06:36:00,330.0,3.5,0.0,95.0,277.55,6,36,0,0 days 06:36:00
15122002,44.73,2.17,2016-01-01 06:36:00,60.0,1.0,0.0,92.0,276.25,6,36,0,0 days 06:36:00
19164001,45.7,2.06,2016-01-01 06:36:00,120.0,3.2,0.0,100.0,274.25,6,36,0,0 days 06:36:00
26321003,44.55,5.28,2016-01-01 06:36:00,0.0,0.0,0.0,96.0,278.45,6,36,0,0 days 06:36:00
34209002,43.32,3.35,2016-01-01 06:36:00,40.0,4.5,0.0,97.0,283.45,6,36,0,0 days 06:36:00
38191002,45.09,6.09,2016-01-01 06:36:00,20.0,1.8,0.0,83.0,270.25,6,36,0,0 days 06:36:00
38548001,45.08,5.56,2016-01-01 06:36:00,190.0,0.8,0.0,99.0,276.55,6,36,0,0 days 06:36:00
74042003,46.07,6.38,2016-01-01 06:36:00,250.0,1.8,0.0,99.0,279.95,6,36,0,0 days 06:36:00
83148002,43.39,6.53,2016-01-01 06:36:00,0.0,0.0,0.0,87.0,280.65,6,36,0,0 days 06:36:00
84025001,43.88,5.16,2016-01-01 06:36:00,50.0,0.5,0.0,99.0,279.55,6,36,0,0 days 06:36:00
7187001,44.61,4.24,2016-01-01 06:42:00,330.0,3.7,0.0,95.0,277.55,6,42,0,0 days 06:42:00
15122002,44.73,2.17,2016-01-01 06:42:00,60.0,0.9,0.0,92.0,276.15,6,42,0,0 days 06:42:00
19164001,45.7,2.06,2016-01-01 06:42:00,110.0,3.0,0.0,100.0,274.35,6,42,0,0 days 06:42:00
26321003,44.55,5.28,2016-01-01 06:42:00,0.0,0.0,0.0,95.0,278.25,6,42,0,0 days 06:42:00
34209002,43.32,3.35,2016-01-01 06:42:00,40.0,4.5,0.0,97.0,283.35,6,42,0,0 days 06:42:00
38191002,45.09,6.09,2016-01-01 06:42:00,60.0,0.7,0.0,86.0,270.35,6,42,0,0 days 06:42:00
38548001,45.08,5.56,2016-01-01 06:42:00,240.0,0.6,0.0,99.0,276.55,6,42,0,0 days 06:42:00
74042003,46.07,6.38,2016-01-01 06:42:00,240.0,1.9,0.0,99.0,279.95,6,42,0,0 days 06:42:00
83148002,43.39,6.53,2016-01-01 06:42:00,360.0,0.8,0.0,88.0,280.55,6,42,0,0 days 06:42:00
84025001,43.88,5.16,2016-01-01 06:42:00,60.0,0.8,0.0,99.0,279.65,6,42,0,0 days 06:42:00
7187001,44.61,4.24,2016-01-01 06:48:00,340.0,4.0,0.0,92.0,277.95,6,48,0,0 days 06:48:00
15122002,44.73,2.17,2016-01-01 06:48:00,50.0,1.4,0.0,92.0,276.05,6,48,0,0 days 06:48:00
19164001,45.7,2.06,2016-01-01 06:48:00,100.0,3.3,0.0,100.0,274.45,6,48,0,0 days 06:48:00
26321003,44.55,5.28,2016-01-01 06:48:00,0.0,0.0,0.0,95.0,278.15,6,48,0,0 days 06:48:00
34209002,43.32,3.35,2016-01-01 06:48:00,40.0,4.7,0.0,96.0,283.35,6,48,0,0 days 06:48:00
38191002,45.09,6.09,2016-01-01 06:48:00,90.0,0.9,0.0,86.0,270.45,6,48,0,0 days 06:48:00
38548001,45.08,5.56,2016-01-01 06:48:00,220.0,0.4,0.0,99.0,276.55,6,48,0,0 days 06:48:00
74042003,46.07,6.38,2016-01-01 06:48:00,240.0,2.0,0.0,99.0,279.95,6,48,0,0 days 06:48:00
83148002,43.39,6.53,2016-01-01 06:48:00,10.0,1.2,0.0,88.0,280.45,6,48,0,0 days 06:48:00
84025001,43.88,5.16,2016-01-01 06:48:00,70.0,0.7,0.0,99.0,279.65,6,48,0,0 days 06:48:00
7187001,44.61,4.24,2016-01-01 06:54:00,340.0,3.6,0.0,92.0,277.75,6,54,0,0 days 06:54:00
15122002,44.73,2.17,2016-01-01 06:54:00,40.0,1.8,0.0,93.0,275.85,6,54,0,0 days 06:54:00
19164001,45.7,2.06,2016-01-01 06:54:00,100.0,3.5,0.0,100.0,274.45,6,54,0,0 days 06:54:00
26321003,44.55,5.28,2016-01-01 06:54:00,0.0,0.0,0.0,96.0,278.05,6,54,0,0 days 06:54:00
34209002,43.32,3.35,2016-01-01 06:54:00,40.0,4.5,0.0,96.0,283.35,6,54,0,0 days 06:54:00
38191002,45.09,6.09,2016-01-01 06:54:00,70.0,1.9,0.0,85.0,270.05,6,54,0,0 days 06:54:00
38548001,45.08,5.56,2016-01-01 06:54:00,90.0,0.5,0.0,99.0,276.65,6,54,0,0 days 06:54:00
74042003,46.07,6.38,2016-01-01 06:54:00,240.0,2.0,0.0,99.0,279.95,6,54,0,0 days 06:54:00
83148002,43.39,6.53,2016-01-01 06:54:00,20.0,1.4,0.0,89.0,280.75,6,54,0,0 days 06:54:00
84025001,43.88,5.16,2016-01-01 06:54:00,70.0,0.8,0.0,99.0,279.65,6,54,0,0 days 06:54:00
7187001,44.61,4.24,2016-01-01 07:00:00,350.0,3.4,0.0,92.0,277.75,7,0,0,0 days 07:00:00
15122002,44.73,2.17,2016-01-01 07:00:00,30.0,1.7,0.0,94.0,276.15,7,0,0,0 days 07:00:00
19164001,45.7,2.06,2016-01-01 07:00:00,100.0,3.6,0.0,100.0,274.45,7,0,0,0 days 07:00:00
26321003,44.55,5.28,2016-01-01 07:00:00,0.0,0.0,0.0,97.0,278.05,7,0,0,0 days 07:00:00
34209002,43.32,3.35,2016-01-01 07:00:00,40.0,4.6,0.0,96.0,283.35,7,0,0,0 days 07:00:00
38191002,45.09,6.09,2016-01-01 07:00:00,90.0,1.6,0.0,88.0,269.85,7,0,0,0 days 07:00:00
38548001,45.08,5.56,2016-01-01 07:00:00,100.0,0.7,0.0,99.0,276.65,7,0,0,0 days 07:00:00
74042003,46.07,6.38,2016-01-01 07:00:00,230.0,1.5,0.0,99.0,279.95,7,0,0,0 days 07:00:00
83148002,43.39,6.53,2016-01-01 07:00:00,40.0,1.7,0.0,88.0,280.75,7,0,0,0 days 07:00:00
84025001,43.88,5.16,2016-01-01 07:00:00,60.0,1.1,0.0,99.0,279.75,7,0,0,0 days 07:00:00
7187001,44.61,4.24,2016-01-01 07:06:00,350.0,3.8,0.0,91.0,277.75,7,6,0,0 days 07:06:00
15122002,44.73,2.17,2016-01-01 07:06:00,40.0,1.7,0.0,93.0,276.55,7,6,0,0 days 07:06:00
19164001,45.7,2.06,2016-01-01 07:06:00,100.0,3.9,0.0,100.0,274.55,7,6,0,0 days 07:06:00
26321003,44.55,5.28,2016-01-01 07:06:00,220.0,0.5,0.0,96.0,278.05,7,6,0,0 days 07:06:00
34209002,43.32,3.35,2016-01-01 07:06:00,50.0,4.8,0.0,95.0,283.35,7,6,0,0 days 07:06:00
38191002,45.09,6.09,2016-01-01 07:06:00,90.0,1.1,0.0,90.0,269.95,7,6,0,0 days 07:06:00
38548001,45.08,5.56,2016-01-01 07:06:00,140.0,0.8,0.0,99.0,276.65,7,6,0,0 days 07:06:00
74042003,46.07,6.38,2016-01-01 07:06:00,240.0,1.4,0.0,99.0,279.95,7,6,0,0 days 07:06:00
83148002,43.39,6.53,2016-01-01 07:06:00,40.0,2.1,0.0,86.0,280.95,7,6,0,0 days 07:06:00
84025001,43.88,5.16,2016-01-01 07:06:00,40.0,0.9,0.0,99.0,279.85,7,6,0,0 days 07:06:00
7187001,44.61,4.24,2016-01-01 07:12:00,360.0,3.7,0.0,90.0,277.95,7,12,0,0 days 07:12:00
15122002,44.73,2.17,2016-01-01 07:12:00,40.0,2.2,0.0,92.0,276.75,7,12,0,0 days 07:12:00
19164001,45.7,2.06,2016-01-01 07:12:00,110.0,4.5,0.0,100.0,274.65,7,12,0,0 days 07:12:00
26321003,44.55,5.28,2016-01-01 07:12:00,220.0,0.5,0.0,96.0,277.95,7,12,0,0 days 07:12:00
34209002,43.32,3.35,2016-01-01 07:12:00,50.0,4.7,0.0,95.0,283.25,7,12,0,0 days 07:12:00
38191002,45.09,6.09,2016-01-01 07:12:00,50.0,1.1,0.0,90.0,270.25,7,12,0,0 days 07:12:00
38548001,45.08,5.56,2016-01-01 07:12:00,150.0,0.5,0.0,99.0,276.65,7,12,0,0 days 07:12:00
74042003,46.07,6.38,2016-01-01 07:12:00,230.0,1.5,0.0,99.0,279.95,7,12,0,0 days 07:12:00
83148002,43.39,6.53,2016-01-01 07:12:00,30.0,2.3,0.0,85.0,281.05,7,12,0,0 days 07:12:00
84025001,43.88,5.16,2016-01-01 07:12:00,40.0,0.6,0.0,99.0,279.85,7,12,0,0 days 07:12:00
7187001,44.61,4.24,2016-01-01 07:18:00,360.0,3.6,0.0,89.0,278.05,7,18,0,0 days 07:18:00
15122002,44.73,2.17,2016-01-01 07:18:00,40.0,2.2,0.0,90.0,276.95,7,18,0,0 days 07:18:00
19164001,45.7,2.06,2016-01-01 07:18:00,110.0,5.1,0.0,100.0,274.65,7,18,0,0 days 07:18:00
26321003,44.55,5.28,2016-01-01 07:18:00,0.0,0.0,0.0,98.0,278.05,7,18,0,0 days 07:18:00
34209002,43.32,3.35,2016-01-01 07:18:00,40.0,4.9,0.0,95.0,283.25,7,18,0,0 days 07:18:00
38191002,45.09,6.09,2016-01-01 07:18:00,30.0,1.8,0.0,84.0,270.15,7,18,0,0 days 07:18:00
38548001,45.08,5.56,2016-01-01 07:18:00,10.0,0.4,0.0,99.0,276.65,7,18,0,0 days 07:18:00
74042003,46.07,6.38,2016-01-01 07:18:00,230.0,1.6,0.0,99.0,279.95,7,18,0,0 days 07:18:00
83148002,43.39,6.53,2016-01-01 07:18:00,30.0,2.4,0.0,85.0,281.15,7,18,0,0 days 07:18:00
84025001,43.88,5.16,2016-01-01 07:18:00,40.0,0.9,0.0,99.0,279.95,7,18,0,0 days 07:18:00
7187001,44.61,4.24,2016-01-01 07:24:00,350.0,3.1,0.0,88.0,278.05,7,24,0,0 days 07:24:00
15122002,44.73,2.17,2016-01-01 07:24:00,30.0,1.9,0.0,90.0,276.75,7,24,0,0 days 07:24:00
19164001,45.7,2.06,2016-01-01 07:24:00,110.0,5.0,0.0,100.0,274.65,7,24,0,0 days 07:24:00
26321003,44.55,5.28,2016-01-01 07:24:00,190.0,0.5,0.0,98.0,278.05,7,24,0,0 days 07:24:00
34209002,43.32,3.35,2016-01-01 07:24:00,50.0,4.8,0.0,95.0,283.25,7,24,0,0 days 07:24:00
38191002,45.09,6.09,2016-01-01 07:24:00,30.0,1.9,0.0,86.0,270.05,7,24,0,0 days 07:24:00
38548001,45.08,5.56,2016-01-01 07:24:00,20.0,0.5,0.0,99.0,276.65,7,24,0,0 days 07:24:00
74042003,46.07,6.38,2016-01-01 07:24:00,240.0,1.9,0.0,99.0,279.95,7,24,0,0 days 07:24:00
83148002,43.39,6.53,2016-01-01 07:24:00,30.0,2.6,0.0,85.0,281.15,7,24,0,0 days 07:24:00
84025001,43.88,5.16,2016-01-01 07:24:00,30.0,1.4,0.0,99.0,279.95,7,24,0,0 days 07:24:00
7187001,44.61,4.24,2016-01-01 07:30:00,350.0,2.4,0.0,89.0,277.95,7,30,0,0 days 07:30:00
15122002,44.73,2.17,2016-01-01 07:30:00,20.0,2.0,0.0,89.0,276.75,7,30,0,0 days 07:30:00
19164001,45.7,2.06,2016-01-01 07:30:00,120.0,5.1,0.0,100.0,274.65,7,30,0,0 days 07:30:00
26321003,44.55,5.28,2016-01-01 07:30:00,0.0,0.0,0.0,97.0,277.95,7,30,0,0 days 07:30:00
34209002,43.32,3.35,2016-01-01 07:30:00,50.0,4.9,0.0,95.0,283.25,7,30,0,0 days 07:30:00
38191002,45.09,6.09,2016-01-01 07:30:00,30.0,0.8,0.0,88.0,270.45,7,30,0,0 days 07:30:00
38548001,45.08,5.56,2016-01-01 07:30:00,100.0,0.6,0.0,98.0,276.35,7,30,0,0 days 07:30:00
74042003,46.07,6.38,2016-01-01 07:30:00,240.0,1.9,0.0,99.0,279.95,7,30,0,0 days 07:30:00
83148002,43.39,6.53,2016-01-01 07:30:00,30.0,2.3,0.0,85.0,281.15,7,30,0,0 days 07:30:00
84025001,43.88,5.16,2016-01-01 07:30:00,30.0,1.3,0.0,100.0,280.05,7,30,0,0 days 07:30:00
7187001,44.61,4.24,2016-01-01 07:36:00,330.0,1.8,0.0,89.0,278.05,7,36,0,0 days 07:36:00
15122002,44.73,2.17,2016-01-01 07:36:00,10.0,1.9,0.0,90.0,276.65,7,36,0,0 days 07:36:00
19164001,45.7,2.06,2016-01-01 07:36:00,120.0,4.9,0.0,100.0,274.65,7,36,0,0 days 07:36:00
26321003,44.55,5.28,2016-01-01 07:36:00,0.0,0.0,0.0,98.0,277.85,7,36,0,0 days 07:36:00
34209002,43.32,3.35,2016-01-01 07:36:00,40.0,5.1,0.0,95.0,283.25,7,36,0,0 days 07:36:00
38191002,45.09,6.09,2016-01-01 07:36:00,360.0,0.6,0.0,90.0,270.55,7,36,0,0 days 07:36:00
38548001,45.08,5.56,2016-01-01 07:36:00,150.0,1.4,0.0,98.0,276.05,7,36,0,0 days 07:36:00
74042003,46.07,6.38,2016-01-01 07:36:00,250.0,1.5,0.0,99.0,279.95,7,36,0,0 days 07:36:00
83148002,43.39,6.53,2016-01-01 07:36:00,20.0,1.6,0.0,86.0,281.15,7,36,0,0 days 07:36:00
84025001,43.88,5.16,2016-01-01 07:36:00,30.0,1.3,0.0,99.0,280.05,7,36,0,0 days 07:36:00
7187001,44.61,4.24,2016-01-01 07:42:00,310.0,1.6,0.0,87.0,278.15,7,42,0,0 days 07:42:00
15122002,44.73,2.17,2016-01-01 07:42:00,10.0,2.0,0.0,90.0,276.75,7,42,0,0 days 07:42:00
19164001,45.7,2.06,2016-01-01 07:42:00,110.0,4.4,0.0,100.0,274.65,7,42,0,0 days 07:42:00
26321003,44.55,5.28,2016-01-01 07:42:00,0.0,0.0,0.0,97.0,277.85,7,42,0,0 days 07:42:00
34209002,43.32,3.35,2016-01-01 07:42:00,40.0,5.1,0.0,95.0,283.25,7,42,0,0 days 07:42:00
38191002,45.09,6.09,2016-01-01 07:42:00,10.0,1.0,0.0,87.0,270.45,7,42,0,0 days 07:42:00
38548001,45.08,5.56,2016-01-01 07:42:00,140.0,2.2,0.0,98.0,275.85,7,42,0,0 days 07:42:00
74042003,46.07,6.38,2016-01-01 07:42:00,260.0,1.1,0.0,99.0,279.95,7,42,0,0 days 07:42:00
83148002,43.39,6.53,2016-01-01 07:42:00,20.0,0.9,0.0,86.0,281.15,7,42,0,0 days 07:42:00
84025001,43.88,5.16,2016-01-01 07:42:00,50.0,1.2,0.0,99.0,280.15,7,42,0,0 days 07:42:00
7187001,44.61,4.24,2016-01-01 07:48:00,310.0,1.8,0.0,87.0,278.15,7,48,0,0 days 07:48:00
15122002,44.73,2.17,2016-01-01 07:48:00,10.0,2.0,0.0,89.0,277.05,7,48,0,0 days 07:48:00
19164001,45.7,2.06,2016-01-01 07:48:00,120.0,4.0,0.0,100.0,274.65,7,48,0,0 days 07:48:00
26321003,44.55,5.28,2016-01-01 07:48:00,0.0,0.0,0.0,97.0,277.95,7,48,0,0 days 07:48:00
34209002,43.32,3.35,2016-01-01 07:48:00,40.0,5.2,0.0,95.0,283.25,7,48,0,0 days 07:48:00
38191002,45.09,6.09,2016-01-01 07:48:00,20.0,0.8,0.0,86.0,270.45,7,48,0,0 days 07:48:00
38548001,45.08,5.56,2016-01-01 07:48:00,140.0,2.2,0.0,99.0,276.15,7,48,0,0 days 07:48:00
74042003,46.07,6.38,2016-01-01 07:48:00,260.0,1.1,0.0,99.0,279.95,7,48,0,0 days 07:48:00
83148002,43.39,6.53,2016-01-01 07:48:00,20.0,0.8,0.0,87.0,281.05,7,48,0,0 days 07:48:00
84025001,43.88,5.16,2016-01-01 07:48:00,60.0,1.1,0.0,100.0,280.25,7,48,0,0 days 07:48:00
7187001,44.61,4.24,2016-01-01 07:54:00,320.0,1.9,0.0,86.0,278.35,7,54,0,0 days 07:54:00
15122002,44.73,2.17,2016-01-01 07:54:00,30.0,1.4,0.0,88.0,277.35,7,54,0,0 days 07:54:00
19164001,45.7,2.06,2016-01-01 07:54:00,120.0,3.9,0.0,100.0,274.75,7,54,0,0 days 07:54:00
26321003,44.55,5.28,2016-01-01 07:54:00,0.0,0.0,0.0,97.0,277.95,7,54,0,0 days 07:54:00
34209002,43.32,3.35,2016-01-01 07:54:00,50.0,5.1,0.0,95.0,283.25,7,54,0,0 days 07:54:00
38191002,45.09,6.09,2016-01-01 07:54:00,40.0,1.3,0.0,85.0,270.25,7,54,0,0 days 07:54:00
38548001,45.08,5.56,2016-01-01 07:54:00,150.0,1.5,0.0,99.0,276.15,7,54,0,0 days 07:54:00
74042003,46.07,6.38,2016-01-01 07:54:00,250.0,1.0,0.0,99.0,279.95,7,54,0,0 days 07:54:00
83148002,43.39,6.53,2016-01-01 07:54:00,10.0,0.6,0.0,88.0,280.75,7,54,0,0 days 07:54:00
84025001,43.88,5.16,2016-01-01 07:54:00,60.0,1.1,0.0,100.0,280.35,7,54,0,0 days 07:54:00
7187001,44.61,4.24,2016-01-01 08:00:00,320.0,2.1,0.0,86.0,278.45,8,0,0,0 days 08:00:00
15122002,44.73,2.17,2016-01-01 08:00:00,50.0,1.3,0.0,87.0,277.45,8,0,0,0 days 08:00:00
19164001,45.7,2.06,2016-01-01 08:00:00,120.0,4.2,0.0,100.0,274.85,8,0,0,0 days 08:00:00
26321003,44.55,5.28,2016-01-01 08:00:00,0.0,0.0,0.0,97.0,277.95,8,0,0,0 days 08:00:00
34209002,43.32,3.35,2016-01-01 08:00:00,50.0,5.3,0.0,95.0,283.25,8,0,0,0 days 08:00:00
38191002,45.09,6.09,2016-01-01 08:00:00,50.0,1.4,0.0,87.0,270.15,8,0,0,0 days 08:00:00
38548001,45.08,5.56,2016-01-01 08:00:00,160.0,1.2,0.0,99.0,276.25,8,0,0,0 days 08:00:00
74042003,46.07,6.38,2016-01-01 08:00:00,250.0,0.7,0.0,99.0,279.95,8,0,0,0 days 08:00:00
83148002,43.39,6.53,2016-01-01 08:00:00,0.0,0.0,0.0,90.0,280.35,8,0,0,0 days 08:00:00
84025001,43.88,5.16,2016-01-01 08:00:00,70.0,0.8,0.0,100.0,280.45,8,0,0,0 days 08:00:00
7187001,44.61,4.24,2016-01-01 08:06:00,310.0,2.1,0.0,85.0,278.55,8,6,0,0 days 08:06:00
15122002,44.73,2.17,2016-01-01 08:06:00,50.0,1.4,0.0,87.0,277.55,8,6,0,0 days 08:06:00
19164001,45.7,2.06,2016-01-01 08:06:00,120.0,4.3,0.0,100.0,275.05,8,6,0,0 days 08:06:00
26321003,44.55,5.28,2016-01-01 08:06:00,0.0,0.0,0.0,98.0,277.95,8,6,0,0 days 08:06:00
34209002,43.32,3.35,2016-01-01 08:06:00,50.0,5.6,0.0,95.0,283.15,8,6,0,0 days 08:06:00
38191002,45.09,6.09,2016-01-01 08:06:00,40.0,1.3,0.0,89.0,270.75,8,6,0,0 days 08:06:00
38548001,45.08,5.56,2016-01-01 08:06:00,150.0,1.3,0.0,99.0,276.25,8,6,0,0 days 08:06:00
74042003,46.07,6.38,2016-01-01 08:06:00,260.0,1.0,0.0,99.0,279.95,8,6,0,0 days 08:06:00
83148002,43.39,6.53,2016-01-01 08:06:00,0.0,0.0,0.0,92.0,279.85,8,6,0,0 days 08:06:00
84025001,43.88,5.16,2016-01-01 08:06:00,90.0,0.8,0.0,100.0,280.65,8,6,0,0 days 08:06:00
7187001,44.61,4.24,2016-01-01 08:12:00,310.0,1.8,0.0,84.0,278.75,8,12,0,0 days 08:12:00
15122002,44.73,2.17,2016-01-01 08:12:00,50.0,1.4,0.0,87.0,277.75,8,12,0,0 days 08:12:00
19164001,45.7,2.06,2016-01-01 08:12:00,120.0,4.4,0.0,100.0,275.25,8,12,0,0 days 08:12:00
26321003,44.55,5.28,2016-01-01 08:12:00,200.0,0.6,0.0,97.0,277.95,8,12,0,0 days 08:12:00
34209002,43.32,3.35,2016-01-01 08:12:00,50.0,5.4,0.0,95.0,283.25,8,12,0,0 days 08:12:00
38191002,45.09,6.09,2016-01-01 08:12:00,50.0,1.1,0.0,87.0,271.45,8,12,0,0 days 08:12:00
38548001,45.08,5.56,2016-01-01 08:12:00,140.0,1.3,0.0,99.0,276.15,8,12,0,0 days 08:12:00
74042003,46.07,6.38,2016-01-01 08:12:00,260.0,1.2,0.0,99.0,279.95,8,12,0,0 days 08:12:00
83148002,43.39,6.53,2016-01-01 08:12:00,0.0,0.0,0.0,93.0,279.75,8,12,0,0 days 08:12:00
84025001,43.88,5.16,2016-01-01 08:12:00,120.0,0.8,0.0,99.0,280.75,8,12,0,0 days 08:12:00
7187001,44.61,4.24,2016-01-01 08:18:00,310.0,1.5,0.0,82.0,278.95,8,18,0,0 days 08:18:00
15122002,44.73,2.17,2016-01-01 08:18:00,50.0,1.2,0.0,86.0,278.05,8,18,0,0 days 08:18:00
19164001,45.7,2.06,2016-01-01 08:18:00,120.0,4.8,0.0,100.0,275.75,8,18,0,0 days 08:18:00
26321003,44.55,5.28,2016-01-01 08:18:00,190.0,0.5,0.0,98.0,277.95,8,18,0,0 days 08:18:00
34209002,43.32,3.35,2016-01-01 08:18:00,50.0,5.3,0.0,95.0,283.15,8,18,0,0 days 08:18:00
38191002,45.09,6.09,2016-01-01 08:18:00,60.0,1.3,0.0,86.0,271.75,8,18,0,0 days 08:18:00
38548001,45.08,5.56,2016-01-01 08:18:00,100.0,1.1,0.0,99.0,276.15,8,18,0,0 days 08:18:00
74042003,46.07,6.38,2016-01-01 08:18:00,270.0,0.9,0.0,99.0,279.95,8,18,0,0 days 08:18:00
83148002,43.39,6.53,2016-01-01 08:18:00,0.0,0.0,0.0,94.0,279.75,8,18,0,0 days 08:18:00
84025001,43.88,5.16,2016-01-01 08:18:00,110.0,0.6,0.0,100.0,280.85,8,18,0,0 days 08:18:00
7187001,44.61,4.24,2016-01-01 08:24:00,310.0,1.7,0.0,81.0,278.85,8,24,0,0 days 08:24:00
15122002,44.73,2.17,2016-01-01 08:24:00,50.0,1.1,0.0,86.0,278.15,8,24,0,0 days 08:24:00
19164001,45.7,2.06,2016-01-01 08:24:00,130.0,5.3,0.0,100.0,276.05,8,24,0,0 days 08:24:00
26321003,44.55,5.28,2016-01-01 08:24:00,190.0,0.5,0.0,98.0,278.05,8,24,0,0 days 08:24:00
34209002,43.32,3.35,2016-01-01 08:24:00,50.0,5.4,0.0,95.0,283.15,8,24,0,0 days 08:24:00
38191002,45.09,6.09,2016-01-01 08:24:00,50.0,1.2,0.0,87.0,272.15,8,24,0,0 days 08:24:00
38548001,45.08,5.56,2016-01-01 08:24:00,120.0,0.7,0.0,99.0,276.15,8,24,0,0 days 08:24:00
74042003,46.07,6.38,2016-01-01 08:24:00,260.0,0.6,0.0,99.0,279.95,8,24,0,0 days 08:24:00
83148002,43.39,6.53,2016-01-01 08:24:00,0.0,0.0,0.0,94.0,279.75,8,24,0,0 days 08:24:00
84025001,43.88,5.16,2016-01-01 08:24:00,70.0,0.7,0.0,99.0,280.95,8,24,0,0 days 08:24:00
7187001,44.61,4.24,2016-01-01 08:30:00,330.0,1.7,0.0,81.0,278.95,8,30,0,0 days 08:30:00
15122002,44.73,2.17,2016-01-01 08:30:00,60.0,1.5,0.0,86.0,278.55,8,30,0,0 days 08:30:00
19164001,45.7,2.06,2016-01-01 08:30:00,130.0,5.3,0.0,98.0,276.25,8,30,0,0 days 08:30:00
26321003,44.55,5.28,2016-01-01 08:30:00,0.0,0.0,0.0,99.0,278.05,8,30,0,0 days 08:30:00
34209002,43.32,3.35,2016-01-01 08:30:00,50.0,5.2,0.2,95.0,283.25,8,30,0,0 days 08:30:00
38191002,45.09,6.09,2016-01-01 08:30:00,60.0,0.8,0.0,84.0,272.65,8,30,0,0 days 08:30:00
38548001,45.08,5.56,2016-01-01 08:30:00,160.0,0.8,0.0,99.0,276.25,8,30,0,0 days 08:30:00
74042003,46.07,6.38,2016-01-01 08:30:00,0.0,0.0,0.0,99.0,279.95,8,30,0,0 days 08:30:00
83148002,43.39,6.53,2016-01-01 08:30:00,0.0,0.0,0.0,95.0,279.85,8,30,0,0 days 08:30:00
84025001,43.88,5.16,2016-01-01 08:30:00,50.0,1.0,0.0,99.0,280.85,8,30,0,0 days 08:30:00
7187001,44.61,4.24,2016-01-01 08:36:00,330.0,1.7,0.0,81.0,278.95,8,36,0,0 days 08:36:00
15122002,44.73,2.17,2016-01-01 08:36:00,70.0,1.6,0.0,83.0,279.25,8,36,0,0 days 08:36:00
19164001,45.7,2.06,2016-01-01 08:36:00,130.0,5.5,0.0,96.0,276.45,8,36,0,0 days 08:36:00
26321003,44.55,5.28,2016-01-01 08:36:00,0.0,0.0,0.0,97.0,278.15,8,36,0,0 days 08:36:00
34209002,43.32,3.35,2016-01-01 08:36:00,50.0,5.5,0.0,95.0,283.25,8,36,0,0 days 08:36:00
38191002,45.09,6.09,2016-01-01 08:36:00,130.0,0.5,0.0,83.0,273.65,8,36,0,0 days 08:36:00
38548001,45.08,5.56,2016-01-01 08:36:00,150.0,1.0,0.0,99.0,276.35,8,36,0,0 days 08:36:00
74042003,46.07,6.38,2016-01-01 08:36:00,0.0,0.0,0.0,99.0,279.95,8,36,0,0 days 08:36:00
83148002,43.39,6.53,2016-01-01 08:36:00,0.0,0.0,0.0,95.0,279.95,8,36,0,0 days 08:36:00
84025001,43.88,5.16,2016-01-01 08:36:00,70.0,1.3,0.0,99.0,281.05,8,36,0,0 days 08:36:00
7187001,44.61,4.24,2016-01-01 08:42:00,330.0,1.7,0.0,80.0,279.25,8,42,0,0 days 08:42:00
15122002,44.73,2.17,2016-01-01 08:42:00,80.0,1.6,0.0,81.0,279.45,8,42,0,0 days 08:42:00
19164001,45.7,2.06,2016-01-01 08:42:00,130.0,5.7,0.0,96.0,276.65,8,42,0,0 days 08:42:00
26321003,44.55,5.28,2016-01-01 08:42:00,0.0,0.0,0.0,99.0,278.35,8,42,0,0 days 08:42:00
34209002,43.32,3.35,2016-01-01 08:42:00,50.0,5.6,0.0,95.0,283.25,8,42,0,0 days 08:42:00
38191002,45.09,6.09,2016-01-01 08:42:00,160.0,0.5,0.0,81.0,274.25,8,42,0,0 days 08:42:00
38548001,45.08,5.56,2016-01-01 08:42:00,170.0,1.2,0.0,99.0,276.55,8,42,0,0 days 08:42:00
74042003,46.07,6.38,2016-01-01 08:42:00,0.0,0.0,0.0,99.0,280.05,8,42,0,0 days 08:42:00
83148002,43.39,6.53,2016-01-01 08:42:00,0.0,0.0,0.0,95.0,279.95,8,42,0,0 days 08:42:00
84025001,43.88,5.16,2016-01-01 08:42:00,80.0,1.3,0.0,99.0,281.05,8,42,0,0 days 08:42:00
7187001,44.61,4.24,2016-01-01 08:48:00,330.0,1.9,0.0,81.0,279.15,8,48,0,0 days 08:48:00
15122002,44.73,2.17,2016-01-01 08:48:00,80.0,1.3,0.0,80.0,279.65,8,48,0,0 days 08:48:00
19164001,45.7,2.06,2016-01-01 08:48:00,130.0,5.4,0.0,92.0,276.95,8,48,0,0 days 08:48:00
26321003,44.55,5.28,2016-01-01 08:48:00,0.0,0.0,0.0,99.0,278.45,8,48,0,0 days 08:48:00
34209002,43.32,3.35,2016-01-01 08:48:00,60.0,5.4,0.0,95.0,283.15,8,48,0,0 days 08:48:00
38191002,45.09,6.09,2016-01-01 08:48:00,100.0,0.6,0.0,77.0,274.45,8,48,0,0 days 08:48:00
38548001,45.08,5.56,2016-01-01 08:48:00,130.0,0.7,0.0,99.0,276.55,8,48,0,0 days 08:48:00
74042003,46.07,6.38,2016-01-01 08:48:00,0.0,0.0,0.0,99.0,280.05,8,48,0,0 days 08:48:00
83148002,43.39,6.53,2016-01-01 08:48:00,0.0,0.0,0.0,95.0,280.05,8,48,0,0 days 08:48:00
84025001,43.88,5.16,2016-01-01 08:48:00,80.0,1.5,0.0,98.0,280.85,8,48,0,0 days 08:48:00
7187001,44.61,4.24,2016-01-01 08:54:00,330.0,2.0,0.0,80.0,279.25,8,54,0,0 days 08:54:00
15122002,44.73,2.17,2016-01-01 08:54:00,90.0,1.2,0.0,80.0,279.85,8,54,0,0 days 08:54:00
19164001,45.7,2.06,2016-01-01 08:54:00,130.0,5.1,0.0,92.0,277.15,8,54,0,0 days 08:54:00
26321003,44.55,5.28,2016-01-01 08:54:00,100.0,1.3,0.0,97.0,278.65,8,54,0,0 days 08:54:00
34209002,43.32,3.35,2016-01-01 08:54:00,60.0,5.3,0.0,95.0,283.25,8,54,0,0 days 08:54:00
38191002,45.09,6.09,2016-01-01 08:54:00,70.0,1.0,0.0,76.0,274.65,8,54,0,0 days 08:54:00
38548001,45.08,5.56,2016-01-01 08:54:00,300.0,0.8,0.0,99.0,276.65,8,54,0,0 days 08:54:00
74042003,46.07,6.38,2016-01-01 08:54:00,0.0,0.0,0.0,99.0,280.05,8,54,0,0 days 08:54:00
83148002,43.39,6.53,2016-01-01 08:54:00,0.0,0.0,0.0,95.0,280.15,8,54,0,0 days 08:54:00
84025001,43.88,5.16,2016-01-01 08:54:00,90.0,1.2,0.0,98.0,281.05,8,54,0,0 days 08:54:00
7187001,44.61,4.24,2016-01-01 09:00:00,330.0,2.1,0.0,79.0,279.35,9,0,0,0 days 09:00:00
15122002,44.73,2.17,2016-01-01 09:00:00,80.0,1.5,0.0,81.0,280.05,9,0,0,0 days 09:00:00
19164001,45.7,2.06,2016-01-01 09:00:00,130.0,5.3,0.0,92.0,277.35,9,0,0,0 days 09:00:00
26321003,44.55,5.28,2016-01-01 09:00:00,90.0,1.8,0.0,95.0,278.75,9,0,0,0 days 09:00:00
34209002,43.32,3.35,2016-01-01 09:00:00,60.0,4.7,0.0,94.0,283.25,9,0,0,0 days 09:00:00
38191002,45.09,6.09,2016-01-01 09:00:00,120.0,1.0,0.0,76.0,274.85,9,0,0,0 days 09:00:00
38548001,45.08,5.56,2016-01-01 09:00:00,240.0,0.9,0.0,99.0,276.75,9,0,0,0 days 09:00:00
74042003,46.07,6.38,2016-01-01 09:00:00,0.0,0.0,0.0,99.0,280.05,9,0,0,0 days 09:00:00
83148002,43.39,6.53,2016-01-01 09:00:00,0.0,0.0,0.0,95.0,280.05,9,0,0,0 days 09:00:00
84025001,43.88,5.16,2016-01-01 09:00:00,100.0,0.8,0.0,99.0,282.55,9,0,0,0 days 09:00:00
7187001,44.61,4.24,2016-01-01 09:06:00,330.0,2.1,0.0,79.0,279.45,9,6,0,0 days 09:06:00
15122002,44.73,2.17,2016-01-01 09:06:00,100.0,1.3,0.0,82.0,280.35,9,6,0,0 days 09:06:00
19164001,45.7,2.06,2016-01-01 09:06:00,120.0,5.3,0.0,89.0,277.55,9,6,0,0 days 09:06:00
26321003,44.55,5.28,2016-01-01 09:06:00,90.0,1.3,0.0,95.0,278.85,9,6,0,0 days 09:06:00
34209002,43.32,3.35,2016-01-01 09:06:00,60.0,4.6,0.0,94.0,283.25,9,6,0,0 days 09:06:00
38191002,45.09,6.09,2016-01-01 09:06:00,200.0,1.2,0.0,75.0,274.55,9,6,0,0 days 09:06:00
38548001,45.08,5.56,2016-01-01 09:06:00,260.0,0.8,0.0,98.0,276.75,9,6,0,0 days 09:06:00
74042003,46.07,6.38,2016-01-01 09:06:00,0.0,0.0,0.0,99.0,280.05,9,6,0,0 days 09:06:00
83148002,43.39,6.53,2016-01-01 09:06:00,0.0,0.0,0.0,95.0,280.25,9,6,0,0 days 09:06:00
84025001,43.88,5.16,2016-01-01 09:06:00,130.0,0.5,0.0,98.0,282.95,9,6,0,0 days 09:06:00
7187001,44.61,4.24,2016-01-01 09:12:00,320.0,2.0,0.0,77.0,279.55,9,12,0,0 days 09:12:00
15122002,44.73,2.17,2016-01-01 09:12:00,110.0,1.0,0.0,79.0,280.85,9,12,0,0 days 09:12:00
19164001,45.7,2.06,2016-01-01 09:12:00,130.0,5.4,0.0,88.0,277.85,9,12,0,0 days 09:12:00
26321003,44.55,5.28,2016-01-01 09:12:00,80.0,1.4,0.0,94.0,278.95,9,12,0,0 days 09:12:00
34209002,43.32,3.35,2016-01-01 09:12:00,60.0,4.6,0.0,94.0,283.25,9,12,0,0 days 09:12:00
38191002,45.09,6.09,2016-01-01 09:12:00,270.0,1.0,0.0,77.0,274.25,9,12,0,0 days 09:12:00
38548001,45.08,5.56,2016-01-01 09:12:00,310.0,1.4,0.0,98.0,276.55,9,12,0,0 days 09:12:00
74042003,46.07,6.38,2016-01-01 09:12:00,0.0,0.0,0.0,99.0,280.05,9,12,0,0 days 09:12:00
83148002,43.39,6.53,2016-01-01 09:12:00,0.0,0.0,0.0,95.0,280.35,9,12,0,0 days 09:12:00
84025001,43.88,5.16,2016-01-01 09:12:00,150.0,1.0,0.0,96.0,282.75,9,12,0,0 days 09:12:00
7187001,44.61,4.24,2016-01-01 09:18:00,330.0,2.0,0.0,77.0,279.65,9,18,0,0 days 09:18:00
15122002,44.73,2.17,2016-01-01 09:18:00,120.0,1.3,0.0,77.0,280.95,9,18,0,0 days 09:18:00
19164001,45.7,2.06,2016-01-01 09:18:00,130.0,5.5,0.0,87.0,278.05,9,18,0,0 days 09:18:00
26321003,44.55,5.28,2016-01-01 09:18:00,70.0,1.9,0.0,93.0,278.95,9,18,0,0 days 09:18:00
34209002,43.32,3.35,2016-01-01 09:18:00,50.0,4.3,0.0,94.0,283.35,9,18,0,0 days 09:18:00
38191002,45.09,6.09,2016-01-01 09:18:00,360.0,1.3,0.0,78.0,273.75,9,18,0,0 days 09:18:00
38548001,45.08,5.56,2016-01-01 09:18:00,350.0,1.8,0.0,98.0,276.55,9,18,0,0 days 09:18:00
74042003,46.07,6.38,2016-01-01 09:18:00,0.0,0.0,0.0,99.0,280.15,9,18,0,0 days 09:18:00
83148002,43.39,6.53,2016-01-01 09:18:00,0.0,0.0,0.0,95.0,280.35,9,18,0,0 days 09:18:00
84025001,43.88,5.16,2016-01-01 09:18:00,170.0,1.6,0.0,95.0,282.45,9,18,0,0 days 09:18:00
7187001,44.61,4.24,2016-01-01 09:24:00,330.0,2.0,0.0,78.0,279.75,9,24,0,0 days 09:24:00
15122002,44.73,2.17,2016-01-01 09:24:00,130.0,1.7,0.0,78.0,280.55,9,24,0,0 days 09:24:00
19164001,45.7,2.06,2016-01-01 09:24:00,130.0,5.2,0.0,87.0,278.25,9,24,0,0 days 09:24:00
26321003,44.55,5.28,2016-01-01 09:24:00,80.0,1.9,0.0,92.0,278.95,9,24,0,0 days 09:24:00
34209002,43.32,3.35,2016-01-01 09:24:00,50.0,4.3,0.0,94.0,283.25,9,24,0,0 days 09:24:00
38191002,45.09,6.09,2016-01-01 09:24:00,40.0,1.4,0.0,75.0,273.95,9,24,0,0 days 09:24:00
38548001,45.08,5.56,2016-01-01 09:24:00,340.0,1.7,0.0,97.0,276.55,9,24,0,0 days 09:24:00
74042003,46.07,6.38,2016-01-01 09:24:00,0.0,0.0,0.0,99.0,280.15,9,24,0,0 days 09:24:00
83148002,43.39,6.53,2016-01-01 09:24:00,30.0,0.8,0.0,95.0,280.55,9,24,0,0 days 09:24:00
84025001,43.88,5.16,2016-01-01 09:24:00,160.0,1.8,0.0,94.0,282.55,9,24,0,0 days 09:24:00
7187001,44.61,4.24,2016-01-01 09:30:00,330.0,2.1,0.0,76.0,279.95,9,30,0,0 days 09:30:00
15122002,44.73,2.17,2016-01-01 09:30:00,130.0,1.8,0.0,80.0,280.35,9,30,0,0 days 09:30:00
19164001,45.7,2.06,2016-01-01 09:30:00,120.0,5.0,0.0,86.0,278.45,9,30,0,0 days 09:30:00
26321003,44.55,5.28,2016-01-01 09:30:00,80.0,1.8,0.0,92.0,279.05,9,30,0,0 days 09:30:00
34209002,43.32,3.35,2016-01-01 09:30:00,60.0,4.2,0.2,94.0,283.25,9,30,0,0 days 09:30:00
38191002,45.09,6.09,2016-01-01 09:30:00,80.0,1.1,0.0,75.0,274.95,9,30,0,0 days 09:30:00
38548001,45.08,5.56,2016-01-01 09:30:00,320.0,1.8,0.0,96.0,276.45,9,30,0,0 days 09:30:00
74042003,46.07,6.38,2016-01-01 09:30:00,0.0,0.0,0.0,99.0,280.15,9,30,0,0 days 09:30:00
83148002,43.39,6.53,2016-01-01 09:30:00,30.0,1.9,0.0,93.0,281.25,9,30,0,0 days 09:30:00
84025001,43.88,5.16,2016-01-01 09:30:00,160.0,1.8,0.0,94.0,282.55,9,30,0,0 days 09:30:00
7187001,44.61,4.24,2016-01-01 09:36:00,330.0,2.2,0.0,74.0,279.95,9,36,0,0 days 09:36:00
15122002,44.73,2.17,2016-01-01 09:36:00,130.0,1.7,0.0,80.0,280.25,9,36,0,0 days 09:36:00
19164001,45.7,2.06,2016-01-01 09:36:00,120.0,5.0,0.0,84.0,278.65,9,36,0,0 days 09:36:00
26321003,44.55,5.28,2016-01-01 09:36:00,80.0,1.2,0.0,91.0,279.15,9,36,0,0 days 09:36:00
34209002,43.32,3.35,2016-01-01 09:36:00,60.0,4.3,0.0,94.0,283.25,9,36,0,0 days 09:36:00
38191002,45.09,6.09,2016-01-01 09:36:00,180.0,1.3,0.0,72.0,275.15,9,36,0,0 days 09:36:00
38548001,45.08,5.56,2016-01-01 09:36:00,340.0,1.3,0.0,97.0,276.55,9,36,0,0 days 09:36:00
74042003,46.07,6.38,2016-01-01 09:36:00,0.0,0.0,0.0,99.0,280.15,9,36,0,0 days 09:36:00
83148002,43.39,6.53,2016-01-01 09:36:00,40.0,2.1,0.0,89.0,281.55,9,36,0,0 days 09:36:00
84025001,43.88,5.16,2016-01-01 09:36:00,170.0,1.3,0.0,94.0,283.25,9,36,0,0 days 09:36:00
7187001,44.61,4.24,2016-01-01 09:42:00,330.0,2.1,0.0,74.0,280.15,9,42,0,0 days 09:42:00
15122002,44.73,2.17,2016-01-01 09:42:00,130.0,1.9,0.0,81.0,280.25,9,42,0,0 days 09:42:00
19164001,45.7,2.06,2016-01-01 09:42:00,120.0,4.6,0.0,83.0,278.65,9,42,0,0 days 09:42:00
26321003,44.55,5.28,2016-01-01 09:42:00,70.0,0.7,0.0,92.0,279.25,9,42,0,0 days 09:42:00
34209002,43.32,3.35,2016-01-01 09:42:00,60.0,4.6,0.2,94.0,283.25,9,42,0,0 days 09:42:00
38191002,45.09,6.09,2016-01-01 09:42:00,200.0,1.0,0.0,71.0,275.35,9,42,0,0 days 09:42:00
38548001,45.08,5.56,2016-01-01 09:42:00,90.0,0.9,0.0,96.0,276.65,9,42,0,0 days 09:42:00
74042003,46.07,6.38,2016-01-01 09:42:00,310.0,0.5,0.0,99.0,280.15,9,42,0,0 days 09:42:00
83148002,43.39,6.53,2016-01-01 09:42:00,30.0,1.8,0.0,88.0,281.75,9,42,0,0 days 09:42:00
84025001,43.88,5.16,2016-01-01 09:42:00,170.0,0.9,0.0,91.0,283.65,9,42,0,0 days 09:42:00
7187001,44.61,4.24,2016-01-01 09:48:00,330.0,1.9,0.0,74.0,280.25,9,48,0,0 days 09:48:00
15122002,44.73,2.17,2016-01-01 09:48:00,130.0,1.6,0.0,82.0,280.55,9,48,0,0 days 09:48:00
19164001,45.7,2.06,2016-01-01 09:48:00,120.0,5.2,0.0,84.0,278.35,9,48,0,0 days 09:48:00
26321003,44.55,5.28,2016-01-01 09:48:00,0.0,0.0,0.0,91.0,279.55,9,48,0,0 days 09:48:00
34209002,43.32,3.35,2016-01-01 09:48:00,60.0,4.6,0.0,94.0,283.25,9,48,0,0 days 09:48:00
38191002,45.09,6.09,2016-01-01 09:48:00,80.0,0.8,0.0,68.0,275.75,9,48,0,0 days 09:48:00
38548001,45.08,5.56,2016-01-01 09:48:00,100.0,0.7,0.0,97.0,276.85,9,48,0,0 days 09:48:00
74042003,46.07,6.38,2016-01-01 09:48:00,0.0,0.0,0.0,99.0,280.15,9,48,0,0 days 09:48:00
83148002,43.39,6.53,2016-01-01 09:48:00,30.0,0.8,0.0,89.0,281.55,9,48,0,0 days 09:48:00
84025001,43.88,5.16,2016-01-01 09:48:00,170.0,1.0,0.0,88.0,283.65,9,48,0,0 days 09:48:00
7187001,44.61,4.24,2016-01-01 09:54:00,330.0,2.2,0.0,73.0,280.15,9,54,0,0 days 09:54:00
15122002,44.73,2.17,2016-01-01 09:54:00,120.0,1.9,0.0,79.0,280.75,9,54,0,0 days 09:54:00
19164001,45.7,2.06,2016-01-01 09:54:00,120.0,5.7,0.0,84.0,278.35,9,54,0,0 days 09:54:00
26321003,44.55,5.28,2016-01-01 09:54:00,0.0,0.0,0.0,91.0,279.75,9,54,0,0 days 09:54:00
34209002,43.32,3.35,2016-01-01 09:54:00,60.0,3.8,0.0,94.0,283.25,9,54,0,0 days 09:54:00
38191002,45.09,6.09,2016-01-01 09:54:00,110.0,1.3,0.0,71.0,275.85,9,54,0,0 days 09:54:00
38548001,45.08,5.56,2016-01-01 09:54:00,210.0,1.1,0.0,96.0,276.95,9,54,0,0 days 09:54:00
74042003,46.07,6.38,2016-01-01 09:54:00,0.0,0.0,0.0,99.0,280.15,9,54,0,0 days 09:54:00
83148002,43.39,6.53,2016-01-01 09:54:00,30.0,0.5,0.0,90.0,281.55,9,54,0,0 days 09:54:00
84025001,43.88,5.16,2016-01-01 09:54:00,160.0,0.8,0.0,87.0,283.95,9,54,0,0 days 09:54:00
7187001,44.61,4.24,2016-01-01 10:00:00,320.0,2.3,0.0,72.0,280.45,10,0,0,0 days 10:00:00
15122002,44.73,2.17,2016-01-01 10:00:00,130.0,2.0,0.0,80.0,280.85,10,0,0,0 days 10:00:00
19164001,45.7,2.06,2016-01-01 10:00:00,120.0,5.2,0.0,86.0,278.35,10,0,0,0 days 10:00:00
26321003,44.55,5.28,2016-01-01 10:00:00,60.0,0.7,0.0,89.0,279.85,10,0,0,0 days 10:00:00
34209002,43.32,3.35,2016-01-01 10:00:00,50.0,3.6,0.0,94.0,283.25,10,0,0,0 days 10:00:00
38191002,45.09,6.09,2016-01-01 10:00:00,140.0,1.4,0.0,70.0,275.95,10,0,0,0 days 10:00:00
38548001,45.08,5.56,2016-01-01 10:00:00,220.0,1.2,0.0,95.0,276.95,10,0,0,0 days 10:00:00
74042003,46.07,6.38,2016-01-01 10:00:00,0.0,0.0,0.0,99.0,280.25,10,0,0,0 days 10:00:00
83148002,43.39,6.53,2016-01-01 10:00:00,40.0,1.3,0.0,87.0,281.85,10,0,0,0 days 10:00:00
84025001,43.88,5.16,2016-01-01 10:00:00,160.0,0.8,0.0,86.0,284.15,10,0,0,0 days 10:00:00
7187001,44.61,4.24,2016-01-01 10:06:00,310.0,2.0,0.0,73.0,280.85,10,6,0,0 days 10:06:00
15122002,44.73,2.17,2016-01-01 10:06:00,140.0,2.4,0.0,79.0,281.05,10,6,0,0 days 10:06:00
19164001,45.7,2.06,2016-01-01 10:06:00,120.0,4.8,0.0,86.0,278.45,10,6,0,0 days 10:06:00
26321003,44.55,5.28,2016-01-01 10:06:00,70.0,0.7,0.0,89.0,280.35,10,6,0,0 days 10:06:00
34209002,43.32,3.35,2016-01-01 10:06:00,50.0,3.8,0.0,94.0,283.15,10,6,0,0 days 10:06:00
38191002,45.09,6.09,2016-01-01 10:06:00,190.0,1.1,0.0,71.0,275.95,10,6,0,0 days 10:06:00
38548001,45.08,5.56,2016-01-01 10:06:00,190.0,0.7,0.0,95.0,276.95,10,6,0,0 days 10:06:00
74042003,46.07,6.38,2016-01-01 10:06:00,0.0,0.0,0.0,99.0,280.25,10,6,0,0 days 10:06:00
83148002,43.39,6.53,2016-01-01 10:06:00,30.0,2.0,0.0,85.0,282.05,10,6,0,0 days 10:06:00
84025001,43.88,5.16,2016-01-01 10:06:00,90.0,1.0,0.0,85.0,284.45,10,6,0,0 days 10:06:00
7187001,44.61,4.24,2016-01-01 10:12:00,290.0,1.4,0.0,67.0,281.05,10,12,0,0 days 10:12:00
15122002,44.73,2.17,2016-01-01 10:12:00,140.0,2.9,0.0,79.0,281.05,10,12,0,0 days 10:12:00
19164001,45.7,2.06,2016-01-01 10:12:00,120.0,4.9,0.0,86.0,278.95,10,12,0,0 days 10:12:00
26321003,44.55,5.28,2016-01-01 10:12:00,0.0,0.0,0.0,86.0,280.75,10,12,0,0 days 10:12:00
34209002,43.32,3.35,2016-01-01 10:12:00,60.0,3.7,0.0,94.0,283.15,10,12,0,0 days 10:12:00
38191002,45.09,6.09,2016-01-01 10:12:00,270.0,0.5,0.0,70.0,276.15,10,12,0,0 days 10:12:00
38548001,45.08,5.56,2016-01-01 10:12:00,170.0,0.8,0.0,95.0,277.05,10,12,0,0 days 10:12:00
74042003,46.07,6.38,2016-01-01 10:12:00,0.0,0.0,0.0,99.0,280.25,10,12,0,0 days 10:12:00
83148002,43.39,6.53,2016-01-01 10:12:00,30.0,1.9,0.0,85.0,282.15,10,12,0,0 days 10:12:00
84025001,43.88,5.16,2016-01-01 10:12:00,60.0,1.4,0.0,83.0,284.55,10,12,0,0 days 10:12:00
7187001,44.61,4.24,2016-01-01 10:18:00,0.0,0.0,0.0,72.0,281.15,10,18,0,0 days 10:18:00
15122002,44.73,2.17,2016-01-01 10:18:00,140.0,2.6,0.0,79.0,281.05,10,18,0,0 days 10:18:00
19164001,45.7,2.06,2016-01-01 10:18:00,120.0,4.7,0.0,83.0,279.35,10,18,0,0 days 10:18:00
26321003,44.55,5.28,2016-01-01 10:18:00,0.0,0.0,0.0,87.0,281.15,10,18,0,0 days 10:18:00
34209002,43.32,3.35,2016-01-01 10:18:00,60.0,4.3,0.0,94.0,283.15,10,18,0,0 days 10:18:00
38191002,45.09,6.09,2016-01-01 10:18:00,290.0,0.5,0.0,70.0,276.05,10,18,0,0 days 10:18:00
38548001,45.08,5.56,2016-01-01 10:18:00,180.0,0.8,0.0,95.0,277.15,10,18,0,0 days 10:18:00
74042003,46.07,6.38,2016-01-01 10:18:00,260.0,0.8,0.0,99.0,280.25,10,18,0,0 days 10:18:00
83148002,43.39,6.53,2016-01-01 10:18:00,40.0,2.1,0.0,84.0,282.15,10,18,0,0 days 10:18:00
84025001,43.88,5.16,2016-01-01 10:18:00,50.0,2.3,0.0,82.0,284.35,10,18,0,0 days 10:18:00
7187001,44.61,4.24,2016-01-01 10:24:00,140.0,1.7,0.0,87.0,280.95,10,24,0,0 days 10:24:00
15122002,44.73,2.17,2016-01-01 10:24:00,140.0,2.6,0.0,80.0,281.05,10,24,0,0 days 10:24:00
19164001,45.7,2.06,2016-01-01 10:24:00,120.0,4.7,0.0,83.0,279.75,10,24,0,0 days 10:24:00
26321003,44.55,5.28,2016-01-01 10:24:00,0.0,0.0,0.0,83.0,281.35,10,24,0,0 days 10:24:00
34209002,43.32,3.35,2016-01-01 10:24:00,60.0,3.6,0.0,94.0,283.15,10,24,0,0 days 10:24:00
38191002,45.09,6.09,2016-01-01 10:24:00,310.0,0.6,0.0,70.0,276.05,10,24,0,0 days 10:24:00
38548001,45.08,5.56,2016-01-01 10:24:00,240.0,0.6,0.0,94.0,277.25,10,24,0,0 days 10:24:00
74042003,46.07,6.38,2016-01-01 10:24:00,280.0,1.2,0.0,99.0,280.15,10,24,0,0 days 10:24:00
83148002,43.39,6.53,2016-01-01 10:24:00,40.0,2.8,0.0,83.0,282.25,10,24,0,0 days 10:24:00
84025001,43.88,5.16,2016-01-01 10:24:00,40.0,2.7,0.0,81.0,284.45,10,24,0,0 days 10:24:00
7187001,44.61,4.24,2016-01-01 10:30:00,140.0,4.2,0.0,91.0,280.05,10,30,0,0 days 10:30:00
15122002,44.73,2.17,2016-01-01 10:30:00,130.0,2.3,0.0,80.0,281.05,10,30,0,0 days 10:30:00
19164001,45.7,2.06,2016-01-01 10:30:00,120.0,4.7,0.0,83.0,280.15,10,30,0,0 days 10:30:00
26321003,44.55,5.28,2016-01-01 10:30:00,0.0,0.0,0.0,85.0,281.65,10,30,0,0 days 10:30:00
34209002,43.32,3.35,2016-01-01 10:30:00,70.0,3.3,0.0,94.0,283.15,10,30,0,0 days 10:30:00
38191002,45.09,6.09,2016-01-01 10:30:00,310.0,0.9,0.0,72.0,275.75,10,30,0,0 days 10:30:00
38548001,45.08,5.56,2016-01-01 10:30:00,130.0,0.5,0.0,94.0,277.45,10,30,0,0 days 10:30:00
74042003,46.07,6.38,2016-01-01 10:30:00,290.0,1.3,0.0,99.0,280.15,10,30,0,0 days 10:30:00
83148002,43.39,6.53,2016-01-01 10:30:00,40.0,3.0,0.0,83.0,282.35,10,30,0,0 days 10:30:00
84025001,43.88,5.16,2016-01-01 10:30:00,50.0,3.0,0.0,81.0,284.45,10,30,0,0 days 10:30:00
7187001,44.61,4.24,2016-01-01 10:36:00,140.0,3.5,0.0,96.0,279.85,10,36,0,0 days 10:36:00
15122002,44.73,2.17,2016-01-01 10:36:00,130.0,1.9,0.0,81.0,281.15,10,36,0,0 days 10:36:00
19164001,45.7,2.06,2016-01-01 10:36:00,130.0,5.0,0.0,77.0,280.55,10,36,0,0 days 10:36:00
26321003,44.55,5.28,2016-01-01 10:36:00,0.0,0.0,0.0,81.0,282.05,10,36,0,0 days 10:36:00
34209002,43.32,3.35,2016-01-01 10:36:00,60.0,3.9,0.0,94.0,283.15,10,36,0,0 days 10:36:00
38191002,45.09,6.09,2016-01-01 10:36:00,230.0,1.1,0.0,74.0,275.85,10,36,0,0 days 10:36:00
38548001,45.08,5.56,2016-01-01 10:36:00,150.0,0.7,0.0,94.0,277.55,10,36,0,0 days 10:36:00
74042003,46.07,6.38,2016-01-01 10:36:00,270.0,1.2,0.0,99.0,280.25,10,36,0,0 days 10:36:00
83148002,43.39,6.53,2016-01-01 10:36:00,30.0,2.5,0.0,83.0,282.45,10,36,0,0 days 10:36:00
84025001,43.88,5.16,2016-01-01 10:36:00,50.0,2.6,0.0,78.0,284.75,10,36,0,0 days 10:36:00
7187001,44.61,4.24,2016-01-01 10:42:00,150.0,2.7,0.0,96.0,279.75,10,42,0,0 days 10:42:00
15122002,44.73,2.17,2016-01-01 10:42:00,120.0,1.8,0.0,82.0,281.25,10,42,0,0 days 10:42:00
19164001,45.7,2.06,2016-01-01 10:42:00,140.0,5.7,0.0,78.0,280.35,10,42,0,0 days 10:42:00
26321003,44.55,5.28,2016-01-01 10:42:00,0.0,0.0,0.0,81.0,282.05,10,42,0,0 days 10:42:00
34209002,43.32,3.35,2016-01-01 10:42:00,60.0,4.8,0.0,94.0,283.15,10,42,0,0 days 10:42:00
38191002,45.09,6.09,2016-01-01 10:42:00,190.0,0.5,0.0,73.0,276.55,10,42,0,0 days 10:42:00
38548001,45.08,5.56,2016-01-01 10:42:00,300.0,1.3,0.0,93.0,277.35,10,42,0,0 days 10:42:00
74042003,46.07,6.38,2016-01-01 10:42:00,270.0,1.9,0.0,98.0,280.05,10,42,0,0 days 10:42:00
83148002,43.39,6.53,2016-01-01 10:42:00,40.0,2.7,0.0,83.0,282.55,10,42,0,0 days 10:42:00
84025001,43.88,5.16,2016-01-01 10:42:00,60.0,2.5,0.0,75.0,284.35,10,42,0,0 days 10:42:00
7187001,44.61,4.24,2016-01-01 10:48:00,150.0,2.5,0.0,97.0,279.65,10,48,0,0 days 10:48:00
15122002,44.73,2.17,2016-01-01 10:48:00,100.0,1.9,0.0,82.0,281.35,10,48,0,0 days 10:48:00
19164001,45.7,2.06,2016-01-01 10:48:00,130.0,5.8,0.0,77.0,280.35,10,48,0,0 days 10:48:00
26321003,44.55,5.28,2016-01-01 10:48:00,0.0,0.0,0.0,79.0,282.35,10,48,0,0 days 10:48:00
34209002,43.32,3.35,2016-01-01 10:48:00,60.0,4.5,0.0,94.0,283.15,10,48,0,0 days 10:48:00
38191002,45.09,6.09,2016-01-01 10:48:00,120.0,0.6,0.0,70.0,276.85,10,48,0,0 days 10:48:00
38548001,45.08,5.56,2016-01-01 10:48:00,360.0,1.2,0.0,93.0,277.45,10,48,0,0 days 10:48:00
74042003,46.07,6.38,2016-01-01 10:48:00,270.0,2.3,0.0,98.0,280.05,10,48,0,0 days 10:48:00
83148002,43.39,6.53,2016-01-01 10:48:00,40.0,2.8,0.0,83.0,282.65,10,48,0,0 days 10:48:00
84025001,43.88,5.16,2016-01-01 10:48:00,60.0,2.5,0.0,76.0,284.25,10,48,0,0 days 10:48:00
7187001,44.61,4.24,2016-01-01 10:54:00,160.0,2.0,0.0,97.0,279.55,10,54,0,0 days 10:54:00
15122002,44.73,2.17,2016-01-01 10:54:00,100.0,1.7,0.0,81.0,281.45,10,54,0,0 days 10:54:00
19164001,45.7,2.06,2016-01-01 10:54:00,130.0,5.4,0.0,76.0,280.15,10,54,0,0 days 10:54:00
26321003,44.55,5.28,2016-01-01 10:54:00,0.0,0.0,0.0,79.0,282.55,10,54,0,0 days 10:54:00
34209002,43.32,3.35,2016-01-01 10:54:00,50.0,4.3,0.0,94.0,283.15,10,54,0,0 days 10:54:00
38191002,45.09,6.09,2016-01-01 10:54:00,160.0,1.1,0.0,71.0,276.75,10,54,0,0 days 10:54:00
38548001,45.08,5.56,2016-01-01 10:54:00,50.0,0.7,0.0,93.0,277.55,10,54,0,0 days 10:54:00
74042003,46.07,6.38,2016-01-01 10:54:00,270.0,1.8,0.0,97.0,279.95,10,54,0,0 days 10:54:00
83148002,43.39,6.53,2016-01-01 10:54:00,40.0,2.8,0.0,84.0,282.55,10,54,0,0 days 10:54:00
84025001,43.88,5.16,2016-01-01 10:54:00,60.0,1.9,0.0,76.0,284.25,10,54,0,0 days 10:54:00
7187001,44.61,4.24,2016-01-01 11:00:00,150.0,1.9,0.0,97.0,279.55,11,0,0,0 days 11:00:00
15122002,44.73,2.17,2016-01-01 11:00:00,100.0,2.0,0.0,81.0,281.65,11,0,0,0 days 11:00:00
19164001,45.7,2.06,2016-01-01 11:00:00,130.0,4.7,0.0,76.0,280.15,11,0,0,0 days 11:00:00
26321003,44.55,5.28,2016-01-01 11:00:00,0.0,0.0,0.0,77.0,282.55,11,0,0,0 days 11:00:00
34209002,43.32,3.35,2016-01-01 11:00:00,50.0,4.4,0.0,94.0,283.15,11,0,0,0 days 11:00:00
38191002,45.09,6.09,2016-01-01 11:00:00,180.0,1.3,0.0,70.0,276.65,11,0,0,0 days 11:00:00
38548001,45.08,5.56,2016-01-01 11:00:00,10.0,0.6,0.0,93.0,277.95,11,0,0,0 days 11:00:00
74042003,46.07,6.38,2016-01-01 11:00:00,270.0,1.7,0.0,97.0,280.05,11,0,0,0 days 11:00:00
83148002,43.39,6.53,2016-01-01 11:00:00,40.0,2.8,0.0,83.0,282.55,11,0,0,0 days 11:00:00
84025001,43.88,5.16,2016-01-01 11:00:00,60.0,1.9,0.0,78.0,284.35,11,0,0,0 days 11:00:00
7187001,44.61,4.24,2016-01-01 11:06:00,150.0,2.3,0.0,96.0,279.65,11,6,0,0 days 11:06:00
15122002,44.73,2.17,2016-01-01 11:06:00,100.0,2.5,0.0,82.0,281.75,11,6,0,0 days 11:06:00
19164001,45.7,2.06,2016-01-01 11:06:00,130.0,4.4,0.0,77.0,280.25,11,6,0,0 days 11:06:00
26321003,44.55,5.28,2016-01-01 11:06:00,0.0,0.0,0.0,79.0,282.75,11,6,0,0 days 11:06:00
34209002,43.32,3.35,2016-01-01 11:06:00,50.0,5.1,0.0,94.0,283.15,11,6,0,0 days 11:06:00
38191002,45.09,6.09,2016-01-01 11:06:00,180.0,1.3,0.0,71.0,276.75,11,6,0,0 days 11:06:00
38548001,45.08,5.56,2016-01-01 11:06:00,20.0,0.7,0.0,90.0,278.65,11,6,0,0 days 11:06:00
74042003,46.07,6.38,2016-01-01 11:06:00,270.0,1.5,0.0,96.0,280.05,11,6,0,0 days 11:06:00
83148002,43.39,6.53,2016-01-01 11:06:00,40.0,2.8,0.0,83.0,282.65,11,6,0,0 days 11:06:00
84025001,43.88,5.16,2016-01-01 11:06:00,60.0,1.9,0.0,76.0,284.55,11,6,0,0 days 11:06:00
7187001,44.61,4.24,2016-01-01 11:12:00,150.0,2.5,0.0,96.0,279.55,11,12,0,0 days 11:12:00
15122002,44.73,2.17,2016-01-01 11:12:00,100.0,2.5,0.0,81.0,281.85,11,12,0,0 days 11:12:00
19164001,45.7,2.06,2016-01-01 11:12:00,130.0,4.4,0.0,77.0,280.45,11,12,0,0 days 11:12:00
26321003,44.55,5.28,2016-01-01 11:12:00,0.0,0.0,0.0,77.0,283.35,11,12,0,0 days 11:12:00
34209002,43.32,3.35,2016-01-01 11:12:00,50.0,5.3,0.0,94.0,283.25,11,12,0,0 days 11:12:00
38191002,45.09,6.09,2016-01-01 11:12:00,200.0,1.5,0.0,69.0,276.75,11,12,0,0 days 11:12:00
38548001,45.08,5.56,2016-01-01 11:12:00,240.0,0.9,0.0,87.0,279.35,11,12,0,0 days 11:12:00
74042003,46.07,6.38,2016-01-01 11:12:00,260.0,1.8,0.0,96.0,280.15,11,12,0,0 days 11:12:00
83148002,43.39,6.53,2016-01-01 11:12:00,40.0,3.0,0.0,83.0,282.65,11,12,0,0 days 11:12:00
84025001,43.88,5.16,2016-01-01 11:12:00,60.0,1.9,0.0,77.0,284.85,11,12,0,0 days 11:12:00
7187001,44.61,4.24,2016-01-01 11:18:00,150.0,2.4,0.0,97.0,279.45,11,18,0,0 days 11:18:00
15122002,44.73,2.17,2016-01-01 11:18:00,100.0,2.3,0.0,82.0,281.95,11,18,0,0 days 11:18:00
19164001,45.7,2.06,2016-01-01 11:18:00,130.0,4.6,0.0,76.0,280.45,11,18,0,0 days 11:18:00
26321003,44.55,5.28,2016-01-01 11:18:00,0.0,0.0,0.0,75.0,283.85,11,18,0,0 days 11:18:00
34209002,43.32,3.35,2016-01-01 11:18:00,50.0,5.6,0.0,94.0,283.25,11,18,0,0 days 11:18:00
38191002,45.09,6.09,2016-01-01 11:18:00,220.0,1.1,0.0,72.0,276.65,11,18,0,0 days 11:18:00
38548001,45.08,5.56,2016-01-01 11:18:00,180.0,1.1,0.0,86.0,279.05,11,18,0,0 days 11:18:00
74042003,46.07,6.38,2016-01-01 11:18:00,260.0,2.2,0.0,95.0,280.15,11,18,0,0 days 11:18:00
83148002,43.39,6.53,2016-01-01 11:18:00,30.0,3.0,0.0,82.0,282.75,11,18,0,0 days 11:18:00
84025001,43.88,5.16,2016-01-01 11:18:00,60.0,1.9,0.0,76.0,284.95,11,18,0,0 days 11:18:00
7187001,44.61,4.24,2016-01-01 11:24:00,150.0,2.2,0.0,97.0,279.35,11,24,0,0 days 11:24:00
15122002,44.73,2.17,2016-01-01 11:24:00,110.0,2.4,0.0,82.0,282.05,11,24,0,0 days 11:24:00
19164001,45.7,2.06,2016-01-01 11:24:00,140.0,4.3,0.0,77.0,280.35,11,24,0,0 days 11:24:00
26321003,44.55,5.28,2016-01-01 11:24:00,0.0,0.0,0.0,74.0,283.65,11,24,0,0 days 11:24:00
34209002,43.32,3.35,2016-01-01 11:24:00,50.0,5.7,0.0,94.0,283.25,11,24,0,0 days 11:24:00
38191002,45.09,6.09,2016-01-01 11:24:00,210.0,1.5,0.0,72.0,276.95,11,24,0,0 days 11:24:00
38548001,45.08,5.56,2016-01-01 11:24:00,180.0,1.1,0.0,88.0,278.95,11,24,0,0 days 11:24:00
74042003,46.07,6.38,2016-01-01 11:24:00,260.0,2.4,0.0,95.0,280.15,11,24,0,0 days 11:24:00
83148002,43.39,6.53,2016-01-01 11:24:00,30.0,2.9,0.0,82.0,282.75,11,24,0,0 days 11:24:00
84025001,43.88,5.16,2016-01-01 11:24:00,50.0,2.5,0.0,75.0,285.05,11,24,0,0 days 11:24:00
7187001,44.61,4.24,2016-01-01 11:30:00,160.0,2.1,0.0,97.0,279.25,11,30,0,0 days 11:30:00
15122002,44.73,2.17,2016-01-01 11:30:00,110.0,2.7,0.0,82.0,282.35,11,30,0,0 days 11:30:00
19164001,45.7,2.06,2016-01-01 11:30:00,140.0,4.0,0.0,74.0,280.45,11,30,0,0 days 11:30:00
26321003,44.55,5.28,2016-01-01 11:30:00,0.0,0.0,0.0,76.0,283.85,11,30,0,0 days 11:30:00
34209002,43.32,3.35,2016-01-01 11:30:00,50.0,5.8,0.0,94.0,283.15,11,30,0,0 days 11:30:00
38191002,45.09,6.09,2016-01-01 11:30:00,200.0,1.6,0.0,70.0,277.05,11,30,0,0 days 11:30:00
38548001,45.08,5.56,2016-01-01 11:30:00,170.0,1.3,0.0,86.0,279.25,11,30,0,0 days 11:30:00
74042003,46.07,6.38,2016-01-01 11:30:00,250.0,2.2,0.0,95.0,280.25,11,30,0,0 days 11:30:00
83148002,43.39,6.53,2016-01-01 11:30:00,20.0,2.1,0.0,83.0,282.85,11,30,0,0 days 11:30:00
84025001,43.88,5.16,2016-01-01 11:30:00,50.0,2.7,0.0,75.0,285.05,11,30,0,0 days 11:30:00
7187001,44.61,4.24,2016-01-01 11:36:00,150.0,2.1,0.0,96.0,279.15,11,36,0,0 days 11:36:00
15122002,44.73,2.17,2016-01-01 11:36:00,110.0,2.8,0.0,78.0,282.65,11,36,0,0 days 11:36:00
19164001,45.7,2.06,2016-01-01 11:36:00,150.0,4.1,0.0,75.0,280.55,11,36,0,0 days 11:36:00
26321003,44.55,5.28,2016-01-01 11:36:00,0.0,0.0,0.0,76.0,284.05,11,36,0,0 days 11:36:00
34209002,43.32,3.35,2016-01-01 11:36:00,50.0,5.3,0.0,94.0,283.15,11,36,0,0 days 11:36:00
38191002,45.09,6.09,2016-01-01 11:36:00,190.0,1.0,0.0,72.0,276.75,11,36,0,0 days 11:36:00
38548001,45.08,5.56,2016-01-01 11:36:00,160.0,1.1,0.0,83.0,279.55,11,36,0,0 days 11:36:00
74042003,46.07,6.38,2016-01-01 11:36:00,260.0,2.1,0.0,94.0,280.15,11,36,0,0 days 11:36:00
83148002,43.39,6.53,2016-01-01 11:36:00,10.0,1.4,0.0,82.0,282.95,11,36,0,0 days 11:36:00
84025001,43.88,5.16,2016-01-01 11:36:00,50.0,2.4,0.0,74.0,285.05,11,36,0,0 days 11:36:00
7187001,44.61,4.24,2016-01-01 11:42:00,150.0,2.6,0.0,96.0,278.85,11,42,0,0 days 11:42:00
15122002,44.73,2.17,2016-01-01 11:42:00,120.0,2.9,0.0,79.0,282.75,11,42,0,0 days 11:42:00
19164001,45.7,2.06,2016-01-01 11:42:00,160.0,3.7,0.0,76.0,280.55,11,42,0,0 days 11:42:00
26321003,44.55,5.28,2016-01-01 11:42:00,0.0,0.0,0.0,73.0,284.45,11,42,0,0 days 11:42:00
34209002,43.32,3.35,2016-01-01 11:42:00,50.0,4.7,0.0,94.0,283.25,11,42,0,0 days 11:42:00
38191002,45.09,6.09,2016-01-01 11:42:00,180.0,0.8,0.0,74.0,276.35,11,42,0,0 days 11:42:00
38548001,45.08,5.56,2016-01-01 11:42:00,190.0,0.9,0.0,82.0,280.05,11,42,0,0 days 11:42:00
74042003,46.07,6.38,2016-01-01 11:42:00,260.0,2.0,0.0,94.0,280.25,11,42,0,0 days 11:42:00
83148002,43.39,6.53,2016-01-01 11:42:00,360.0,1.2,0.0,83.0,282.95,11,42,0,0 days 11:42:00
84025001,43.88,5.16,2016-01-01 11:42:00,60.0,2.3,0.0,75.0,285.15,11,42,0,0 days 11:42:00
7187001,44.61,4.24,2016-01-01 11:48:00,140.0,3.2,0.0,95.0,278.55,11,48,0,0 days 11:48:00
15122002,44.73,2.17,2016-01-01 11:48:00,110.0,2.8,0.0,80.0,282.85,11,48,0,0 days 11:48:00
19164001,45.7,2.06,2016-01-01 11:48:00,160.0,4.2,0.0,75.0,280.55,11,48,0,0 days 11:48:00
26321003,44.55,5.28,2016-01-01 11:48:00,0.0,0.0,0.0,72.0,284.75,11,48,0,0 days 11:48:00
34209002,43.32,3.35,2016-01-01 11:48:00,50.0,4.7,0.0,94.0,283.45,11,48,0,0 days 11:48:00
38191002,45.09,6.09,2016-01-01 11:48:00,190.0,0.8,0.0,75.0,276.25,11,48,0,0 days 11:48:00
38548001,45.08,5.56,2016-01-01 11:48:00,190.0,0.7,0.0,82.0,280.75,11,48,0,0 days 11:48:00
74042003,46.07,6.38,2016-01-01 11:48:00,250.0,1.8,0.0,93.0,280.25,11,48,0,0 days 11:48:00
83148002,43.39,6.53,2016-01-01 11:48:00,350.0,0.9,0.0,83.0,283.05,11,48,0,0 days 11:48:00
84025001,43.88,5.16,2016-01-01 11:48:00,70.0,2.1,0.0,74.0,285.25,11,48,0,0 days 11:48:00
7187001,44.61,4.24,2016-01-01 11:54:00,140.0,3.3,0.0,97.0,278.45,11,54,0,0 days 11:54:00
15122002,44.73,2.17,2016-01-01 11:54:00,110.0,2.7,0.0,80.0,282.85,11,54,0,0 days 11:54:00
19164001,45.7,2.06,2016-01-01 11:54:00,160.0,4.7,0.0,77.0,280.65,11,54,0,0 days 11:54:00
26321003,44.55,5.28,2016-01-01 11:54:00,0.0,0.0,0.0,71.0,284.85,11,54,0,0 days 11:54:00
34209002,43.32,3.35,2016-01-01 11:54:00,40.0,5.4,0.0,94.0,283.45,11,54,0,0 days 11:54:00
38191002,45.09,6.09,2016-01-01 11:54:00,90.0,0.6,0.0,72.0,276.55,11,54,0,0 days 11:54:00
38548001,45.08,5.56,2016-01-01 11:54:00,170.0,0.7,0.0,76.0,281.15,11,54,0,0 days 11:54:00
74042003,46.07,6.38,2016-01-01 11:54:00,240.0,1.9,0.0,92.0,280.35,11,54,0,0 days 11:54:00
83148002,43.39,6.53,2016-01-01 11:54:00,340.0,1.0,0.0,82.0,283.05,11,54,0,0 days 11:54:00
84025001,43.88,5.16,2016-01-01 11:54:00,70.0,1.9,0.0,74.0,285.15,11,54,0,0 days 11:54:00
7187001,44.61,4.24,2016-01-01 12:00:00,150.0,3.5,0.0,98.0,278.35,12,0,0,0 days 12:00:00
15122002,44.73,2.17,2016-01-01 12:00:00,100.0,2.7,0.0,80.0,282.85,12,0,0,0 days 12:00:00
19164001,45.7,2.06,2016-01-01 12:00:00,170.0,4.8,0.0,76.0,280.85,12,0,0,0 days 12:00:00
26321003,44.55,5.28,2016-01-01 12:00:00,200.0,1.2,0.0,61.0,285.25,12,0,0,0 days 12:00:00
34209002,43.32,3.35,2016-01-01 12:00:00,40.0,5.4,0.0,94.0,283.45,12,0,0,0 days 12:00:00
38191002,45.09,6.09,2016-01-01 12:00:00,70.0,0.5,0.0,69.0,277.75,12,0,0,0 days 12:00:00
38548001,45.08,5.56,2016-01-01 12:00:00,190.0,0.8,0.0,75.0,281.45,12,0,0,0 days 12:00:00
74042003,46.07,6.38,2016-01-01 12:00:00,230.0,1.9,0.0,91.0,280.35,12,0,0,0 days 12:00:00
83148002,43.39,6.53,2016-01-01 12:00:00,340.0,1.0,0.0,83.0,282.95,12,0,0,0 days 12:00:00
84025001,43.88,5.16,2016-01-01 12:00:00,70.0,2.0,0.0,73.0,285.05,12,0,0,0 days 12:00:00
7187001,44.61,4.24,2016-01-01 12:06:00,150.0,3.8,0.0,99.0,278.25,12,6,0,0 days 12:06:00
15122002,44.73,2.17,2016-01-01 12:06:00,120.0,2.9,0.0,79.0,282.95,12,6,0,0 days 12:06:00
19164001,45.7,2.06,2016-01-01 12:06:00,170.0,4.9,0.0,76.0,281.05,12,6,0,0 days 12:06:00
26321003,44.55,5.28,2016-01-01 12:06:00,200.0,1.6,0.0,66.0,285.35,12,6,0,0 days 12:06:00
34209002,43.32,3.35,2016-01-01 12:06:00,40.0,5.2,0.0,94.0,283.65,12,6,0,0 days 12:06:00
38191002,45.09,6.09,2016-01-01 12:06:00,160.0,0.7,0.0,66.0,278.55,12,6,0,0 days 12:06:00
38548001,45.08,5.56,2016-01-01 12:06:00,210.0,0.9,0.0,74.0,281.55,12,6,0,0 days 12:06:00
74042003,46.07,6.38,2016-01-01 12:06:00,230.0,1.9,0.0,91.0,280.35,12,6,0,0 days 12:06:00
83148002,43.39,6.53,2016-01-01 12:06:00,0.0,0.0,0.0,84.0,282.95,12,6,0,0 days 12:06:00
84025001,43.88,5.16,2016-01-01 12:06:00,70.0,2.7,0.0,73.0,284.95,12,6,0,0 days 12:06:00
7187001,44.61,4.24,2016-01-01 12:12:00,150.0,3.7,0.0,99.0,278.25,12,12,0,0 days 12:12:00
15122002,44.73,2.17,2016-01-01 12:12:00,120.0,2.8,0.0,79.0,283.05,12,12,0,0 days 12:12:00
19164001,45.7,2.06,2016-01-01 12:12:00,170.0,4.6,0.0,77.0,281.15,12,12,0,0 days 12:12:00
26321003,44.55,5.28,2016-01-01 12:12:00,190.0,1.2,0.0,59.0,285.45,12,12,0,0 days 12:12:00
34209002,43.32,3.35,2016-01-01 12:12:00,40.0,4.9,0.0,94.0,283.55,12,12,0,0 days 12:12:00
38191002,45.09,6.09,2016-01-01 12:12:00,210.0,1.3,0.0,67.0,278.15,12,12,0,0 days 12:12:00
38548001,45.08,5.56,2016-01-01 12:12:00,220.0,1.1,0.0,74.0,281.45,12,12,0,0 days 12:12:00
74042003,46.07,6.38,2016-01-01 12:12:00,230.0,2.2,0.0,91.0,280.35,12,12,0,0 days 12:12:00
83148002,43.39,6.53,2016-01-01 12:12:00,0.0,0.0,0.0,84.0,282.95,12,12,0,0 days 12:12:00
84025001,43.88,5.16,2016-01-01 12:12:00,60.0,2.7,0.0,73.0,285.05,12,12,0,0 days 12:12:00
7187001,44.61,4.24,2016-01-01 12:18:00,140.0,3.5,0.0,99.0,278.15,12,18,0,0 days 12:18:00
15122002,44.73,2.17,2016-01-01 12:18:00,120.0,2.1,0.0,80.0,283.05,12,18,0,0 days 12:18:00
19164001,45.7,2.06,2016-01-01 12:18:00,180.0,5.0,0.0,77.0,281.55,12,18,0,0 days 12:18:00
26321003,44.55,5.28,2016-01-01 12:18:00,170.0,1.4,0.0,63.0,285.35,12,18,0,0 days 12:18:00
34209002,43.32,3.35,2016-01-01 12:18:00,40.0,5.2,0.0,94.0,283.65,12,18,0,0 days 12:18:00
38191002,45.09,6.09,2016-01-01 12:18:00,260.0,1.0,0.0,67.0,278.05,12,18,0,0 days 12:18:00
38548001,45.08,5.56,2016-01-01 12:18:00,210.0,1.1,0.0,71.0,281.55,12,18,0,0 days 12:18:00
74042003,46.07,6.38,2016-01-01 12:18:00,230.0,2.2,0.0,91.0,280.45,12,18,0,0 days 12:18:00
83148002,43.39,6.53,2016-01-01 12:18:00,0.0,0.0,0.0,85.0,282.75,12,18,0,0 days 12:18:00
84025001,43.88,5.16,2016-01-01 12:18:00,80.0,2.4,0.0,73.0,285.05,12,18,0,0 days 12:18:00
7187001,44.61,4.24,2016-01-01 12:24:00,140.0,3.6,0.0,99.0,278.25,12,24,0,0 days 12:24:00
15122002,44.73,2.17,2016-01-01 12:24:00,120.0,1.6,0.0,80.0,283.05,12,24,0,0 days 12:24:00
19164001,45.7,2.06,2016-01-01 12:24:00,180.0,5.3,0.0,76.0,281.45,12,24,0,0 days 12:24:00
26321003,44.55,5.28,2016-01-01 12:24:00,180.0,1.2,0.0,59.0,285.25,12,24,0,0 days 12:24:00
34209002,43.32,3.35,2016-01-01 12:24:00,40.0,5.9,0.0,94.0,283.75,12,24,0,0 days 12:24:00
38191002,45.09,6.09,2016-01-01 12:24:00,270.0,1.0,0.0,68.0,277.55,12,24,0,0 days 12:24:00
38548001,45.08,5.56,2016-01-01 12:24:00,200.0,0.8,0.0,73.0,281.65,12,24,0,0 days 12:24:00
74042003,46.07,6.38,2016-01-01 12:24:00,230.0,2.2,0.0,90.0,280.35,12,24,0,0 days 12:24:00
83148002,43.39,6.53,2016-01-01 12:24:00,0.0,0.0,0.0,86.0,282.65,12,24,0,0 days 12:24:00
84025001,43.88,5.16,2016-01-01 12:24:00,90.0,1.9,0.0,73.0,285.15,12,24,0,0 days 12:24:00
7187001,44.61,4.24,2016-01-01 12:30:00,140.0,3.8,0.0,99.0,278.15,12,30,0,0 days 12:30:00
15122002,44.73,2.17,2016-01-01 12:30:00,130.0,1.5,0.0,80.0,283.05,12,30,0,0 days 12:30:00
19164001,45.7,2.06,2016-01-01 12:30:00,180.0,5.8,0.0,77.0,281.35,12,30,0,0 days 12:30:00
26321003,44.55,5.28,2016-01-01 12:30:00,190.0,1.2,0.0,61.0,285.25,12,30,0,0 days 12:30:00
34209002,43.32,3.35,2016-01-01 12:30:00,40.0,5.9,0.0,94.0,283.95,12,30,0,0 days 12:30:00
38191002,45.09,6.09,2016-01-01 12:30:00,240.0,1.8,0.0,67.0,277.35,12,30,0,0 days 12:30:00
38548001,45.08,5.56,2016-01-01 12:30:00,140.0,0.9,0.0,72.0,281.75,12,30,0,0 days 12:30:00
74042003,46.07,6.38,2016-01-01 12:30:00,230.0,2.1,0.0,91.0,280.45,12,30,0,0 days 12:30:00
83148002,43.39,6.53,2016-01-01 12:30:00,0.0,0.0,0.0,87.0,282.65,12,30,0,0 days 12:30:00
84025001,43.88,5.16,2016-01-01 12:30:00,80.0,1.6,0.0,73.0,285.25,12,30,0,0 days 12:30:00
7187001,44.61,4.24,2016-01-01 12:36:00,140.0,4.1,0.0,100.0,278.25,12,36,0,0 days 12:36:00
15122002,44.73,2.17,2016-01-01 12:36:00,140.0,1.6,0.0,80.0,283.15,12,36,0,0 days 12:36:00
19164001,45.7,2.06,2016-01-01 12:36:00,170.0,5.3,0.0,77.0,281.35,12,36,0,0 days 12:36:00
26321003,44.55,5.28,2016-01-01 12:36:00,210.0,1.5,0.0,62.0,285.15,12,36,0,0 days 12:36:00
34209002,43.32,3.35,2016-01-01 12:36:00,30.0,5.5,0.0,93.0,283.65,12,36,0,0 days 12:36:00
38191002,45.09,6.09,2016-01-01 12:36:00,240.0,1.6,0.0,68.0,277.45,12,36,0,0 days 12:36:00
38548001,45.08,5.56,2016-01-01 12:36:00,50.0,1.8,0.0,76.0,280.95,12,36,0,0 days 12:36:00
74042003,46.07,6.38,2016-01-01 12:36:00,230.0,1.7,0.0,90.0,280.45,12,36,0,0 days 12:36:00
83148002,43.39,6.53,2016-01-01 12:36:00,10.0,0.5,0.0,87.0,282.65,12,36,0,0 days 12:36:00
84025001,43.88,5.16,2016-01-01 12:36:00,80.0,2.2,0.0,71.0,285.05,12,36,0,0 days 12:36:00
7187001,44.61,4.24,2016-01-01 12:42:00,140.0,4.1,0.0,100.0,278.15,12,42,0,0 days 12:42:00
15122002,44.73,2.17,2016-01-01 12:42:00,130.0,1.6,0.0,80.0,283.25,12,42,0,0 days 12:42:00
19164001,45.7,2.06,2016-01-01 12:42:00,180.0,5.4,0.0,78.0,281.25,12,42,0,0 days 12:42:00
26321003,44.55,5.28,2016-01-01 12:42:00,210.0,1.7,0.0,66.0,285.15,12,42,0,0 days 12:42:00
34209002,43.32,3.35,2016-01-01 12:42:00,20.0,5.4,0.4,94.0,283.65,12,42,0,0 days 12:42:00
38191002,45.09,6.09,2016-01-01 12:42:00,230.0,1.4,0.0,68.0,277.35,12,42,0,0 days 12:42:00
38548001,45.08,5.56,2016-01-01 12:42:00,80.0,1.7,0.0,73.0,281.25,12,42,0,0 days 12:42:00
74042003,46.07,6.38,2016-01-01 12:42:00,240.0,1.4,0.0,89.0,280.55,12,42,0,0 days 12:42:00
83148002,43.39,6.53,2016-01-01 12:42:00,10.0,0.6,0.0,87.0,282.65,12,42,0,0 days 12:42:00
84025001,43.88,5.16,2016-01-01 12:42:00,80.0,2.9,0.0,72.0,284.95,12,42,0,0 days 12:42:00
7187001,44.61,4.24,2016-01-01 12:48:00,140.0,4.4,0.0,100.0,278.15,12,48,0,0 days 12:48:00
15122002,44.73,2.17,2016-01-01 12:48:00,130.0,2.1,0.0,79.0,283.25,12,48,0,0 days 12:48:00
19164001,45.7,2.06,2016-01-01 12:48:00,170.0,5.1,0.0,78.0,281.25,12,48,0,0 days 12:48:00
26321003,44.55,5.28,2016-01-01 12:48:00,210.0,1.2,0.0,63.0,285.05,12,48,0,0 days 12:48:00
34209002,43.32,3.35,2016-01-01 12:48:00,20.0,5.0,0.0,94.0,283.75,12,48,0,0 days 12:48:00
38191002,45.09,6.09,2016-01-01 12:48:00,230.0,1.4,0.0,70.0,277.45,12,48,0,0 days 12:48:00
38548001,45.08,5.56,2016-01-01 12:48:00,280.0,1.4,0.0,73.0,281.25,12,48,0,0 days 12:48:00
74042003,46.07,6.38,2016-01-01 12:48:00,230.0,1.4,0.0,89.0,280.55,12,48,0,0 days 12:48:00
83148002,43.39,6.53,2016-01-01 12:48:00,20.0,0.6,0.0,87.0,282.75,12,48,0,0 days 12:48:00
84025001,43.88,5.16,2016-01-01 12:48:00,80.0,2.3,0.0,74.0,284.95,12,48,0,0 days 12:48:00
7187001,44.61,4.24,2016-01-01 12:54:00,140.0,4.6,0.0,100.0,278.15,12,54,0,0 days 12:54:00
15122002,44.73,2.17,2016-01-01 12:54:00,140.0,2.4,0.0,81.0,283.35,12,54,0,0 days 12:54:00
19164001,45.7,2.06,2016-01-01 12:54:00,170.0,5.7,0.0,78.0,281.25,12,54,0,0 days 12:54:00
26321003,44.55,5.28,2016-01-01 12:54:00,200.0,1.4,0.0,63.0,284.95,12,54,0,0 days 12:54:00
34209002,43.32,3.35,2016-01-01 12:54:00,50.0,4.4,0.0,94.0,283.95,12,54,0,0 days 12:54:00
38191002,45.09,6.09,2016-01-01 12:54:00,220.0,1.8,0.0,70.0,277.45,12,54,0,0 days 12:54:00
38548001,45.08,5.56,2016-01-01 12:54:00,300.0,1.7,0.0,77.0,281.05,12,54,0,0 days 12:54:00
74042003,46.07,6.38,2016-01-01 12:54:00,240.0,1.5,0.0,90.0,280.65,12,54,0,0 days 12:54:00
83148002,43.39,6.53,2016-01-01 12:54:00,50.0,1.2,0.0,85.0,282.85,12,54,0,0 days 12:54:00
84025001,43.88,5.16,2016-01-01 12:54:00,70.0,2.3,0.0,72.0,284.95,12,54,0,0 days 12:54:00
7187001,44.61,4.24,2016-01-01 13:00:00,150.0,4.6,0.0,100.0,278.15,13,0,0,0 days 13:00:00
15122002,44.73,2.17,2016-01-01 13:00:00,140.0,2.3,0.0,80.0,283.35,13,0,0,0 days 13:00:00
19164001,45.7,2.06,2016-01-01 13:00:00,160.0,5.7,0.0,79.0,281.35,13,0,0,0 days 13:00:00
26321003,44.55,5.28,2016-01-01 13:00:00,200.0,1.0,0.0,63.0,284.95,13,0,0,0 days 13:00:00
34209002,43.32,3.35,2016-01-01 13:00:00,50.0,3.7,0.0,94.0,283.95,13,0,0,0 days 13:00:00
38191002,45.09,6.09,2016-01-01 13:00:00,230.0,1.8,0.0,70.0,277.15,13,0,0,0 days 13:00:00
38548001,45.08,5.56,2016-01-01 13:00:00,300.0,1.8,0.0,78.0,281.35,13,0,0,0 days 13:00:00
74042003,46.07,6.38,2016-01-01 13:00:00,240.0,1.7,0.0,88.0,280.65,13,0,0,0 days 13:00:00
83148002,43.39,6.53,2016-01-01 13:00:00,40.0,1.8,0.0,84.0,282.85,13,0,0,0 days 13:00:00
84025001,43.88,5.16,2016-01-01 13:00:00,70.0,2.9,0.0,72.0,284.95,13,0,0,0 days 13:00:00
7187001,44.61,4.24,2016-01-01 13:06:00,140.0,4.5,0.0,100.0,278.15,13,6,0,0 days 13:06:00
15122002,44.73,2.17,2016-01-01 13:06:00,140.0,2.9,0.0,81.0,283.45,13,6,0,0 days 13:06:00
19164001,45.7,2.06,2016-01-01 13:06:00,160.0,5.2,0.0,78.0,281.45,13,6,0,0 days 13:06:00
26321003,44.55,5.28,2016-01-01 13:06:00,200.0,1.2,0.0,64.0,284.85,13,6,0,0 days 13:06:00
34209002,43.32,3.35,2016-01-01 13:06:00,40.0,3.5,0.0,95.0,283.85,13,6,0,0 days 13:06:00
38191002,45.09,6.09,2016-01-01 13:06:00,230.0,1.4,0.0,72.0,277.35,13,6,0,0 days 13:06:00
38548001,45.08,5.56,2016-01-01 13:06:00,290.0,1.1,0.0,78.0,281.35,13,6,0,0 days 13:06:00
74042003,46.07,6.38,2016-01-01 13:06:00,230.0,1.6,0.0,88.0,280.65,13,6,0,0 days 13:06:00
83148002,43.39,6.53,2016-01-01 13:06:00,50.0,1.9,0.0,84.0,282.85,13,6,0,0 days 13:06:00
84025001,43.88,5.16,2016-01-01 13:06:00,70.0,2.6,0.0,72.0,284.85,13,6,0,0 days 13:06:00
7187001,44.61,4.24,2016-01-01 13:12:00,140.0,4.1,0.0,100.0,278.15,13,12,0,0 days 13:12:00
15122002,44.73,2.17,2016-01-01 13:12:00,140.0,2.9,0.0,81.0,283.55,13,12,0,0 days 13:12:00
19164001,45.7,2.06,2016-01-01 13:12:00,170.0,5.8,0.0,78.0,281.55,13,12,0,0 days 13:12:00
26321003,44.55,5.28,2016-01-01 13:12:00,200.0,1.5,0.0,64.0,284.85,13,12,0,0 days 13:12:00
34209002,43.32,3.35,2016-01-01 13:12:00,30.0,4.0,0.0,94.0,283.65,13,12,0,0 days 13:12:00
38191002,45.09,6.09,2016-01-01 13:12:00,210.0,1.2,0.0,69.0,277.65,13,12,0,0 days 13:12:00
38548001,45.08,5.56,2016-01-01 13:12:00,340.0,1.0,0.0,77.0,281.45,13,12,0,0 days 13:12:00
74042003,46.07,6.38,2016-01-01 13:12:00,230.0,1.5,0.0,89.0,280.75,13,12,0,0 days 13:12:00
83148002,43.39,6.53,2016-01-01 13:12:00,40.0,1.6,0.0,83.0,282.85,13,12,0,0 days 13:12:00
84025001,43.88,5.16,2016-01-01 13:12:00,70.0,2.0,0.0,73.0,284.85,13,12,0,0 days 13:12:00
7187001,44.61,4.24,2016-01-01 13:18:00,140.0,4.1,0.0,100.0,278.05,13,18,0,0 days 13:18:00
15122002,44.73,2.17,2016-01-01 13:18:00,140.0,2.5,0.0,81.0,283.75,13,18,0,0 days 13:18:00
19164001,45.7,2.06,2016-01-01 13:18:00,170.0,5.9,0.0,80.0,281.65,13,18,0,0 days 13:18:00
26321003,44.55,5.28,2016-01-01 13:18:00,210.0,1.3,0.0,65.0,284.85,13,18,0,0 days 13:18:00
34209002,43.32,3.35,2016-01-01 13:18:00,30.0,4.3,0.0,95.0,283.75,13,18,0,0 days 13:18:00
38191002,45.09,6.09,2016-01-01 13:18:00,230.0,1.2,0.0,69.0,277.15,13,18,0,0 days 13:18:00
38548001,45.08,5.56,2016-01-01 13:18:00,20.0,0.9,0.0,76.0,281.55,13,18,0,0 days 13:18:00
74042003,46.07,6.38,2016-01-01 13:18:00,230.0,1.7,0.0,88.0,280.75,13,18,0,0 days 13:18:00
83148002,43.39,6.53,2016-01-01 13:18:00,40.0,1.1,0.0,84.0,282.85,13,18,0,0 days 13:18:00
84025001,43.88,5.16,2016-01-01 13:18:00,70.0,1.9,0.0,73.0,284.85,13,18,0,0 days 13:18:00
7187001,44.61,4.24,2016-01-01 13:24:00,140.0,4.1,0.0,100.0,278.05,13,24,0,0 days 13:24:00
15122002,44.73,2.17,2016-01-01 13:24:00,140.0,2.7,0.0,79.0,283.95,13,24,0,0 days 13:24:00
19164001,45.7,2.06,2016-01-01 13:24:00,170.0,6.0,0.0,80.0,281.65,13,24,0,0 days 13:24:00
26321003,44.55,5.28,2016-01-01 13:24:00,210.0,1.1,0.0,66.0,284.85,13,24,0,0 days 13:24:00
34209002,43.32,3.35,2016-01-01 13:24:00,20.0,4.2,0.0,95.0,283.95,13,24,0,0 days 13:24:00
38191002,45.09,6.09,2016-01-01 13:24:00,240.0,1.2,0.0,69.0,277.45,13,24,0,0 days 13:24:00
38548001,45.08,5.56,2016-01-01 13:24:00,30.0,0.9,0.0,75.0,281.45,13,24,0,0 days 13:24:00
74042003,46.07,6.38,2016-01-01 13:24:00,220.0,1.7,0.0,88.0,280.75,13,24,0,0 days 13:24:00
83148002,43.39,6.53,2016-01-01 13:24:00,50.0,1.2,0.0,84.0,282.85,13,24,0,0 days 13:24:00
84025001,43.88,5.16,2016-01-01 13:24:00,80.0,1.6,0.0,74.0,284.95,13,24,0,0 days 13:24:00
7187001,44.61,4.24,2016-01-01 13:30:00,140.0,3.9,0.0,100.0,278.05,13,30,0,0 days 13:30:00
15122002,44.73,2.17,2016-01-01 13:30:00,140.0,3.4,0.0,80.0,283.95,13,30,0,0 days 13:30:00
19164001,45.7,2.06,2016-01-01 13:30:00,170.0,5.9,0.0,80.0,281.65,13,30,0,0 days 13:30:00
26321003,44.55,5.28,2016-01-01 13:30:00,200.0,1.2,0.0,64.0,284.75,13,30,0,0 days 13:30:00
34209002,43.32,3.35,2016-01-01 13:30:00,20.0,3.7,0.2,95.0,284.35,13,30,0,0 days 13:30:00
38191002,45.09,6.09,2016-01-01 13:30:00,200.0,1.2,0.0,68.0,277.65,13,30,0,0 days 13:30:00
38548001,45.08,5.56,2016-01-01 13:30:00,330.0,0.8,0.0,78.0,281.65,13,30,0,0 days 13:30:00
74042003,46.07,6.38,2016-01-01 13:30:00,230.0,1.5,0.0,88.0,280.75,13,30,0,0 days 13:30:00
83148002,43.39,6.53,2016-01-01 13:30:00,50.0,1.4,0.0,84.0,282.85,13,30,0,0 days 13:30:00
84025001,43.88,5.16,2016-01-01 13:30:00,90.0,1.5,0.0,73.0,284.95,13,30,0,0 days 13:30:00
7187001,44.61,4.24,2016-01-01 13:36:00,130.0,3.8,0.0,100.0,278.05,13,36,0,0 days 13:36:00
15122002,44.73,2.17,2016-01-01 13:36:00,140.0,4.5,0.0,79.0,283.95,13,36,0,0 days 13:36:00
19164001,45.7,2.06,2016-01-01 13:36:00,170.0,5.9,0.0,81.0,281.65,13,36,0,0 days 13:36:00
26321003,44.55,5.28,2016-01-01 13:36:00,190.0,0.9,0.0,65.0,284.75,13,36,0,0 days 13:36:00
34209002,43.32,3.35,2016-01-01 13:36:00,50.0,3.3,0.0,95.0,284.35,13,36,0,0 days 13:36:00
38191002,45.09,6.09,2016-01-01 13:36:00,190.0,0.8,0.0,67.0,277.95,13,36,0,0 days 13:36:00
38548001,45.08,5.56,2016-01-01 13:36:00,320.0,0.7,0.0,77.0,281.55,13,36,0,0 days 13:36:00
74042003,46.07,6.38,2016-01-01 13:36:00,230.0,1.9,0.0,89.0,280.75,13,36,0,0 days 13:36:00
83148002,43.39,6.53,2016-01-01 13:36:00,50.0,1.8,0.0,84.0,282.85,13,36,0,0 days 13:36:00
84025001,43.88,5.16,2016-01-01 13:36:00,90.0,1.5,0.0,73.0,284.95,13,36,0,0 days 13:36:00
7187001,44.61,4.24,2016-01-01 13:42:00,140.0,3.6,0.0,100.0,278.05,13,42,0,0 days 13:42:00
15122002,44.73,2.17,2016-01-01 13:42:00,140.0,5.1,0.0,78.0,283.95,13,42,0,0 days 13:42:00
19164001,45.7,2.06,2016-01-01 13:42:00,170.0,5.8,0.0,81.0,281.65,13,42,0,0 days 13:42:00
26321003,44.55,5.28,2016-01-01 13:42:00,200.0,1.0,0.0,63.0,284.75,13,42,0,0 days 13:42:00
34209002,43.32,3.35,2016-01-01 13:42:00,60.0,3.0,0.2,95.0,284.25,13,42,0,0 days 13:42:00
38191002,45.09,6.09,2016-01-01 13:42:00,230.0,0.9,0.0,68.0,277.65,13,42,0,0 days 13:42:00
38548001,45.08,5.56,2016-01-01 13:42:00,10.0,0.6,0.0,79.0,281.65,13,42,0,0 days 13:42:00
74042003,46.07,6.38,2016-01-01 13:42:00,230.0,2.5,0.0,89.0,280.65,13,42,0,0 days 13:42:00
83148002,43.39,6.53,2016-01-01 13:42:00,50.0,2.1,0.0,84.0,282.85,13,42,0,0 days 13:42:00
84025001,43.88,5.16,2016-01-01 13:42:00,80.0,1.5,0.0,73.0,284.95,13,42,0,0 days 13:42:00
7187001,44.61,4.24,2016-01-01 13:48:00,140.0,3.3,0.2,100.0,278.05,13,48,0,0 days 13:48:00
15122002,44.73,2.17,2016-01-01 13:48:00,150.0,5.1,0.0,77.0,283.95,13,48,0,0 days 13:48:00
19164001,45.7,2.06,2016-01-01 13:48:00,180.0,4.9,0.0,82.0,281.55,13,48,0,0 days 13:48:00
26321003,44.55,5.28,2016-01-01 13:48:00,200.0,1.2,0.0,64.0,284.65,13,48,0,0 days 13:48:00
34209002,43.32,3.35,2016-01-01 13:48:00,70.0,2.7,0.0,96.0,285.15,13,48,0,0 days 13:48:00
38191002,45.09,6.09,2016-01-01 13:48:00,280.0,1.0,0.0,67.0,277.15,13,48,0,0 days 13:48:00
38548001,45.08,5.56,2016-01-01 13:48:00,320.0,0.8,0.0,76.0,281.45,13,48,0,0 days 13:48:00
74042003,46.07,6.38,2016-01-01 13:48:00,230.0,2.5,0.0,89.0,280.65,13,48,0,0 days 13:48:00
83148002,43.39,6.53,2016-01-01 13:48:00,50.0,2.1,0.0,84.0,282.95,13,48,0,0 days 13:48:00
84025001,43.88,5.16,2016-01-01 13:48:00,80.0,1.6,0.0,73.0,284.95,13,48,0,0 days 13:48:00
7187001,44.61,4.24,2016-01-01 13:54:00,140.0,3.1,0.0,100.0,278.15,13,54,0,0 days 13:54:00
15122002,44.73,2.17,2016-01-01 13:54:00,150.0,4.6,0.0,78.0,283.95,13,54,0,0 days 13:54:00
19164001,45.7,2.06,2016-01-01 13:54:00,170.0,4.6,0.0,83.0,281.55,13,54,0,0 days 13:54:00
26321003,44.55,5.28,2016-01-01 13:54:00,200.0,1.1,0.0,65.0,284.65,13,54,0,0 days 13:54:00
34209002,43.32,3.35,2016-01-01 13:54:00,100.0,3.3,0.2,96.0,285.65,13,54,0,0 days 13:54:00
38191002,45.09,6.09,2016-01-01 13:54:00,270.0,1.0,0.0,54.0,277.05,13,54,0,0 days 13:54:00
38548001,45.08,5.56,2016-01-01 13:54:00,310.0,0.5,0.0,79.0,281.45,13,54,0,0 days 13:54:00
74042003,46.07,6.38,2016-01-01 13:54:00,230.0,2.6,0.0,89.0,280.65,13,54,0,0 days 13:54:00
83148002,43.39,6.53,2016-01-01 13:54:00,70.0,1.9,0.0,84.0,283.05,13,54,0,0 days 13:54:00
84025001,43.88,5.16,2016-01-01 13:54:00,80.0,1.7,0.0,73.0,284.95,13,54,0,0 days 13:54:00
7187001,44.61,4.24,2016-01-01 14:00:00,140.0,3.1,0.2,100.0,278.15,14,0,0,0 days 14:00:00
15122002,44.73,2.17,2016-01-01 14:00:00,150.0,3.5,0.0,78.0,283.85,14,0,0,0 days 14:00:00
19164001,45.7,2.06,2016-01-01 14:00:00,180.0,5.5,0.0,82.0,281.45,14,0,0,0 days 14:00:00
26321003,44.55,5.28,2016-01-01 14:00:00,200.0,1.4,0.0,65.0,284.65,14,0,0,0 days 14:00:00
34209002,43.32,3.35,2016-01-01 14:00:00,110.0,4.2,0.0,95.0,285.85,14,0,0,0 days 14:00:00
38191002,45.09,6.09,2016-01-01 14:00:00,290.0,1.0,0.0,55.0,277.05,14,0,0,0 days 14:00:00
38548001,45.08,5.56,2016-01-01 14:00:00,340.0,0.7,0.0,77.0,281.55,14,0,0,0 days 14:00:00
74042003,46.07,6.38,2016-01-01 14:00:00,240.0,2.4,0.0,89.0,280.65,14,0,0,0 days 14:00:00
83148002,43.39,6.53,2016-01-01 14:00:00,80.0,1.9,0.0,84.0,283.05,14,0,0,0 days 14:00:00
84025001,43.88,5.16,2016-01-01 14:00:00,70.0,2.1,0.0,72.0,284.95,14,0,0,0 days 14:00:00
7187001,44.61,4.24,2016-01-01 14:06:00,140.0,3.0,0.0,100.0,278.15,14,6,0,0 days 14:06:00
15122002,44.73,2.17,2016-01-01 14:06:00,140.0,4.4,0.0,78.0,283.85,14,6,0,0 days 14:06:00
19164001,45.7,2.06,2016-01-01 14:06:00,180.0,6.3,0.0,83.0,281.35,14,6,0,0 days 14:06:00
26321003,44.55,5.28,2016-01-01 14:06:00,200.0,1.5,0.0,66.0,284.65,14,6,0,0 days 14:06:00
34209002,43.32,3.35,2016-01-01 14:06:00,110.0,5.3,0.0,94.0,286.15,14,6,0,0 days 14:06:00
38191002,45.09,6.09,2016-01-01 14:06:00,240.0,0.7,0.0,55.0,277.15,14,6,0,0 days 14:06:00
38548001,45.08,5.56,2016-01-01 14:06:00,30.0,1.0,0.0,77.0,281.55,14,6,0,0 days 14:06:00
74042003,46.07,6.38,2016-01-01 14:06:00,240.0,2.0,0.0,89.0,280.65,14,6,0,0 days 14:06:00
83148002,43.39,6.53,2016-01-01 14:06:00,90.0,2.2,0.0,83.0,283.05,14,6,0,0 days 14:06:00
84025001,43.88,5.16,2016-01-01 14:06:00,70.0,2.2,0.0,72.0,284.95,14,6,0,0 days 14:06:00
7187001,44.61,4.24,2016-01-01 14:12:00,130.0,3.5,0.2,100.0,278.15,14,12,0,0 days 14:12:00
15122002,44.73,2.17,2016-01-01 14:12:00,140.0,4.8,0.0,78.0,283.85,14,12,0,0 days 14:12:00
19164001,45.7,2.06,2016-01-01 14:12:00,190.0,6.2,0.0,83.0,281.35,14,12,0,0 days 14:12:00
26321003,44.55,5.28,2016-01-01 14:12:00,200.0,1.2,0.0,66.0,284.65,14,12,0,0 days 14:12:00
34209002,43.32,3.35,2016-01-01 14:12:00,110.0,5.9,0.0,92.0,286.45,14,12,0,0 days 14:12:00
38191002,45.09,6.09,2016-01-01 14:12:00,200.0,1.0,0.0,66.0,277.15,14,12,0,0 days 14:12:00
38548001,45.08,5.56,2016-01-01 14:12:00,340.0,1.0,0.0,78.0,281.75,14,12,0,0 days 14:12:00
74042003,46.07,6.38,2016-01-01 14:12:00,230.0,1.7,0.0,89.0,280.65,14,12,0,0 days 14:12:00
83148002,43.39,6.53,2016-01-01 14:12:00,80.0,2.3,0.0,84.0,282.95,14,12,0,0 days 14:12:00
84025001,43.88,5.16,2016-01-01 14:12:00,70.0,1.9,0.0,73.0,284.85,14,12,0,0 days 14:12:00
7187001,44.61,4.24,2016-01-01 14:18:00,130.0,3.7,0.0,100.0,278.15,14,18,0,0 days 14:18:00
15122002,44.73,2.17,2016-01-01 14:18:00,140.0,4.4,0.0,77.0,283.95,14,18,0,0 days 14:18:00
19164001,45.7,2.06,2016-01-01 14:18:00,190.0,5.6,0.0,83.0,281.25,14,18,0,0 days 14:18:00
26321003,44.55,5.28,2016-01-01 14:18:00,200.0,1.0,0.0,67.0,284.65,14,18,0,0 days 14:18:00
34209002,43.32,3.35,2016-01-01 14:18:00,110.0,5.4,0.0,91.0,286.55,14,18,0,0 days 14:18:00
38191002,45.09,6.09,2016-01-01 14:18:00,210.0,1.7,0.0,68.0,276.85,14,18,0,0 days 14:18:00
38548001,45.08,5.56,2016-01-01 14:18:00,290.0,0.7,0.0,75.0,282.15,14,18,0,0 days 14:18:00
74042003,46.07,6.38,2016-01-01 14:18:00,230.0,1.6,0.0,89.0,280.75,14,18,0,0 days 14:18:00
83148002,43.39,6.53,2016-01-01 14:18:00,90.0,2.5,0.0,83.0,282.85,14,18,0,0 days 14:18:00
84025001,43.88,5.16,2016-01-01 14:18:00,60.0,1.6,0.0,73.0,284.75,14,18,0,0 days 14:18:00
7187001,44.61,4.24,2016-01-01 14:24:00,130.0,3.5,0.2,100.0,278.15,14,24,0,0 days 14:24:00
15122002,44.73,2.17,2016-01-01 14:24:00,150.0,4.0,0.0,77.0,284.05,14,24,0,0 days 14:24:00
19164001,45.7,2.06,2016-01-01 14:24:00,190.0,5.4,0.0,83.0,281.25,14,24,0,0 days 14:24:00
26321003,44.55,5.28,2016-01-01 14:24:00,200.0,1.0,0.0,67.0,284.65,14,24,0,0 days 14:24:00
34209002,43.32,3.35,2016-01-01 14:24:00,110.0,5.1,0.0,90.0,286.55,14,24,0,0 days 14:24:00
38191002,45.09,6.09,2016-01-01 14:24:00,240.0,1.6,0.0,71.0,276.15,14,24,0,0 days 14:24:00
38548001,45.08,5.56,2016-01-01 14:24:00,210.0,0.8,0.0,72.0,282.65,14,24,0,0 days 14:24:00
74042003,46.07,6.38,2016-01-01 14:24:00,230.0,1.7,0.0,89.0,280.75,14,24,0,0 days 14:24:00
83148002,43.39,6.53,2016-01-01 14:24:00,80.0,3.1,0.0,84.0,282.75,14,24,0,0 days 14:24:00
84025001,43.88,5.16,2016-01-01 14:24:00,60.0,2.0,0.0,73.0,284.65,14,24,0,0 days 14:24:00
7187001,44.61,4.24,2016-01-01 14:30:00,130.0,3.1,0.2,100.0,278.15,14,30,0,0 days 14:30:00
15122002,44.73,2.17,2016-01-01 14:30:00,140.0,4.1,0.0,77.0,284.15,14,30,0,0 days 14:30:00
19164001,45.7,2.06,2016-01-01 14:30:00,180.0,5.4,0.0,84.0,281.35,14,30,0,0 days 14:30:00
26321003,44.55,5.28,2016-01-01 14:30:00,200.0,1.0,0.0,66.0,284.55,14,30,0,0 days 14:30:00
34209002,43.32,3.35,2016-01-01 14:30:00,100.0,5.0,0.0,90.0,286.55,14,30,0,0 days 14:30:00
38191002,45.09,6.09,2016-01-01 14:30:00,260.0,1.1,0.0,74.0,275.85,14,30,0,0 days 14:30:00
38548001,45.08,5.56,2016-01-01 14:30:00,260.0,0.8,0.0,68.0,282.75,14,30,0,0 days 14:30:00
74042003,46.07,6.38,2016-01-01 14:30:00,240.0,1.4,0.0,89.0,280.75,14,30,0,0 days 14:30:00
83148002,43.39,6.53,2016-01-01 14:30:00,80.0,2.9,0.0,84.0,282.75,14,30,0,0 days 14:30:00
84025001,43.88,5.16,2016-01-01 14:30:00,60.0,2.0,0.0,74.0,284.65,14,30,0,0 days 14:30:00
7187001,44.61,4.24,2016-01-01 14:36:00,130.0,3.3,0.0,100.0,278.25,14,36,0,0 days 14:36:00
15122002,44.73,2.17,2016-01-01 14:36:00,140.0,4.8,0.0,76.0,284.15,14,36,0,0 days 14:36:00
19164001,45.7,2.06,2016-01-01 14:36:00,180.0,5.2,0.0,85.0,281.35,14,36,0,0 days 14:36:00
26321003,44.55,5.28,2016-01-01 14:36:00,180.0,1.0,0.0,67.0,284.45,14,36,0,0 days 14:36:00
34209002,43.32,3.35,2016-01-01 14:36:00,110.0,4.8,0.0,90.0,286.85,14,36,0,0 days 14:36:00
38191002,45.09,6.09,2016-01-01 14:36:00,270.0,1.3,0.0,72.0,275.65,14,36,0,0 days 14:36:00
38548001,45.08,5.56,2016-01-01 14:36:00,340.0,0.4,0.0,67.0,282.95,14,36,0,0 days 14:36:00
74042003,46.07,6.38,2016-01-01 14:36:00,240.0,1.1,0.0,89.0,280.75,14,36,0,0 days 14:36:00
83148002,43.39,6.53,2016-01-01 14:36:00,70.0,2.7,0.0,84.0,282.75,14,36,0,0 days 14:36:00
84025001,43.88,5.16,2016-01-01 14:36:00,60.0,1.9,0.0,74.0,284.65,14,36,0,0 days 14:36:00
7187001,44.61,4.24,2016-01-01 14:42:00,130.0,3.7,0.2,100.0,278.25,14,42,0,0 days 14:42:00
15122002,44.73,2.17,2016-01-01 14:42:00,140.0,5.1,0.0,76.0,284.05,14,42,0,0 days 14:42:00
19164001,45.7,2.06,2016-01-01 14:42:00,180.0,6.2,0.0,84.0,281.35,14,42,0,0 days 14:42:00
26321003,44.55,5.28,2016-01-01 14:42:00,170.0,1.0,0.0,67.0,284.45,14,42,0,0 days 14:42:00
34209002,43.32,3.35,2016-01-01 14:42:00,120.0,4.9,0.0,90.0,286.75,14,42,0,0 days 14:42:00
38191002,45.09,6.09,2016-01-01 14:42:00,330.0,1.1,0.0,69.0,275.65,14,42,0,0 days 14:42:00
38548001,45.08,5.56,2016-01-01 14:42:00,220.0,0.8,0.0,68.0,282.45,14,42,0,0 days 14:42:00
74042003,46.07,6.38,2016-01-01 14:42:00,240.0,1.4,0.0,88.0,280.75,14,42,0,0 days 14:42:00
83148002,43.39,6.53,2016-01-01 14:42:00,70.0,2.4,0.0,84.0,282.65,14,42,0,0 days 14:42:00
84025001,43.88,5.16,2016-01-01 14:42:00,60.0,2.2,0.0,74.0,284.55,14,42,0,0 days 14:42:00
7187001,44.61,4.24,2016-01-01 14:48:00,130.0,3.9,0.0,100.0,278.15,14,48,0,0 days 14:48:00
15122002,44.73,2.17,2016-01-01 14:48:00,140.0,5.2,0.0,75.0,284.15,14,48,0,0 days 14:48:00
19164001,45.7,2.06,2016-01-01 14:48:00,180.0,6.0,0.0,85.0,281.35,14,48,0,0 days 14:48:00
26321003,44.55,5.28,2016-01-01 14:48:00,190.0,0.9,0.0,68.0,284.35,14,48,0,0 days 14:48:00
34209002,43.32,3.35,2016-01-01 14:48:00,120.0,4.3,0.0,90.0,286.95,14,48,0,0 days 14:48:00
38191002,45.09,6.09,2016-01-01 14:48:00,350.0,1.0,0.0,69.0,275.75,14,48,0,0 days 14:48:00
38548001,45.08,5.56,2016-01-01 14:48:00,240.0,1.0,0.0,71.0,282.35,14,48,0,0 days 14:48:00
74042003,46.07,6.38,2016-01-01 14:48:00,240.0,1.3,0.0,90.0,280.75,14,48,0,0 days 14:48:00
83148002,43.39,6.53,2016-01-01 14:48:00,60.0,2.2,0.0,84.0,282.65,14,48,0,0 days 14:48:00
84025001,43.88,5.16,2016-01-01 14:48:00,70.0,2.3,0.0,74.0,284.55,14,48,0,0 days 14:48:00
7187001,44.61,4.24,2016-01-01 14:54:00,130.0,3.9,0.2,100.0,278.25,14,54,0,0 days 14:54:00
15122002,44.73,2.17,2016-01-01 14:54:00,140.0,5.5,0.0,75.0,284.05,14,54,0,0 days 14:54:00
19164001,45.7,2.06,2016-01-01 14:54:00,180.0,5.0,0.0,84.0,281.35,14,54,0,0 days 14:54:00
26321003,44.55,5.28,2016-01-01 14:54:00,190.0,0.7,0.0,69.0,284.35,14,54,0,0 days 14:54:00
34209002,43.32,3.35,2016-01-01 14:54:00,120.0,3.8,0.0,90.0,286.95,14,54,0,0 days 14:54:00
38191002,45.09,6.09,2016-01-01 14:54:00,290.0,1.1,0.0,66.0,275.75,14,54,0,0 days 14:54:00
38548001,45.08,5.56,2016-01-01 14:54:00,260.0,1.3,0.0,75.0,281.75,14,54,0,0 days 14:54:00
74042003,46.07,6.38,2016-01-01 14:54:00,240.0,1.2,0.0,89.0,280.75,14,54,0,0 days 14:54:00
83148002,43.39,6.53,2016-01-01 14:54:00,50.0,2.2,0.0,84.0,282.65,14,54,0,0 days 14:54:00
84025001,43.88,5.16,2016-01-01 14:54:00,70.0,2.3,0.0,74.0,284.55,14,54,0,0 days 14:54:00
7187001,44.61,4.24,2016-01-01 15:00:00,130.0,3.9,0.0,100.0,278.15,15,0,0,0 days 15:00:00
15122002,44.73,2.17,2016-01-01 15:00:00,160.0,5.4,0.0,75.0,283.85,15,0,0,0 days 15:00:00
19164001,45.7,2.06,2016-01-01 15:00:00,180.0,5.8,0.0,84.0,281.35,15,0,0,0 days 15:00:00
26321003,44.55,5.28,2016-01-01 15:00:00,180.0,0.6,0.0,70.0,284.25,15,0,0,0 days 15:00:00
34209002,43.32,3.35,2016-01-01 15:00:00,130.0,3.8,0.0,90.0,286.95,15,0,0,0 days 15:00:00
38191002,45.09,6.09,2016-01-01 15:00:00,250.0,1.1,0.0,66.0,275.65,15,0,0,0 days 15:00:00
38548001,45.08,5.56,2016-01-01 15:00:00,270.0,0.7,0.0,76.0,281.55,15,0,0,0 days 15:00:00
74042003,46.07,6.38,2016-01-01 15:00:00,240.0,1.6,0.0,89.0,280.65,15,0,0,0 days 15:00:00
83148002,43.39,6.53,2016-01-01 15:00:00,60.0,2.5,0.0,85.0,282.65,15,0,0,0 days 15:00:00
84025001,43.88,5.16,2016-01-01 15:00:00,80.0,1.9,0.0,74.0,284.55,15,0,0,0 days 15:00:00
7187001,44.61,4.24,2016-01-01 15:06:00,140.0,3.9,0.2,100.0,278.15,15,6,0,0 days 15:06:00
15122002,44.73,2.17,2016-01-01 15:06:00,170.0,5.2,0.0,77.0,283.75,15,6,0,0 days 15:06:00
19164001,45.7,2.06,2016-01-01 15:06:00,170.0,5.8,0.0,83.0,281.35,15,6,0,0 days 15:06:00
26321003,44.55,5.28,2016-01-01 15:06:00,190.0,0.6,0.0,71.0,284.25,15,6,0,0 days 15:06:00
34209002,43.32,3.35,2016-01-01 15:06:00,120.0,4.3,0.0,90.0,287.05,15,6,0,0 days 15:06:00
38191002,45.09,6.09,2016-01-01 15:06:00,260.0,1.1,0.0,62.0,276.05,15,6,0,0 days 15:06:00
38548001,45.08,5.56,2016-01-01 15:06:00,250.0,0.8,0.0,79.0,281.25,15,6,0,0 days 15:06:00
74042003,46.07,6.38,2016-01-01 15:06:00,240.0,1.6,0.0,89.0,280.65,15,6,0,0 days 15:06:00
83148002,43.39,6.53,2016-01-01 15:06:00,70.0,1.8,0.0,85.0,282.65,15,6,0,0 days 15:06:00
84025001,43.88,5.16,2016-01-01 15:06:00,80.0,1.8,0.0,74.0,284.55,15,6,0,0 days 15:06:00
7187001,44.61,4.24,2016-01-01 15:12:00,130.0,4.2,0.0,100.0,278.25,15,12,0,0 days 15:12:00
15122002,44.73,2.17,2016-01-01 15:12:00,170.0,4.7,0.0,77.0,283.75,15,12,0,0 days 15:12:00
19164001,45.7,2.06,2016-01-01 15:12:00,170.0,5.3,0.0,82.0,281.35,15,12,0,0 days 15:12:00
26321003,44.55,5.28,2016-01-01 15:12:00,190.0,0.5,0.0,71.0,284.15,15,12,0,0 days 15:12:00
34209002,43.32,3.35,2016-01-01 15:12:00,120.0,4.4,0.0,90.0,287.05,15,12,0,0 days 15:12:00
38191002,45.09,6.09,2016-01-01 15:12:00,270.0,0.8,0.0,61.0,276.35,15,12,0,0 days 15:12:00
38548001,45.08,5.56,2016-01-01 15:12:00,250.0,1.0,0.0,82.0,280.85,15,12,0,0 days 15:12:00
74042003,46.07,6.38,2016-01-01 15:12:00,230.0,1.7,0.0,89.0,280.65,15,12,0,0 days 15:12:00
83148002,43.39,6.53,2016-01-01 15:12:00,90.0,2.0,0.0,86.0,282.65,15,12,0,0 days 15:12:00
84025001,43.88,5.16,2016-01-01 15:12:00,70.0,2.3,0.0,74.0,284.55,15,12,0,0 days 15:12:00
7187001,44.61,4.24,2016-01-01 15:18:00,140.0,4.7,0.2,100.0,278.35,15,18,0,0 days 15:18:00
15122002,44.73,2.17,2016-01-01 15:18:00,160.0,4.7,0.0,77.0,283.65,15,18,0,0 days 15:18:00
19164001,45.7,2.06,2016-01-01 15:18:00,170.0,6.8,0.0,83.0,281.35,15,18,0,0 days 15:18:00
26321003,44.55,5.28,2016-01-01 15:18:00,170.0,0.5,0.0,68.0,284.15,15,18,0,0 days 15:18:00
34209002,43.32,3.35,2016-01-01 15:18:00,130.0,4.8,0.0,89.0,287.05,15,18,0,0 days 15:18:00
38191002,45.09,6.09,2016-01-01 15:18:00,300.0,0.3,0.0,59.0,276.85,15,18,0,0 days 15:18:00
38548001,45.08,5.56,2016-01-01 15:18:00,270.0,1.0,0.0,84.0,280.65,15,18,0,0 days 15:18:00
74042003,46.07,6.38,2016-01-01 15:18:00,230.0,1.7,0.0,89.0,280.55,15,18,0,0 days 15:18:00
83148002,43.39,6.53,2016-01-01 15:18:00,70.0,3.3,0.0,85.0,282.55,15,18,0,0 days 15:18:00
84025001,43.88,5.16,2016-01-01 15:18:00,70.0,2.6,0.0,73.0,284.55,15,18,0,0 days 15:18:00
7187001,44.61,4.24,2016-01-01 15:24:00,140.0,5.0,0.0,100.0,278.25,15,24,0,0 days 15:24:00
15122002,44.73,2.17,2016-01-01 15:24:00,160.0,4.5,0.0,76.0,283.65,15,24,0,0 days 15:24:00
19164001,45.7,2.06,2016-01-01 15:24:00,170.0,7.5,0.0,83.0,281.35,15,24,0,0 days 15:24:00
26321003,44.55,5.28,2016-01-01 15:24:00,170.0,0.9,0.0,66.0,284.25,15,24,0,0 days 15:24:00
34209002,43.32,3.35,2016-01-01 15:24:00,130.0,4.9,0.0,89.0,287.05,15,24,0,0 days 15:24:00
38191002,45.09,6.09,2016-01-01 15:24:00,280.0,0.5,0.0,62.0,276.75,15,24,0,0 days 15:24:00
38548001,45.08,5.56,2016-01-01 15:24:00,250.0,1.1,0.0,86.0,280.15,15,24,0,0 days 15:24:00
74042003,46.07,6.38,2016-01-01 15:24:00,230.0,1.6,0.0,89.0,280.55,15,24,0,0 days 15:24:00
83148002,43.39,6.53,2016-01-01 15:24:00,70.0,3.2,0.0,86.0,282.55,15,24,0,0 days 15:24:00
84025001,43.88,5.16,2016-01-01 15:24:00,70.0,2.9,0.0,73.0,284.55,15,24,0,0 days 15:24:00
7187001,44.61,4.24,2016-01-01 15:30:00,140.0,5.3,0.2,100.0,278.35,15,30,0,0 days 15:30:00
15122002,44.73,2.17,2016-01-01 15:30:00,160.0,5.0,0.0,76.0,283.65,15,30,0,0 days 15:30:00
19164001,45.7,2.06,2016-01-01 15:30:00,170.0,6.8,0.0,82.0,281.35,15,30,0,0 days 15:30:00
26321003,44.55,5.28,2016-01-01 15:30:00,160.0,1.2,0.0,65.0,284.25,15,30,0,0 days 15:30:00
34209002,43.32,3.35,2016-01-01 15:30:00,130.0,5.0,0.0,89.0,287.15,15,30,0,0 days 15:30:00
38191002,45.09,6.09,2016-01-01 15:30:00,260.0,0.7,0.0,65.0,276.45,15,30,0,0 days 15:30:00
38548001,45.08,5.56,2016-01-01 15:30:00,190.0,1.2,0.0,87.0,279.95,15,30,0,0 days 15:30:00
74042003,46.07,6.38,2016-01-01 15:30:00,230.0,1.7,0.0,89.0,280.55,15,30,0,0 days 15:30:00
83148002,43.39,6.53,2016-01-01 15:30:00,80.0,3.8,0.0,86.0,282.45,15,30,0,0 days 15:30:00
84025001,43.88,5.16,2016-01-01 15:30:00,70.0,2.7,0.0,73.0,284.45,15,30,0,0 days 15:30:00
7187001,44.61,4.24,2016-01-01 15:36:00,150.0,5.7,0.0,100.0,278.35,15,36,0,0 days 15:36:00
15122002,44.73,2.17,2016-01-01 15:36:00,160.0,5.0,0.0,77.0,283.55,15,36,0,0 days 15:36:00
19164001,45.7,2.06,2016-01-01 15:36:00,170.0,7.0,0.0,81.0,281.35,15,36,0,0 days 15:36:00
26321003,44.55,5.28,2016-01-01 15:36:00,170.0,1.2,0.0,65.0,284.15,15,36,0,0 days 15:36:00
34209002,43.32,3.35,2016-01-01 15:36:00,130.0,5.2,0.0,89.0,287.25,15,36,0,0 days 15:36:00
38191002,45.09,6.09,2016-01-01 15:36:00,260.0,0.5,0.0,67.0,276.25,15,36,0,0 days 15:36:00
38548001,45.08,5.56,2016-01-01 15:36:00,140.0,1.8,0.0,87.0,279.75,15,36,0,0 days 15:36:00
74042003,46.07,6.38,2016-01-01 15:36:00,220.0,1.6,0.0,89.0,280.45,15,36,0,0 days 15:36:00
83148002,43.39,6.53,2016-01-01 15:36:00,70.0,4.2,0.0,86.0,282.45,15,36,0,0 days 15:36:00
84025001,43.88,5.16,2016-01-01 15:36:00,80.0,2.4,0.0,74.0,284.45,15,36,0,0 days 15:36:00
7187001,44.61,4.24,2016-01-01 15:42:00,140.0,5.9,0.0,100.0,278.45,15,42,0,0 days 15:42:00
15122002,44.73,2.17,2016-01-01 15:42:00,150.0,4.6,0.0,77.0,283.55,15,42,0,0 days 15:42:00
19164001,45.7,2.06,2016-01-01 15:42:00,160.0,7.2,0.0,81.0,281.45,15,42,0,0 days 15:42:00
26321003,44.55,5.28,2016-01-01 15:42:00,180.0,1.3,0.0,68.0,284.05,15,42,0,0 days 15:42:00
34209002,43.32,3.35,2016-01-01 15:42:00,130.0,5.1,0.0,89.0,287.15,15,42,0,0 days 15:42:00
38191002,45.09,6.09,2016-01-01 15:42:00,230.0,0.5,0.0,63.0,276.15,15,42,0,0 days 15:42:00
38548001,45.08,5.56,2016-01-01 15:42:00,120.0,1.4,0.0,86.0,279.75,15,42,0,0 days 15:42:00
74042003,46.07,6.38,2016-01-01 15:42:00,220.0,1.6,0.0,89.0,280.45,15,42,0,0 days 15:42:00
83148002,43.39,6.53,2016-01-01 15:42:00,70.0,4.5,0.0,86.0,282.45,15,42,0,0 days 15:42:00
84025001,43.88,5.16,2016-01-01 15:42:00,90.0,2.0,0.0,74.0,284.45,15,42,0,0 days 15:42:00
7187001,44.61,4.24,2016-01-01 15:48:00,140.0,6.6,0.0,100.0,278.65,15,48,0,0 days 15:48:00
15122002,44.73,2.17,2016-01-01 15:48:00,140.0,4.1,0.0,78.0,283.45,15,48,0,0 days 15:48:00
19164001,45.7,2.06,2016-01-01 15:48:00,160.0,7.5,0.0,83.0,281.15,15,48,0,0 days 15:48:00
26321003,44.55,5.28,2016-01-01 15:48:00,180.0,1.1,0.0,68.0,284.05,15,48,0,0 days 15:48:00
34209002,43.32,3.35,2016-01-01 15:48:00,130.0,4.8,0.0,89.0,287.15,15,48,0,0 days 15:48:00
38191002,45.09,6.09,2016-01-01 15:48:00,150.0,0.7,0.0,67.0,275.55,15,48,0,0 days 15:48:00
38548001,45.08,5.56,2016-01-01 15:48:00,140.0,1.2,0.0,87.0,279.45,15,48,0,0 days 15:48:00
74042003,46.07,6.38,2016-01-01 15:48:00,220.0,1.4,0.0,89.0,280.45,15,48,0,0 days 15:48:00
83148002,43.39,6.53,2016-01-01 15:48:00,70.0,4.7,0.0,86.0,282.45,15,48,0,0 days 15:48:00
84025001,43.88,5.16,2016-01-01 15:48:00,90.0,2.5,0.0,73.0,284.55,15,48,0,0 days 15:48:00
7187001,44.61,4.24,2016-01-01 15:54:00,150.0,6.8,0.0,100.0,278.55,15,54,0,0 days 15:54:00
15122002,44.73,2.17,2016-01-01 15:54:00,140.0,4.1,0.0,78.0,283.35,15,54,0,0 days 15:54:00
19164001,45.7,2.06,2016-01-01 15:54:00,160.0,7.2,0.0,83.0,281.05,15,54,0,0 days 15:54:00
26321003,44.55,5.28,2016-01-01 15:54:00,170.0,1.2,0.0,67.0,283.95,15,54,0,0 days 15:54:00
34209002,43.32,3.35,2016-01-01 15:54:00,130.0,4.4,0.0,89.0,287.15,15,54,0,0 days 15:54:00
38191002,45.09,6.09,2016-01-01 15:54:00,80.0,0.7,0.0,70.0,275.05,15,54,0,0 days 15:54:00
38548001,45.08,5.56,2016-01-01 15:54:00,180.0,1.1,0.0,89.0,279.15,15,54,0,0 days 15:54:00
74042003,46.07,6.38,2016-01-01 15:54:00,220.0,1.0,0.0,89.0,280.35,15,54,0,0 days 15:54:00
83148002,43.39,6.53,2016-01-01 15:54:00,70.0,4.7,0.0,86.0,282.35,15,54,0,0 days 15:54:00
84025001,43.88,5.16,2016-01-01 15:54:00,80.0,2.8,0.0,73.0,284.55,15,54,0,0 days 15:54:00
7187001,44.61,4.24,2016-01-01 16:00:00,140.0,6.2,0.0,100.0,278.65,16,0,0,0 days 16:00:00
15122002,44.73,2.17,2016-01-01 16:00:00,140.0,4.8,0.0,78.0,283.35,16,0,0,0 days 16:00:00
19164001,45.7,2.06,2016-01-01 16:00:00,160.0,8.4,0.0,83.0,280.95,16,0,0,0 days 16:00:00
26321003,44.55,5.28,2016-01-01 16:00:00,170.0,1.2,0.0,68.0,283.85,16,0,0,0 days 16:00:00
34209002,43.32,3.35,2016-01-01 16:00:00,130.0,4.6,0.0,90.0,287.05,16,0,0,0 days 16:00:00
38191002,45.09,6.09,2016-01-01 16:00:00,120.0,0.6,0.0,72.0,274.85,16,0,0,0 days 16:00:00
38548001,45.08,5.56,2016-01-01 16:00:00,260.0,0.7,0.0,89.0,278.95,16,0,0,0 days 16:00:00
74042003,46.07,6.38,2016-01-01 16:00:00,230.0,0.5,0.0,89.0,280.35,16,0,0,0 days 16:00:00
83148002,43.39,6.53,2016-01-01 16:00:00,70.0,4.4,0.0,86.0,282.35,16,0,0,0 days 16:00:00
84025001,43.88,5.16,2016-01-01 16:00:00,80.0,2.5,0.0,73.0,284.55,16,0,0,0 days 16:00:00
7187001,44.61,4.24,2016-01-01 16:06:00,140.0,5.9,0.0,100.0,278.65,16,6,0,0 days 16:06:00
15122002,44.73,2.17,2016-01-01 16:06:00,140.0,4.8,0.0,79.0,283.25,16,6,0,0 days 16:06:00
19164001,45.7,2.06,2016-01-01 16:06:00,150.0,8.8,0.0,84.0,280.75,16,6,0,0 days 16:06:00
26321003,44.55,5.28,2016-01-01 16:06:00,170.0,1.3,0.0,67.0,283.85,16,6,0,0 days 16:06:00
34209002,43.32,3.35,2016-01-01 16:06:00,140.0,5.1,0.0,89.0,287.05,16,6,0,0 days 16:06:00
38191002,45.09,6.09,2016-01-01 16:06:00,110.0,1.1,0.0,73.0,274.45,16,6,0,0 days 16:06:00
38548001,45.08,5.56,2016-01-01 16:06:00,220.0,0.5,0.0,91.0,278.75,16,6,0,0 days 16:06:00
74042003,46.07,6.38,2016-01-01 16:06:00,0.0,0.0,0.0,89.0,280.35,16,6,0,0 days 16:06:00
83148002,43.39,6.53,2016-01-01 16:06:00,80.0,3.6,0.0,86.0,282.35,16,6,0,0 days 16:06:00
84025001,43.88,5.16,2016-01-01 16:06:00,90.0,2.1,0.0,73.0,284.55,16,6,0,0 days 16:06:00
7187001,44.61,4.24,2016-01-01 16:12:00,150.0,6.1,0.0,100.0,278.65,16,12,0,0 days 16:12:00
15122002,44.73,2.17,2016-01-01 16:12:00,130.0,4.1,0.0,79.0,283.15,16,12,0,0 days 16:12:00
19164001,45.7,2.06,2016-01-01 16:12:00,150.0,8.4,0.0,84.0,280.65,16,12,0,0 days 16:12:00
26321003,44.55,5.28,2016-01-01 16:12:00,170.0,1.6,0.0,67.0,283.75,16,12,0,0 days 16:12:00
34209002,43.32,3.35,2016-01-01 16:12:00,140.0,5.5,0.0,88.0,287.05,16,12,0,0 days 16:12:00
38191002,45.09,6.09,2016-01-01 16:12:00,70.0,1.6,0.0,72.0,273.85,16,12,0,0 days 16:12:00
38548001,45.08,5.56,2016-01-01 16:12:00,210.0,1.0,0.0,91.0,278.55,16,12,0,0 days 16:12:00
74042003,46.07,6.38,2016-01-01 16:12:00,0.0,0.0,0.0,90.0,280.25,16,12,0,0 days 16:12:00
83148002,43.39,6.53,2016-01-01 16:12:00,90.0,3.7,0.0,86.0,282.45,16,12,0,0 days 16:12:00
84025001,43.88,5.16,2016-01-01 16:12:00,90.0,2.0,0.0,73.0,284.55,16,12,0,0 days 16:12:00
7187001,44.61,4.24,2016-01-01 16:18:00,150.0,6.7,0.0,100.0,278.65,16,18,0,0 days 16:18:00
15122002,44.73,2.17,2016-01-01 16:18:00,130.0,3.7,0.0,79.0,283.15,16,18,0,0 days 16:18:00
19164001,45.7,2.06,2016-01-01 16:18:00,150.0,8.1,0.0,84.0,280.65,16,18,0,0 days 16:18:00
26321003,44.55,5.28,2016-01-01 16:18:00,180.0,1.7,0.0,67.0,283.65,16,18,0,0 days 16:18:00
34209002,43.32,3.35,2016-01-01 16:18:00,140.0,5.6,0.0,88.0,287.15,16,18,0,0 days 16:18:00
38191002,45.09,6.09,2016-01-01 16:18:00,80.0,1.2,0.0,72.0,273.65,16,18,0,0 days 16:18:00
38548001,45.08,5.56,2016-01-01 16:18:00,160.0,1.2,0.0,91.0,278.35,16,18,0,0 days 16:18:00
74042003,46.07,6.38,2016-01-01 16:18:00,0.0,0.0,0.0,90.0,280.25,16,18,0,0 days 16:18:00
83148002,43.39,6.53,2016-01-01 16:18:00,90.0,4.1,0.0,86.0,282.45,16,18,0,0 days 16:18:00
84025001,43.88,5.16,2016-01-01 16:18:00,90.0,2.5,0.0,73.0,284.55,16,18,0,0 days 16:18:00
7187001,44.61,4.24,2016-01-01 16:24:00,150.0,7.6,0.0,100.0,278.75,16,24,0,0 days 16:24:00
15122002,44.73,2.17,2016-01-01 16:24:00,130.0,3.7,0.0,80.0,283.05,16,24,0,0 days 16:24:00
19164001,45.7,2.06,2016-01-01 16:24:00,150.0,7.4,0.0,85.0,280.65,16,24,0,0 days 16:24:00
26321003,44.55,5.28,2016-01-01 16:24:00,190.0,1.4,0.0,70.0,283.45,16,24,0,0 days 16:24:00
34209002,43.32,3.35,2016-01-01 16:24:00,150.0,5.0,0.0,87.0,287.05,16,24,0,0 days 16:24:00
38191002,45.09,6.09,2016-01-01 16:24:00,90.0,0.6,0.0,70.0,273.75,16,24,0,0 days 16:24:00
38548001,45.08,5.56,2016-01-01 16:24:00,160.0,1.2,0.0,91.0,278.45,16,24,0,0 days 16:24:00
74042003,46.07,6.38,2016-01-01 16:24:00,0.0,0.0,0.0,92.0,280.15,16,24,0,0 days 16:24:00
83148002,43.39,6.53,2016-01-01 16:24:00,80.0,4.4,0.0,86.0,282.45,16,24,0,0 days 16:24:00
84025001,43.88,5.16,2016-01-01 16:24:00,90.0,2.5,0.0,73.0,284.55,16,24,0,0 days 16:24:00
7187001,44.61,4.24,2016-01-01 16:30:00,150.0,8.3,0.2,100.0,278.75,16,30,0,0 days 16:30:00
15122002,44.73,2.17,2016-01-01 16:30:00,120.0,3.9,0.0,80.0,283.05,16,30,0,0 days 16:30:00
19164001,45.7,2.06,2016-01-01 16:30:00,160.0,7.2,0.0,84.0,280.75,16,30,0,0 days 16:30:00
26321003,44.55,5.28,2016-01-01 16:30:00,180.0,1.0,0.0,69.0,283.35,16,30,0,0 days 16:30:00
34209002,43.32,3.35,2016-01-01 16:30:00,150.0,5.0,0.0,87.0,287.05,16,30,0,0 days 16:30:00
38191002,45.09,6.09,2016-01-01 16:30:00,330.0,0.8,0.0,72.0,273.85,16,30,0,0 days 16:30:00
38548001,45.08,5.56,2016-01-01 16:30:00,130.0,0.9,0.0,92.0,278.35,16,30,0,0 days 16:30:00
74042003,46.07,6.38,2016-01-01 16:30:00,140.0,0.5,0.0,93.0,280.05,16,30,0,0 days 16:30:00
83148002,43.39,6.53,2016-01-01 16:30:00,80.0,5.2,0.0,86.0,282.35,16,30,0,0 days 16:30:00
84025001,43.88,5.16,2016-01-01 16:30:00,80.0,2.3,0.0,73.0,284.55,16,30,0,0 days 16:30:00
7187001,44.61,4.24,2016-01-01 16:36:00,150.0,8.5,0.0,100.0,278.85,16,36,0,0 days 16:36:00
15122002,44.73,2.17,2016-01-01 16:36:00,130.0,4.0,0.0,80.0,282.95,16,36,0,0 days 16:36:00
19164001,45.7,2.06,2016-01-01 16:36:00,160.0,7.0,0.0,84.0,280.65,16,36,0,0 days 16:36:00
26321003,44.55,5.28,2016-01-01 16:36:00,170.0,1.4,0.0,69.0,283.35,16,36,0,0 days 16:36:00
34209002,43.32,3.35,2016-01-01 16:36:00,140.0,5.2,0.0,87.0,287.05,16,36,0,0 days 16:36:00
38191002,45.09,6.09,2016-01-01 16:36:00,340.0,1.2,0.0,70.0,274.15,16,36,0,0 days 16:36:00
38548001,45.08,5.56,2016-01-01 16:36:00,40.0,2.0,0.0,92.0,277.55,16,36,0,0 days 16:36:00
74042003,46.07,6.38,2016-01-01 16:36:00,130.0,0.5,0.0,93.0,280.05,16,36,0,0 days 16:36:00
83148002,43.39,6.53,2016-01-01 16:36:00,80.0,5.0,0.0,86.0,282.35,16,36,0,0 days 16:36:00
84025001,43.88,5.16,2016-01-01 16:36:00,80.0,2.5,0.0,73.0,284.55,16,36,0,0 days 16:36:00
7187001,44.61,4.24,2016-01-01 16:42:00,150.0,9.0,0.2,100.0,278.85,16,42,0,0 days 16:42:00
15122002,44.73,2.17,2016-01-01 16:42:00,150.0,3.9,0.0,80.0,283.05,16,42,0,0 days 16:42:00
19164001,45.7,2.06,2016-01-01 16:42:00,160.0,7.1,0.0,85.0,280.65,16,42,0,0 days 16:42:00
26321003,44.55,5.28,2016-01-01 16:42:00,170.0,1.4,0.0,69.0,283.25,16,42,0,0 days 16:42:00
34209002,43.32,3.35,2016-01-01 16:42:00,140.0,5.3,0.0,86.0,286.95,16,42,0,0 days 16:42:00
38191002,45.09,6.09,2016-01-01 16:42:00,360.0,0.7,0.0,70.0,273.95,16,42,0,0 days 16:42:00
38548001,45.08,5.56,2016-01-01 16:42:00,350.0,2.2,0.0,93.0,277.15,16,42,0,0 days 16:42:00
74042003,46.07,6.38,2016-01-01 16:42:00,130.0,0.9,0.0,94.0,279.95,16,42,0,0 days 16:42:00
83148002,43.39,6.53,2016-01-01 16:42:00,70.0,5.8,0.0,86.0,282.35,16,42,0,0 days 16:42:00
84025001,43.88,5.16,2016-01-01 16:42:00,80.0,2.4,0.0,73.0,284.45,16,42,0,0 days 16:42:00
7187001,44.61,4.24,2016-01-01 16:48:00,150.0,9.0,0.0,100.0,278.85,16,48,0,0 days 16:48:00
15122002,44.73,2.17,2016-01-01 16:48:00,170.0,3.3,0.0,80.0,282.95,16,48,0,0 days 16:48:00
19164001,45.7,2.06,2016-01-01 16:48:00,160.0,7.4,0.0,84.0,280.55,16,48,0,0 days 16:48:00
26321003,44.55,5.28,2016-01-01 16:48:00,170.0,1.3,0.0,69.0,283.25,16,48,0,0 days 16:48:00
34209002,43.32,3.35,2016-01-01 16:48:00,140.0,6.1,0.0,84.0,287.05,16,48,0,0 days 16:48:00
38191002,45.09,6.09,2016-01-01 16:48:00,40.0,1.0,0.0,70.0,273.55,16,48,0,0 days 16:48:00
38548001,45.08,5.56,2016-01-01 16:48:00,350.0,1.8,0.0,94.0,276.45,16,48,0,0 days 16:48:00
74042003,46.07,6.38,2016-01-01 16:48:00,140.0,0.7,0.0,94.0,279.85,16,48,0,0 days 16:48:00
83148002,43.39,6.53,2016-01-01 16:48:00,70.0,6.1,0.0,87.0,282.35,16,48,0,0 days 16:48:00
84025001,43.88,5.16,2016-01-01 16:48:00,80.0,2.2,0.0,73.0,284.45,16,48,0,0 days 16:48:00
7187001,44.61,4.24,2016-01-01 16:54:00,150.0,8.6,0.2,100.0,278.85,16,54,0,0 days 16:54:00
15122002,44.73,2.17,2016-01-01 16:54:00,170.0,3.1,0.0,80.0,283.05,16,54,0,0 days 16:54:00
19164001,45.7,2.06,2016-01-01 16:54:00,160.0,7.3,0.0,85.0,280.55,16,54,0,0 days 16:54:00
26321003,44.55,5.28,2016-01-01 16:54:00,160.0,1.0,0.0,68.0,283.25,16,54,0,0 days 16:54:00
34209002,43.32,3.35,2016-01-01 16:54:00,140.0,5.9,0.0,85.0,286.95,16,54,0,0 days 16:54:00
38191002,45.09,6.09,2016-01-01 16:54:00,50.0,1.1,0.0,71.0,273.25,16,54,0,0 days 16:54:00
38548001,45.08,5.56,2016-01-01 16:54:00,20.0,2.0,0.0,94.0,276.25,16,54,0,0 days 16:54:00
74042003,46.07,6.38,2016-01-01 16:54:00,0.0,0.0,0.0,95.0,279.85,16,54,0,0 days 16:54:00
83148002,43.39,6.53,2016-01-01 16:54:00,70.0,6.3,0.0,87.0,282.35,16,54,0,0 days 16:54:00
84025001,43.88,5.16,2016-01-01 16:54:00,80.0,2.0,0.0,74.0,284.35,16,54,0,0 days 16:54:00
7187001,44.61,4.24,2016-01-01 17:00:00,150.0,8.2,0.2,100.0,278.85,17,0,0,0 days 17:00:00
15122002,44.73,2.17,2016-01-01 17:00:00,170.0,3.2,0.0,80.0,283.05,17,0,0,0 days 17:00:00
19164001,45.7,2.06,2016-01-01 17:00:00,160.0,7.5,0.0,85.0,280.45,17,0,0,0 days 17:00:00
26321003,44.55,5.28,2016-01-01 17:00:00,150.0,1.0,0.0,67.0,283.35,17,0,0,0 days 17:00:00
34209002,43.32,3.35,2016-01-01 17:00:00,140.0,5.8,0.0,84.0,286.95,17,0,0,0 days 17:00:00
38191002,45.09,6.09,2016-01-01 17:00:00,50.0,0.8,0.0,69.0,273.45,17,0,0,0 days 17:00:00
38548001,45.08,5.56,2016-01-01 17:00:00,80.0,1.9,0.0,96.0,276.55,17,0,0,0 days 17:00:00
74042003,46.07,6.38,2016-01-01 17:00:00,0.0,0.0,0.0,95.0,279.85,17,0,0,0 days 17:00:00
83148002,43.39,6.53,2016-01-01 17:00:00,70.0,5.9,0.0,87.0,282.45,17,0,0,0 days 17:00:00
84025001,43.88,5.16,2016-01-01 17:00:00,80.0,2.1,0.0,74.0,284.45,17,0,0,0 days 17:00:00
7187001,44.61,4.24,2016-01-01 17:06:00,150.0,8.4,0.2,100.0,278.85,17,6,0,0 days 17:06:00
15122002,44.73,2.17,2016-01-01 17:06:00,160.0,3.3,0.0,80.0,283.05,17,6,0,0 days 17:06:00
19164001,45.7,2.06,2016-01-01 17:06:00,170.0,7.4,0.0,85.0,280.55,17,6,0,0 days 17:06:00
26321003,44.55,5.28,2016-01-01 17:06:00,150.0,1.2,0.0,67.0,283.45,17,6,0,0 days 17:06:00
34209002,43.32,3.35,2016-01-01 17:06:00,140.0,4.9,0.0,84.0,286.95,17,6,0,0 days 17:06:00
38191002,45.09,6.09,2016-01-01 17:06:00,60.0,0.7,0.0,70.0,273.45,17,6,0,0 days 17:06:00
38548001,45.08,5.56,2016-01-01 17:06:00,140.0,1.4,0.0,95.0,276.35,17,6,0,0 days 17:06:00
74042003,46.07,6.38,2016-01-01 17:06:00,0.0,0.0,0.0,95.0,279.75,17,6,0,0 days 17:06:00
83148002,43.39,6.53,2016-01-01 17:06:00,80.0,5.0,0.0,87.0,282.35,17,6,0,0 days 17:06:00
84025001,43.88,5.16,2016-01-01 17:06:00,80.0,2.5,0.0,73.0,284.45,17,6,0,0 days 17:06:00
7187001,44.61,4.24,2016-01-01 17:12:00,150.0,8.6,0.2,100.0,278.75,17,12,0,0 days 17:12:00
15122002,44.73,2.17,2016-01-01 17:12:00,150.0,3.2,0.0,80.0,283.05,17,12,0,0 days 17:12:00
19164001,45.7,2.06,2016-01-01 17:12:00,160.0,7.2,0.0,85.0,280.45,17,12,0,0 days 17:12:00
26321003,44.55,5.28,2016-01-01 17:12:00,170.0,1.0,0.0,68.0,283.45,17,12,0,0 days 17:12:00
34209002,43.32,3.35,2016-01-01 17:12:00,130.0,4.8,0.0,82.0,286.95,17,12,0,0 days 17:12:00
38191002,45.09,6.09,2016-01-01 17:12:00,20.0,0.9,0.0,71.0,273.35,17,12,0,0 days 17:12:00
38548001,45.08,5.56,2016-01-01 17:12:00,260.0,1.1,0.0,95.0,276.05,17,12,0,0 days 17:12:00
74042003,46.07,6.38,2016-01-01 17:12:00,0.0,0.0,0.0,95.0,279.75,17,12,0,0 days 17:12:00
83148002,43.39,6.53,2016-01-01 17:12:00,70.0,5.3,0.0,87.0,282.35,17,12,0,0 days 17:12:00
84025001,43.88,5.16,2016-01-01 17:12:00,90.0,2.7,0.0,73.0,284.55,17,12,0,0 days 17:12:00
7187001,44.61,4.24,2016-01-01 17:18:00,150.0,8.0,0.0,100.0,278.75,17,18,0,0 days 17:18:00
15122002,44.73,2.17,2016-01-01 17:18:00,140.0,3.1,0.0,80.0,283.05,17,18,0,0 days 17:18:00
19164001,45.7,2.06,2016-01-01 17:18:00,160.0,7.8,0.0,85.0,280.45,17,18,0,0 days 17:18:00
26321003,44.55,5.28,2016-01-01 17:18:00,180.0,0.7,0.0,67.0,283.35,17,18,0,0 days 17:18:00
34209002,43.32,3.35,2016-01-01 17:18:00,130.0,5.8,0.0,83.0,286.95,17,18,0,0 days 17:18:00
38191002,45.09,6.09,2016-01-01 17:18:00,360.0,1.1,0.0,71.0,273.45,17,18,0,0 days 17:18:00
38548001,45.08,5.56,2016-01-01 17:18:00,30.0,1.3,0.0,95.0,275.55,17,18,0,0 days 17:18:00
74042003,46.07,6.38,2016-01-01 17:18:00,0.0,0.0,0.0,95.0,279.75,17,18,0,0 days 17:18:00
83148002,43.39,6.53,2016-01-01 17:18:00,80.0,5.4,0.0,88.0,282.25,17,18,0,0 days 17:18:00
84025001,43.88,5.16,2016-01-01 17:18:00,90.0,2.5,0.0,73.0,284.55,17,18,0,0 days 17:18:00
7187001,44.61,4.24,2016-01-01 17:24:00,150.0,8.6,0.2,100.0,278.75,17,24,0,0 days 17:24:00
15122002,44.73,2.17,2016-01-01 17:24:00,140.0,3.1,0.0,80.0,283.05,17,24,0,0 days 17:24:00
19164001,45.7,2.06,2016-01-01 17:24:00,160.0,7.9,0.0,86.0,280.45,17,24,0,0 days 17:24:00
26321003,44.55,5.28,2016-01-01 17:24:00,170.0,0.7,0.0,66.0,283.45,17,24,0,0 days 17:24:00
34209002,43.32,3.35,2016-01-01 17:24:00,130.0,6.0,0.0,82.0,286.95,17,24,0,0 days 17:24:00
38191002,45.09,6.09,2016-01-01 17:24:00,360.0,1.6,0.0,69.0,273.75,17,24,0,0 days 17:24:00
38548001,45.08,5.56,2016-01-01 17:24:00,140.0,1.2,0.0,97.0,275.75,17,24,0,0 days 17:24:00
74042003,46.07,6.38,2016-01-01 17:24:00,0.0,0.0,0.0,95.0,279.75,17,24,0,0 days 17:24:00
83148002,43.39,6.53,2016-01-01 17:24:00,80.0,4.7,0.0,88.0,282.25,17,24,0,0 days 17:24:00
84025001,43.88,5.16,2016-01-01 17:24:00,90.0,2.5,0.0,73.0,284.55,17,24,0,0 days 17:24:00
7187001,44.61,4.24,2016-01-01 17:30:00,150.0,9.5,0.2,100.0,278.75,17,30,0,0 days 17:30:00
15122002,44.73,2.17,2016-01-01 17:30:00,150.0,2.3,0.0,81.0,283.05,17,30,0,0 days 17:30:00
19164001,45.7,2.06,2016-01-01 17:30:00,160.0,8.1,0.0,86.0,280.35,17,30,0,0 days 17:30:00
26321003,44.55,5.28,2016-01-01 17:30:00,160.0,0.6,0.0,65.0,283.45,17,30,0,0 days 17:30:00
34209002,43.32,3.35,2016-01-01 17:30:00,130.0,5.5,0.0,82.0,286.85,17,30,0,0 days 17:30:00
38191002,45.09,6.09,2016-01-01 17:30:00,10.0,2.2,0.0,69.0,273.65,17,30,0,0 days 17:30:00
38548001,45.08,5.56,2016-01-01 17:30:00,240.0,1.0,0.0,97.0,275.95,17,30,0,0 days 17:30:00
74042003,46.07,6.38,2016-01-01 17:30:00,0.0,0.0,0.0,96.0,279.65,17,30,0,0 days 17:30:00
83148002,43.39,6.53,2016-01-01 17:30:00,80.0,4.7,0.0,87.0,282.35,17,30,0,0 days 17:30:00
84025001,43.88,5.16,2016-01-01 17:30:00,90.0,3.0,0.0,73.0,284.55,17,30,0,0 days 17:30:00
7187001,44.61,4.24,2016-01-01 17:36:00,150.0,9.5,0.2,100.0,278.75,17,36,0,0 days 17:36:00
15122002,44.73,2.17,2016-01-01 17:36:00,150.0,2.1,0.0,81.0,283.05,17,36,0,0 days 17:36:00
19164001,45.7,2.06,2016-01-01 17:36:00,170.0,8.5,0.0,86.0,280.45,17,36,0,0 days 17:36:00
26321003,44.55,5.28,2016-01-01 17:36:00,170.0,0.8,0.0,66.0,283.45,17,36,0,0 days 17:36:00
34209002,43.32,3.35,2016-01-01 17:36:00,130.0,5.7,0.0,83.0,286.85,17,36,0,0 days 17:36:00
38191002,45.09,6.09,2016-01-01 17:36:00,10.0,2.3,0.0,71.0,273.05,17,36,0,0 days 17:36:00
38548001,45.08,5.56,2016-01-01 17:36:00,20.0,1.4,0.0,96.0,275.65,17,36,0,0 days 17:36:00
74042003,46.07,6.38,2016-01-01 17:36:00,0.0,0.0,0.0,96.0,279.65,17,36,0,0 days 17:36:00
83148002,43.39,6.53,2016-01-01 17:36:00,70.0,4.9,0.0,87.0,282.35,17,36,0,0 days 17:36:00
84025001,43.88,5.16,2016-01-01 17:36:00,80.0,3.3,0.0,73.0,284.45,17,36,0,0 days 17:36:00
7187001,44.61,4.24,2016-01-01 17:42:00,150.0,9.6,0.0,100.0,278.75,17,42,0,0 days 17:42:00
15122002,44.73,2.17,2016-01-01 17:42:00,120.0,2.5,0.0,81.0,282.95,17,42,0,0 days 17:42:00
19164001,45.7,2.06,2016-01-01 17:42:00,160.0,8.4,0.0,86.0,280.45,17,42,0,0 days 17:42:00
26321003,44.55,5.28,2016-01-01 17:42:00,160.0,0.9,0.0,66.0,283.45,17,42,0,0 days 17:42:00
34209002,43.32,3.35,2016-01-01 17:42:00,130.0,5.9,0.0,83.0,286.85,17,42,0,0 days 17:42:00
38191002,45.09,6.09,2016-01-01 17:42:00,10.0,1.9,0.0,73.0,272.85,17,42,0,0 days 17:42:00
38548001,45.08,5.56,2016-01-01 17:42:00,20.0,1.8,0.0,96.0,275.05,17,42,0,0 days 17:42:00
74042003,46.07,6.38,2016-01-01 17:42:00,250.0,0.5,0.0,96.0,279.65,17,42,0,0 days 17:42:00
83148002,43.39,6.53,2016-01-01 17:42:00,80.0,4.4,0.0,87.0,282.25,17,42,0,0 days 17:42:00
84025001,43.88,5.16,2016-01-01 17:42:00,80.0,3.0,0.0,74.0,284.45,17,42,0,0 days 17:42:00
7187001,44.61,4.24,2016-01-01 17:48:00,150.0,9.2,0.0,100.0,278.75,17,48,0,0 days 17:48:00
15122002,44.73,2.17,2016-01-01 17:48:00,110.0,2.4,0.0,81.0,282.95,17,48,0,0 days 17:48:00
19164001,45.7,2.06,2016-01-01 17:48:00,160.0,7.9,0.0,86.0,280.35,17,48,0,0 days 17:48:00
26321003,44.55,5.28,2016-01-01 17:48:00,160.0,0.9,0.0,65.0,283.45,17,48,0,0 days 17:48:00
34209002,43.32,3.35,2016-01-01 17:48:00,130.0,5.5,0.0,83.0,287.05,17,48,0,0 days 17:48:00
38191002,45.09,6.09,2016-01-01 17:48:00,10.0,1.4,0.0,71.0,272.95,17,48,0,0 days 17:48:00
38548001,45.08,5.56,2016-01-01 17:48:00,60.0,2.1,0.0,97.0,274.95,17,48,0,0 days 17:48:00
74042003,46.07,6.38,2016-01-01 17:48:00,250.0,0.8,0.0,96.0,279.65,17,48,0,0 days 17:48:00
83148002,43.39,6.53,2016-01-01 17:48:00,70.0,4.1,0.0,87.0,282.25,17,48,0,0 days 17:48:00
84025001,43.88,5.16,2016-01-01 17:48:00,90.0,2.8,0.0,74.0,284.35,17,48,0,0 days 17:48:00
7187001,44.61,4.24,2016-01-01 17:54:00,150.0,8.9,0.0,100.0,278.75,17,54,0,0 days 17:54:00
15122002,44.73,2.17,2016-01-01 17:54:00,110.0,2.9,0.0,82.0,282.75,17,54,0,0 days 17:54:00
19164001,45.7,2.06,2016-01-01 17:54:00,160.0,7.9,0.0,87.0,280.35,17,54,0,0 days 17:54:00
26321003,44.55,5.28,2016-01-01 17:54:00,160.0,1.0,0.0,66.0,283.55,17,54,0,0 days 17:54:00
34209002,43.32,3.35,2016-01-01 17:54:00,120.0,5.7,0.0,83.0,286.85,17,54,0,0 days 17:54:00
38191002,45.09,6.09,2016-01-01 17:54:00,20.0,1.7,0.0,72.0,272.55,17,54,0,0 days 17:54:00
38548001,45.08,5.56,2016-01-01 17:54:00,80.0,1.9,0.0,98.0,275.45,17,54,0,0 days 17:54:00
74042003,46.07,6.38,2016-01-01 17:54:00,250.0,0.8,0.0,96.0,279.65,17,54,0,0 days 17:54:00
83148002,43.39,6.53,2016-01-01 17:54:00,70.0,4.4,0.0,87.0,282.25,17,54,0,0 days 17:54:00
84025001,43.88,5.16,2016-01-01 17:54:00,90.0,2.1,0.0,75.0,284.35,17,54,0,0 days 17:54:00
7187001,44.61,4.24,2016-01-01 18:00:00,150.0,8.4,0.0,100.0,278.75,18,0,0,0 days 18:00:00
15122002,44.73,2.17,2016-01-01 18:00:00,110.0,2.8,0.0,82.0,282.55,18,0,0,0 days 18:00:00
19164001,45.7,2.06,2016-01-01 18:00:00,160.0,7.7,0.0,87.0,280.25,18,0,0,0 days 18:00:00
26321003,44.55,5.28,2016-01-01 18:00:00,160.0,1.1,0.0,64.0,283.55,18,0,0,0 days 18:00:00
34209002,43.32,3.35,2016-01-01 18:00:00,120.0,6.0,0.0,83.0,286.95,18,0,0,0 days 18:00:00
38191002,45.09,6.09,2016-01-01 18:00:00,20.0,1.6,0.0,71.0,272.85,18,0,0,0 days 18:00:00
38548001,45.08,5.56,2016-01-01 18:00:00,40.0,2.4,0.0,97.0,274.95,18,0,0,0 days 18:00:00
74042003,46.07,6.38,2016-01-01 18:00:00,240.0,0.7,0.0,96.0,279.65,18,0,0,0 days 18:00:00
83148002,43.39,6.53,2016-01-01 18:00:00,70.0,4.1,0.0,87.0,282.25,18,0,0,0 days 18:00:00
84025001,43.88,5.16,2016-01-01 18:00:00,80.0,2.5,0.0,75.0,284.45,18,0,0,0 days 18:00:00
7187001,44.61,4.24,2016-01-01 18:06:00,150.0,9.0,0.2,100.0,278.85,18,6,0,0 days 18:06:00
15122002,44.73,2.17,2016-01-01 18:06:00,110.0,2.4,0.0,83.0,282.35,18,6,0,0 days 18:06:00
19164001,45.7,2.06,2016-01-01 18:06:00,150.0,7.2,0.0,89.0,280.25,18,6,0,0 days 18:06:00
26321003,44.55,5.28,2016-01-01 18:06:00,160.0,0.9,0.0,64.0,283.55,18,6,0,0 days 18:06:00
34209002,43.32,3.35,2016-01-01 18:06:00,130.0,5.9,0.0,83.0,287.05,18,6,0,0 days 18:06:00
38191002,45.09,6.09,2016-01-01 18:06:00,350.0,1.0,0.0,71.0,273.15,18,6,0,0 days 18:06:00
38548001,45.08,5.56,2016-01-01 18:06:00,50.0,3.1,0.0,98.0,275.65,18,6,0,0 days 18:06:00
74042003,46.07,6.38,2016-01-01 18:06:00,240.0,0.8,0.0,96.0,279.65,18,6,0,0 days 18:06:00
83148002,43.39,6.53,2016-01-01 18:06:00,80.0,4.0,0.0,88.0,282.05,18,6,0,0 days 18:06:00
84025001,43.88,5.16,2016-01-01 18:06:00,80.0,2.9,0.0,75.0,284.35,18,6,0,0 days 18:06:00
7187001,44.61,4.24,2016-01-01 18:12:00,140.0,9.1,0.0,100.0,278.85,18,12,0,0 days 18:12:00
15122002,44.73,2.17,2016-01-01 18:12:00,100.0,2.2,0.0,84.0,282.15,18,12,0,0 days 18:12:00
19164001,45.7,2.06,2016-01-01 18:12:00,150.0,6.6,0.0,87.0,280.25,18,12,0,0 days 18:12:00
26321003,44.55,5.28,2016-01-01 18:12:00,160.0,0.9,0.0,65.0,283.55,18,12,0,0 days 18:12:00
34209002,43.32,3.35,2016-01-01 18:12:00,130.0,5.8,0.0,83.0,287.05,18,12,0,0 days 18:12:00
38191002,45.09,6.09,2016-01-01 18:12:00,360.0,1.6,0.0,71.0,272.25,18,12,0,0 days 18:12:00
38548001,45.08,5.56,2016-01-01 18:12:00,50.0,2.6,0.0,98.0,276.05,18,12,0,0 days 18:12:00
74042003,46.07,6.38,2016-01-01 18:12:00,240.0,1.1,0.0,96.0,279.65,18,12,0,0 days 18:12:00
83148002,43.39,6.53,2016-01-01 18:12:00,90.0,4.0,0.0,89.0,281.95,18,12,0,0 days 18:12:00
84025001,43.88,5.16,2016-01-01 18:12:00,80.0,3.0,0.0,75.0,284.35,18,12,0,0 days 18:12:00
7187001,44.61,4.24,2016-01-01 18:18:00,150.0,8.3,0.0,100.0,278.85,18,18,0,0 days 18:18:00
15122002,44.73,2.17,2016-01-01 18:18:00,100.0,2.1,0.0,85.0,282.05,18,18,0,0 days 18:18:00
19164001,45.7,2.06,2016-01-01 18:18:00,150.0,6.3,0.0,89.0,280.15,18,18,0,0 days 18:18:00
26321003,44.55,5.28,2016-01-01 18:18:00,160.0,0.9,0.0,65.0,283.55,18,18,0,0 days 18:18:00
34209002,43.32,3.35,2016-01-01 18:18:00,120.0,5.9,0.0,82.0,287.15,18,18,0,0 days 18:18:00
38191002,45.09,6.09,2016-01-01 18:18:00,10.0,2.0,0.0,69.0,272.95,18,18,0,0 days 18:18:00
38548001,45.08,5.56,2016-01-01 18:18:00,10.0,2.2,0.0,98.0,275.95,18,18,0,0 days 18:18:00
74042003,46.07,6.38,2016-01-01 18:18:00,250.0,1.4,0.0,96.0,279.75,18,18,0,0 days 18:18:00
83148002,43.39,6.53,2016-01-01 18:18:00,100.0,4.0,0.0,91.0,281.95,18,18,0,0 days 18:18:00
84025001,43.88,5.16,2016-01-01 18:18:00,70.0,3.2,0.0,76.0,284.25,18,18,0,0 days 18:18:00
7187001,44.61,4.24,2016-01-01 18:24:00,150.0,8.3,0.2,100.0,278.85,18,24,0,0 days 18:24:00
15122002,44.73,2.17,2016-01-01 18:24:00,100.0,2.5,0.0,85.0,282.25,18,24,0,0 days 18:24:00
19164001,45.7,2.06,2016-01-01 18:24:00,150.0,6.4,0.0,89.0,280.15,18,24,0,0 days 18:24:00
26321003,44.55,5.28,2016-01-01 18:24:00,150.0,0.9,0.0,65.0,283.55,18,24,0,0 days 18:24:00
34209002,43.32,3.35,2016-01-01 18:24:00,120.0,5.4,0.0,83.0,287.05,18,24,0,0 days 18:24:00
38191002,45.09,6.09,2016-01-01 18:24:00,350.0,1.0,0.0,68.0,273.05,18,24,0,0 days 18:24:00
38548001,45.08,5.56,2016-01-01 18:24:00,170.0,1.5,0.0,97.0,275.55,18,24,0,0 days 18:24:00
74042003,46.07,6.38,2016-01-01 18:24:00,260.0,1.2,0.0,96.0,279.85,18,24,0,0 days 18:24:00
83148002,43.39,6.53,2016-01-01 18:24:00,100.0,4.4,0.0,91.0,281.85,18,24,0,0 days 18:24:00
84025001,43.88,5.16,2016-01-01 18:24:00,80.0,3.2,0.0,76.0,284.25,18,24,0,0 days 18:24:00
7187001,44.61,4.24,2016-01-01 18:30:00,150.0,8.4,0.4,100.0,278.85,18,30,0,0 days 18:30:00
15122002,44.73,2.17,2016-01-01 18:30:00,100.0,2.5,0.0,84.0,282.45,18,30,0,0 days 18:30:00
19164001,45.7,2.06,2016-01-01 18:30:00,150.0,7.3,0.0,89.0,280.25,18,30,0,0 days 18:30:00
26321003,44.55,5.28,2016-01-01 18:30:00,150.0,0.9,0.0,63.0,283.65,18,30,0,0 days 18:30:00
34209002,43.32,3.35,2016-01-01 18:30:00,120.0,5.2,0.0,84.0,286.95,18,30,0,0 days 18:30:00
38191002,45.09,6.09,2016-01-01 18:30:00,20.0,1.7,0.0,70.0,272.55,18,30,0,0 days 18:30:00
38548001,45.08,5.56,2016-01-01 18:30:00,200.0,1.5,0.0,98.0,275.85,18,30,0,0 days 18:30:00
74042003,46.07,6.38,2016-01-01 18:30:00,260.0,1.3,0.0,95.0,279.85,18,30,0,0 days 18:30:00
83148002,43.39,6.53,2016-01-01 18:30:00,100.0,4.4,0.0,92.0,281.85,18,30,0,0 days 18:30:00
84025001,43.88,5.16,2016-01-01 18:30:00,80.0,3.2,0.0,77.0,284.15,18,30,0,0 days 18:30:00
7187001,44.61,4.24,2016-01-01 18:36:00,150.0,7.5,0.4,100.0,278.85,18,36,0,0 days 18:36:00
15122002,44.73,2.17,2016-01-01 18:36:00,110.0,2.0,0.0,84.0,282.45,18,36,0,0 days 18:36:00
19164001,45.7,2.06,2016-01-01 18:36:00,150.0,7.3,0.0,89.0,280.25,18,36,0,0 days 18:36:00
26321003,44.55,5.28,2016-01-01 18:36:00,170.0,0.8,0.0,66.0,283.45,18,36,0,0 days 18:36:00
34209002,43.32,3.35,2016-01-01 18:36:00,120.0,5.4,0.0,83.0,287.05,18,36,0,0 days 18:36:00
38191002,45.09,6.09,2016-01-01 18:36:00,60.0,1.6,0.0,70.0,272.45,18,36,0,0 days 18:36:00
38548001,45.08,5.56,2016-01-01 18:36:00,210.0,3.3,0.0,93.0,276.95,18,36,0,0 days 18:36:00
74042003,46.07,6.38,2016-01-01 18:36:00,260.0,1.3,0.0,95.0,279.85,18,36,0,0 days 18:36:00
83148002,43.39,6.53,2016-01-01 18:36:00,90.0,3.9,0.0,92.0,281.85,18,36,0,0 days 18:36:00
84025001,43.88,5.16,2016-01-01 18:36:00,70.0,3.2,0.0,77.0,284.15,18,36,0,0 days 18:36:00
7187001,44.61,4.24,2016-01-01 18:42:00,150.0,7.2,0.2,100.0,278.85,18,42,0,0 days 18:42:00
15122002,44.73,2.17,2016-01-01 18:42:00,120.0,1.8,0.0,84.0,282.45,18,42,0,0 days 18:42:00
19164001,45.7,2.06,2016-01-01 18:42:00,150.0,7.5,0.0,89.0,280.25,18,42,0,0 days 18:42:00
26321003,44.55,5.28,2016-01-01 18:42:00,170.0,1.0,0.0,65.0,283.45,18,42,0,0 days 18:42:00
34209002,43.32,3.35,2016-01-01 18:42:00,120.0,5.4,0.0,84.0,287.05,18,42,0,0 days 18:42:00
38191002,45.09,6.09,2016-01-01 18:42:00,90.0,1.0,0.0,70.0,272.55,18,42,0,0 days 18:42:00
38548001,45.08,5.56,2016-01-01 18:42:00,210.0,5.4,0.0,78.0,279.75,18,42,0,0 days 18:42:00
74042003,46.07,6.38,2016-01-01 18:42:00,240.0,1.3,0.0,95.0,279.75,18,42,0,0 days 18:42:00
83148002,43.39,6.53,2016-01-01 18:42:00,80.0,3.6,0.0,92.0,281.85,18,42,0,0 days 18:42:00
84025001,43.88,5.16,2016-01-01 18:42:00,70.0,2.9,0.0,77.0,284.15,18,42,0,0 days 18:42:00
7187001,44.61,4.24,2016-01-01 18:48:00,150.0,8.2,0.0,100.0,278.85,18,48,0,0 days 18:48:00
15122002,44.73,2.17,2016-01-01 18:48:00,130.0,1.7,0.0,83.0,282.65,18,48,0,0 days 18:48:00
19164001,45.7,2.06,2016-01-01 18:48:00,150.0,6.8,0.0,89.0,280.25,18,48,0,0 days 18:48:00
26321003,44.55,5.28,2016-01-01 18:48:00,170.0,1.1,0.0,63.0,283.55,18,48,0,0 days 18:48:00
34209002,43.32,3.35,2016-01-01 18:48:00,120.0,5.3,0.0,84.0,287.15,18,48,0,0 days 18:48:00
38191002,45.09,6.09,2016-01-01 18:48:00,70.0,0.9,0.0,69.0,272.55,18,48,0,0 days 18:48:00
38548001,45.08,5.56,2016-01-01 18:48:00,210.0,6.4,0.0,69.0,281.05,18,48,0,0 days 18:48:00
74042003,46.07,6.38,2016-01-01 18:48:00,230.0,1.3,0.0,95.0,279.75,18,48,0,0 days 18:48:00
83148002,43.39,6.53,2016-01-01 18:48:00,80.0,3.5,0.0,92.0,281.85,18,48,0,0 days 18:48:00
84025001,43.88,5.16,2016-01-01 18:48:00,70.0,2.9,0.0,77.0,284.05,18,48,0,0 days 18:48:00
7187001,44.61,4.24,2016-01-01 18:54:00,150.0,8.2,0.2,100.0,278.85,18,54,0,0 days 18:54:00
15122002,44.73,2.17,2016-01-01 18:54:00,110.0,2.4,0.2,84.0,282.65,18,54,0,0 days 18:54:00
19164001,45.7,2.06,2016-01-01 18:54:00,150.0,6.5,0.0,89.0,280.35,18,54,0,0 days 18:54:00
26321003,44.55,5.28,2016-01-01 18:54:00,170.0,0.9,0.0,65.0,283.45,18,54,0,0 days 18:54:00
34209002,43.32,3.35,2016-01-01 18:54:00,120.0,5.2,0.0,84.0,287.15,18,54,0,0 days 18:54:00
38191002,45.09,6.09,2016-01-01 18:54:00,50.0,1.3,0.0,69.0,272.35,18,54,0,0 days 18:54:00
38548001,45.08,5.56,2016-01-01 18:54:00,200.0,6.3,0.0,68.0,281.25,18,54,0,0 days 18:54:00
74042003,46.07,6.38,2016-01-01 18:54:00,230.0,1.2,0.0,95.0,279.75,18,54,0,0 days 18:54:00
83148002,43.39,6.53,2016-01-01 18:54:00,100.0,3.2,0.0,92.0,281.85,18,54,0,0 days 18:54:00
84025001,43.88,5.16,2016-01-01 18:54:00,60.0,3.3,0.0,77.0,284.05,18,54,0,0 days 18:54:00
7187001,44.61,4.24,2016-01-01 19:00:00,150.0,8.0,0.0,100.0,278.85,19,0,0,0 days 19:00:00
15122002,44.73,2.17,2016-01-01 19:00:00,90.0,3.4,0.0,86.0,282.45,19,0,0,0 days 19:00:00
19164001,45.7,2.06,2016-01-01 19:00:00,140.0,7.1,0.0,91.0,280.35,19,0,0,0 days 19:00:00
26321003,44.55,5.28,2016-01-01 19:00:00,180.0,1.0,0.0,65.0,283.35,19,0,0,0 days 19:00:00
34209002,43.32,3.35,2016-01-01 19:00:00,120.0,5.5,0.0,84.0,287.05,19,0,0,0 days 19:00:00
38191002,45.09,6.09,2016-01-01 19:00:00,40.0,1.2,0.0,71.0,272.25,19,0,0,0 days 19:00:00
38548001,45.08,5.56,2016-01-01 19:00:00,200.0,5.6,0.0,66.0,281.35,19,0,0,0 days 19:00:00
74042003,46.07,6.38,2016-01-01 19:00:00,240.0,1.2,0.0,95.0,279.75,19,0,0,0 days 19:00:00
83148002,43.39,6.53,2016-01-01 19:00:00,110.0,3.3,0.0,92.0,281.75,19,0,0,0 days 19:00:00
84025001,43.88,5.16,2016-01-01 19:00:00,70.0,3.2,0.0,77.0,284.05,19,0,0,0 days 19:00:00
7187001,44.61,4.24,2016-01-01 19:06:00,150.0,7.7,0.0,100.0,278.85,19,6,0,0 days 19:06:00
15122002,44.73,2.17,2016-01-01 19:06:00,100.0,3.7,0.0,87.0,282.35,19,6,0,0 days 19:06:00
19164001,45.7,2.06,2016-01-01 19:06:00,140.0,6.9,0.0,89.0,280.25,19,6,0,0 days 19:06:00
26321003,44.55,5.28,2016-01-01 19:06:00,170.0,1.8,0.0,70.0,283.25,19,6,0,0 days 19:06:00
34209002,43.32,3.35,2016-01-01 19:06:00,110.0,5.5,0.0,84.0,287.15,19,6,0,0 days 19:06:00
38191002,45.09,6.09,2016-01-01 19:06:00,50.0,0.8,0.0,72.0,272.25,19,6,0,0 days 19:06:00
38548001,45.08,5.56,2016-01-01 19:06:00,180.0,5.4,0.0,67.0,280.85,19,6,0,0 days 19:06:00
74042003,46.07,6.38,2016-01-01 19:06:00,250.0,1.2,0.0,95.0,279.75,19,6,0,0 days 19:06:00
83148002,43.39,6.53,2016-01-01 19:06:00,110.0,4.0,0.0,92.0,281.75,19,6,0,0 days 19:06:00
84025001,43.88,5.16,2016-01-01 19:06:00,70.0,3.1,0.0,77.0,284.15,19,6,0,0 days 19:06:00
7187001,44.61,4.24,2016-01-01 19:12:00,150.0,7.6,0.2,100.0,278.85,19,12,0,0 days 19:12:00
15122002,44.73,2.17,2016-01-01 19:12:00,110.0,3.5,0.0,87.0,282.35,19,12,0,0 days 19:12:00
19164001,45.7,2.06,2016-01-01 19:12:00,140.0,6.4,0.0,91.0,280.25,19,12,0,0 days 19:12:00
26321003,44.55,5.28,2016-01-01 19:12:00,180.0,1.8,0.0,77.0,282.75,19,12,0,0 days 19:12:00
34209002,43.32,3.35,2016-01-01 19:12:00,110.0,5.2,0.0,85.0,287.05,19,12,0,0 days 19:12:00
38191002,45.09,6.09,2016-01-01 19:12:00,30.0,1.2,0.0,70.0,272.35,19,12,0,0 days 19:12:00
38548001,45.08,5.56,2016-01-01 19:12:00,190.0,4.6,0.0,65.0,281.25,19,12,0,0 days 19:12:00
74042003,46.07,6.38,2016-01-01 19:12:00,270.0,1.0,0.0,95.0,279.75,19,12,0,0 days 19:12:00
83148002,43.39,6.53,2016-01-01 19:12:00,100.0,4.6,0.0,93.0,281.65,19,12,0,0 days 19:12:00
84025001,43.88,5.16,2016-01-01 19:12:00,70.0,2.6,0.0,76.0,284.15,19,12,0,0 days 19:12:00
7187001,44.61,4.24,2016-01-01 19:18:00,150.0,7.1,0.4,100.0,278.85,19,18,0,0 days 19:18:00
15122002,44.73,2.17,2016-01-01 19:18:00,110.0,3.3,0.0,88.0,282.25,19,18,0,0 days 19:18:00
19164001,45.7,2.06,2016-01-01 19:18:00,140.0,5.2,0.0,91.0,280.25,19,18,0,0 days 19:18:00
26321003,44.55,5.28,2016-01-01 19:18:00,170.0,1.4,0.0,81.0,282.45,19,18,0,0 days 19:18:00
34209002,43.32,3.35,2016-01-01 19:18:00,110.0,4.7,0.0,86.0,287.05,19,18,0,0 days 19:18:00
38191002,45.09,6.09,2016-01-01 19:18:00,20.0,1.7,0.0,72.0,272.25,19,18,0,0 days 19:18:00
38548001,45.08,5.56,2016-01-01 19:18:00,190.0,6.0,0.0,64.0,281.55,19,18,0,0 days 19:18:00
74042003,46.07,6.38,2016-01-01 19:18:00,300.0,0.9,0.0,95.0,279.75,19,18,0,0 days 19:18:00
83148002,43.39,6.53,2016-01-01 19:18:00,100.0,4.3,0.0,93.0,281.65,19,18,0,0 days 19:18:00
84025001,43.88,5.16,2016-01-01 19:18:00,70.0,2.9,0.0,76.0,284.15,19,18,0,0 days 19:18:00
7187001,44.61,4.24,2016-01-01 19:24:00,150.0,7.5,0.0,100.0,278.95,19,24,0,0 days 19:24:00
15122002,44.73,2.17,2016-01-01 19:24:00,110.0,3.2,0.2,87.0,282.25,19,24,0,0 days 19:24:00
19164001,45.7,2.06,2016-01-01 19:24:00,150.0,4.7,0.0,90.0,280.25,19,24,0,0 days 19:24:00
26321003,44.55,5.28,2016-01-01 19:24:00,170.0,1.1,0.0,82.0,282.15,19,24,0,0 days 19:24:00
34209002,43.32,3.35,2016-01-01 19:24:00,110.0,4.8,0.0,86.0,287.15,19,24,0,0 days 19:24:00
38191002,45.09,6.09,2016-01-01 19:24:00,20.0,2.0,0.0,71.0,272.25,19,24,0,0 days 19:24:00
38548001,45.08,5.56,2016-01-01 19:24:00,180.0,7.3,0.0,63.0,281.65,19,24,0,0 days 19:24:00
74042003,46.07,6.38,2016-01-01 19:24:00,300.0,0.9,0.0,95.0,279.75,19,24,0,0 days 19:24:00
83148002,43.39,6.53,2016-01-01 19:24:00,90.0,3.8,0.0,94.0,281.55,19,24,0,0 days 19:24:00
84025001,43.88,5.16,2016-01-01 19:24:00,90.0,2.5,0.0,76.0,284.15,19,24,0,0 days 19:24:00
7187001,44.61,4.24,2016-01-01 19:30:00,150.0,8.6,0.0,100.0,278.95,19,30,0,0 days 19:30:00
15122002,44.73,2.17,2016-01-01 19:30:00,110.0,3.7,0.0,86.0,282.35,19,30,0,0 days 19:30:00
19164001,45.7,2.06,2016-01-01 19:30:00,150.0,5.2,0.0,90.0,280.25,19,30,0,0 days 19:30:00
26321003,44.55,5.28,2016-01-01 19:30:00,170.0,1.4,0.0,83.0,282.05,19,30,0,0 days 19:30:00
34209002,43.32,3.35,2016-01-01 19:30:00,110.0,5.0,0.0,86.0,287.15,19,30,0,0 days 19:30:00
38191002,45.09,6.09,2016-01-01 19:30:00,20.0,1.9,0.0,70.0,272.65,19,30,0,0 days 19:30:00
38548001,45.08,5.56,2016-01-01 19:30:00,190.0,7.9,0.0,62.0,281.85,19,30,0,0 days 19:30:00
74042003,46.07,6.38,2016-01-01 19:30:00,0.0,0.0,0.0,95.0,279.75,19,30,0,0 days 19:30:00
83148002,43.39,6.53,2016-01-01 19:30:00,80.0,3.6,0.0,94.0,281.65,19,30,0,0 days 19:30:00
84025001,43.88,5.16,2016-01-01 19:30:00,90.0,2.8,0.0,76.0,284.15,19,30,0,0 days 19:30:00
7187001,44.61,4.24,2016-01-01 19:36:00,150.0,8.5,0.2,100.0,278.95,19,36,0,0 days 19:36:00
15122002,44.73,2.17,2016-01-01 19:36:00,110.0,3.4,0.0,86.0,282.35,19,36,0,0 days 19:36:00
19164001,45.7,2.06,2016-01-01 19:36:00,140.0,5.7,0.0,90.0,280.25,19,36,0,0 days 19:36:00
26321003,44.55,5.28,2016-01-01 19:36:00,180.0,1.1,0.0,86.0,281.75,19,36,0,0 days 19:36:00
34209002,43.32,3.35,2016-01-01 19:36:00,110.0,5.1,0.0,85.0,287.25,19,36,0,0 days 19:36:00
38191002,45.09,6.09,2016-01-01 19:36:00,10.0,2.4,0.0,71.0,272.75,19,36,0,0 days 19:36:00
38548001,45.08,5.56,2016-01-01 19:36:00,190.0,6.6,0.0,64.0,281.75,19,36,0,0 days 19:36:00
74042003,46.07,6.38,2016-01-01 19:36:00,90.0,0.5,0.0,95.0,279.65,19,36,0,0 days 19:36:00
83148002,43.39,6.53,2016-01-01 19:36:00,80.0,3.4,0.0,94.0,281.55,19,36,0,0 days 19:36:00
84025001,43.88,5.16,2016-01-01 19:36:00,80.0,2.5,0.0,76.0,284.15,19,36,0,0 days 19:36:00
7187001,44.61,4.24,2016-01-01 19:42:00,150.0,8.7,0.0,100.0,278.95,19,42,0,0 days 19:42:00
15122002,44.73,2.17,2016-01-01 19:42:00,110.0,3.5,0.0,85.0,282.55,19,42,0,0 days 19:42:00
19164001,45.7,2.06,2016-01-01 19:42:00,140.0,6.0,0.0,89.0,280.15,19,42,0,0 days 19:42:00
26321003,44.55,5.28,2016-01-01 19:42:00,180.0,1.1,0.0,85.0,281.75,19,42,0,0 days 19:42:00
34209002,43.32,3.35,2016-01-01 19:42:00,110.0,5.0,0.0,85.0,287.25,19,42,0,0 days 19:42:00
38191002,45.09,6.09,2016-01-01 19:42:00,20.0,2.7,0.0,69.0,272.65,19,42,0,0 days 19:42:00
38548001,45.08,5.56,2016-01-01 19:42:00,200.0,5.9,0.0,62.0,281.95,19,42,0,0 days 19:42:00
74042003,46.07,6.38,2016-01-01 19:42:00,0.0,0.0,0.0,95.0,279.65,19,42,0,0 days 19:42:00
83148002,43.39,6.53,2016-01-01 19:42:00,90.0,3.0,0.0,94.0,281.65,19,42,0,0 days 19:42:00
84025001,43.88,5.16,2016-01-01 19:42:00,80.0,3.3,0.0,76.0,284.15,19,42,0,0 days 19:42:00
7187001,44.61,4.24,2016-01-01 19:48:00,150.0,8.5,0.0,100.0,278.95,19,48,0,0 days 19:48:00
15122002,44.73,2.17,2016-01-01 19:48:00,110.0,3.4,0.0,85.0,282.45,19,48,0,0 days 19:48:00
19164001,45.7,2.06,2016-01-01 19:48:00,140.0,5.5,0.0,89.0,280.15,19,48,0,0 days 19:48:00
26321003,44.55,5.28,2016-01-01 19:48:00,190.0,1.2,0.0,87.0,281.65,19,48,0,0 days 19:48:00
34209002,43.32,3.35,2016-01-01 19:48:00,110.0,5.0,0.0,86.0,287.25,19,48,0,0 days 19:48:00
38191002,45.09,6.09,2016-01-01 19:48:00,40.0,1.6,0.0,71.0,272.35,19,48,0,0 days 19:48:00
38548001,45.08,5.56,2016-01-01 19:48:00,190.0,6.4,0.0,63.0,281.75,19,48,0,0 days 19:48:00
74042003,46.07,6.38,2016-01-01 19:48:00,0.0,0.0,0.0,95.0,279.55,19,48,0,0 days 19:48:00
83148002,43.39,6.53,2016-01-01 19:48:00,90.0,3.2,0.0,94.0,281.55,19,48,0,0 days 19:48:00
84025001,43.88,5.16,2016-01-01 19:48:00,70.0,3.5,0.0,75.0,284.25,19,48,0,0 days 19:48:00
7187001,44.61,4.24,2016-01-01 19:54:00,150.0,8.9,0.0,100.0,278.95,19,54,0,0 days 19:54:00
15122002,44.73,2.17,2016-01-01 19:54:00,120.0,3.3,0.0,85.0,282.55,19,54,0,0 days 19:54:00
19164001,45.7,2.06,2016-01-01 19:54:00,140.0,5.6,0.0,89.0,280.15,19,54,0,0 days 19:54:00
26321003,44.55,5.28,2016-01-01 19:54:00,210.0,1.0,0.0,87.0,281.45,19,54,0,0 days 19:54:00
34209002,43.32,3.35,2016-01-01 19:54:00,110.0,5.1,0.0,85.0,287.35,19,54,0,0 days 19:54:00
38191002,45.09,6.09,2016-01-01 19:54:00,40.0,2.2,0.0,68.0,272.75,19,54,0,0 days 19:54:00
38548001,45.08,5.56,2016-01-01 19:54:00,190.0,5.7,0.0,64.0,281.75,19,54,0,0 days 19:54:00
74042003,46.07,6.38,2016-01-01 19:54:00,110.0,0.6,0.0,96.0,279.55,19,54,0,0 days 19:54:00
83148002,43.39,6.53,2016-01-01 19:54:00,90.0,3.4,0.0,94.0,281.55,19,54,0,0 days 19:54:00
84025001,43.88,5.16,2016-01-01 19:54:00,70.0,3.2,0.0,76.0,284.15,19,54,0,0 days 19:54:00
7187001,44.61,4.24,2016-01-01 20:00:00,150.0,9.3,0.4,100.0,278.95,20,0,0,0 days 20:00:00
15122002,44.73,2.17,2016-01-01 20:00:00,120.0,3.5,0.0,84.0,282.55,20,0,0,0 days 20:00:00
19164001,45.7,2.06,2016-01-01 20:00:00,150.0,6.1,0.0,89.0,280.15,20,0,0,0 days 20:00:00
26321003,44.55,5.28,2016-01-01 20:00:00,200.0,1.2,0.0,88.0,281.35,20,0,0,0 days 20:00:00
34209002,43.32,3.35,2016-01-01 20:00:00,110.0,5.3,0.0,85.0,287.25,20,0,0,0 days 20:00:00
38191002,45.09,6.09,2016-01-01 20:00:00,40.0,2.3,0.0,70.0,272.15,20,0,0,0 days 20:00:00
38548001,45.08,5.56,2016-01-01 20:00:00,190.0,5.7,0.0,65.0,281.75,20,0,0,0 days 20:00:00
74042003,46.07,6.38,2016-01-01 20:00:00,0.0,0.0,0.0,96.0,279.55,20,0,0,0 days 20:00:00
83148002,43.39,6.53,2016-01-01 20:00:00,80.0,3.9,0.0,94.0,281.35,20,0,0,0 days 20:00:00
84025001,43.88,5.16,2016-01-01 20:00:00,70.0,2.8,0.0,76.0,284.15,20,0,0,0 days 20:00:00
7187001,44.61,4.24,2016-01-01 20:06:00,150.0,9.6,0.0,100.0,278.95,20,6,0,0 days 20:06:00
15122002,44.73,2.17,2016-01-01 20:06:00,110.0,3.0,0.0,85.0,282.35,20,6,0,0 days 20:06:00
19164001,45.7,2.06,2016-01-01 20:06:00,150.0,6.3,0.0,88.0,280.25,20,6,0,0 days 20:06:00
26321003,44.55,5.28,2016-01-01 20:06:00,200.0,1.2,0.0,88.0,281.35,20,6,0,0 days 20:06:00
34209002,43.32,3.35,2016-01-01 20:06:00,110.0,5.7,0.0,86.0,287.25,20,6,0,0 days 20:06:00
38191002,45.09,6.09,2016-01-01 20:06:00,70.0,2.3,0.0,71.0,271.85,20,6,0,0 days 20:06:00
38548001,45.08,5.56,2016-01-01 20:06:00,180.0,5.5,0.0,66.0,281.75,20,6,0,0 days 20:06:00
74042003,46.07,6.38,2016-01-01 20:06:00,0.0,0.0,0.0,96.0,279.45,20,6,0,0 days 20:06:00
83148002,43.39,6.53,2016-01-01 20:06:00,80.0,4.2,0.0,95.0,281.35,20,6,0,0 days 20:06:00
84025001,43.88,5.16,2016-01-01 20:06:00,60.0,3.1,0.0,75.0,284.25,20,6,0,0 days 20:06:00
7187001,44.61,4.24,2016-01-01 20:12:00,150.0,9.0,0.0,100.0,278.95,20,12,0,0 days 20:12:00
15122002,44.73,2.17,2016-01-01 20:12:00,110.0,2.5,0.0,85.0,282.35,20,12,0,0 days 20:12:00
19164001,45.7,2.06,2016-01-01 20:12:00,150.0,6.8,0.0,88.0,280.35,20,12,0,0 days 20:12:00
26321003,44.55,5.28,2016-01-01 20:12:00,210.0,1.1,0.0,90.0,281.25,20,12,0,0 days 20:12:00
34209002,43.32,3.35,2016-01-01 20:12:00,120.0,5.8,0.0,85.0,287.35,20,12,0,0 days 20:12:00
38191002,45.09,6.09,2016-01-01 20:12:00,90.0,2.6,0.0,74.0,271.75,20,12,0,0 days 20:12:00
38548001,45.08,5.56,2016-01-01 20:12:00,190.0,5.1,0.0,66.0,281.75,20,12,0,0 days 20:12:00
74042003,46.07,6.38,2016-01-01 20:12:00,0.0,0.0,0.0,96.0,279.45,20,12,0,0 days 20:12:00
83148002,43.39,6.53,2016-01-01 20:12:00,80.0,4.5,0.0,95.0,281.35,20,12,0,0 days 20:12:00
84025001,43.88,5.16,2016-01-01 20:12:00,60.0,3.5,0.0,75.0,284.25,20,12,0,0 days 20:12:00
7187001,44.61,4.24,2016-01-01 20:18:00,150.0,8.6,0.0,100.0,278.95,20,18,0,0 days 20:18:00
15122002,44.73,2.17,2016-01-01 20:18:00,110.0,2.7,0.0,85.0,282.35,20,18,0,0 days 20:18:00
19164001,45.7,2.06,2016-01-01 20:18:00,150.0,6.2,0.0,88.0,280.35,20,18,0,0 days 20:18:00
26321003,44.55,5.28,2016-01-01 20:18:00,210.0,1.1,0.0,89.0,281.25,20,18,0,0 days 20:18:00
34209002,43.32,3.35,2016-01-01 20:18:00,110.0,5.2,0.0,86.0,287.25,20,18,0,0 days 20:18:00
38191002,45.09,6.09,2016-01-01 20:18:00,90.0,2.0,0.0,74.0,271.75,20,18,0,0 days 20:18:00
38548001,45.08,5.56,2016-01-01 20:18:00,200.0,5.3,0.0,67.0,281.65,20,18,0,0 days 20:18:00
74042003,46.07,6.38,2016-01-01 20:18:00,0.0,0.0,0.0,96.0,279.45,20,18,0,0 days 20:18:00
83148002,43.39,6.53,2016-01-01 20:18:00,80.0,4.3,0.0,95.0,281.35,20,18,0,0 days 20:18:00
84025001,43.88,5.16,2016-01-01 20:18:00,60.0,3.8,0.0,76.0,284.25,20,18,0,0 days 20:18:00
7187001,44.61,4.24,2016-01-01 20:24:00,150.0,8.5,0.0,100.0,278.95,20,24,0,0 days 20:24:00
15122002,44.73,2.17,2016-01-01 20:24:00,110.0,2.8,0.0,85.0,282.45,20,24,0,0 days 20:24:00
19164001,45.7,2.06,2016-01-01 20:24:00,150.0,6.0,0.0,87.0,280.35,20,24,0,0 days 20:24:00
26321003,44.55,5.28,2016-01-01 20:24:00,210.0,1.0,0.0,90.0,281.05,20,24,0,0 days 20:24:00
34209002,43.32,3.35,2016-01-01 20:24:00,110.0,4.7,0.0,86.0,287.25,20,24,0,0 days 20:24:00
38191002,45.09,6.09,2016-01-01 20:24:00,60.0,1.6,0.0,72.0,272.05,20,24,0,0 days 20:24:00
38548001,45.08,5.56,2016-01-01 20:24:00,200.0,6.4,0.0,68.0,281.55,20,24,0,0 days 20:24:00
74042003,46.07,6.38,2016-01-01 20:24:00,110.0,0.5,0.0,96.0,279.45,20,24,0,0 days 20:24:00
83148002,43.39,6.53,2016-01-01 20:24:00,90.0,4.1,0.0,95.0,281.35,20,24,0,0 days 20:24:00
84025001,43.88,5.16,2016-01-01 20:24:00,60.0,3.6,0.0,76.0,284.15,20,24,0,0 days 20:24:00
7187001,44.61,4.24,2016-01-01 20:30:00,150.0,8.2,0.2,100.0,278.95,20,30,0,0 days 20:30:00
15122002,44.73,2.17,2016-01-01 20:30:00,110.0,2.9,0.0,85.0,282.45,20,30,0,0 days 20:30:00
19164001,45.7,2.06,2016-01-01 20:30:00,160.0,5.0,0.0,88.0,280.25,20,30,0,0 days 20:30:00
26321003,44.55,5.28,2016-01-01 20:30:00,200.0,0.9,0.0,90.0,281.05,20,30,0,0 days 20:30:00
34209002,43.32,3.35,2016-01-01 20:30:00,120.0,4.8,0.0,86.0,287.35,20,30,0,0 days 20:30:00
38191002,45.09,6.09,2016-01-01 20:30:00,40.0,1.3,0.0,73.0,272.25,20,30,0,0 days 20:30:00
38548001,45.08,5.56,2016-01-01 20:30:00,210.0,6.2,0.0,71.0,281.15,20,30,0,0 days 20:30:00
74042003,46.07,6.38,2016-01-01 20:30:00,0.0,0.0,0.0,97.0,279.35,20,30,0,0 days 20:30:00
83148002,43.39,6.53,2016-01-01 20:30:00,90.0,4.5,0.0,95.0,281.45,20,30,0,0 days 20:30:00
84025001,43.88,5.16,2016-01-01 20:30:00,60.0,3.6,0.0,76.0,284.15,20,30,0,0 days 20:30:00
7187001,44.61,4.24,2016-01-01 20:36:00,150.0,7.8,0.4,100.0,278.95,20,36,0,0 days 20:36:00
15122002,44.73,2.17,2016-01-01 20:36:00,110.0,2.2,0.0,84.0,282.45,20,36,0,0 days 20:36:00
19164001,45.7,2.06,2016-01-01 20:36:00,150.0,4.7,0.0,88.0,280.35,20,36,0,0 days 20:36:00
26321003,44.55,5.28,2016-01-01 20:36:00,200.0,1.2,0.0,91.0,280.95,20,36,0,0 days 20:36:00
34209002,43.32,3.35,2016-01-01 20:36:00,120.0,5.3,0.0,85.0,287.35,20,36,0,0 days 20:36:00
38191002,45.09,6.09,2016-01-01 20:36:00,360.0,1.1,0.0,70.0,272.65,20,36,0,0 days 20:36:00
38548001,45.08,5.56,2016-01-01 20:36:00,210.0,4.5,0.0,72.0,280.85,20,36,0,0 days 20:36:00
74042003,46.07,6.38,2016-01-01 20:36:00,0.0,0.0,0.0,97.0,279.45,20,36,0,0 days 20:36:00
83148002,43.39,6.53,2016-01-01 20:36:00,90.0,4.2,0.0,95.0,281.45,20,36,0,0 days 20:36:00
84025001,43.88,5.16,2016-01-01 20:36:00,70.0,2.8,0.0,78.0,283.95,20,36,0,0 days 20:36:00
7187001,44.61,4.24,2016-01-01 20:42:00,150.0,7.5,0.2,100.0,278.95,20,42,0,0 days 20:42:00
15122002,44.73,2.17,2016-01-01 20:42:00,110.0,2.4,0.0,84.0,282.45,20,42,0,0 days 20:42:00
19164001,45.7,2.06,2016-01-01 20:42:00,150.0,5.5,0.0,87.0,280.45,20,42,0,0 days 20:42:00
26321003,44.55,5.28,2016-01-01 20:42:00,200.0,1.3,0.0,92.0,280.85,20,42,0,0 days 20:42:00
34209002,43.32,3.35,2016-01-01 20:42:00,110.0,5.0,0.0,85.0,287.35,20,42,0,0 days 20:42:00
38191002,45.09,6.09,2016-01-01 20:42:00,360.0,1.1,0.0,69.0,272.55,20,42,0,0 days 20:42:00
38548001,45.08,5.56,2016-01-01 20:42:00,210.0,4.4,0.0,72.0,280.95,20,42,0,0 days 20:42:00
74042003,46.07,6.38,2016-01-01 20:42:00,70.0,0.5,0.0,97.0,279.35,20,42,0,0 days 20:42:00
83148002,43.39,6.53,2016-01-01 20:42:00,90.0,4.2,0.0,95.0,281.35,20,42,0,0 days 20:42:00
84025001,43.88,5.16,2016-01-01 20:42:00,70.0,2.6,0.0,79.0,283.85,20,42,0,0 days 20:42:00
7187001,44.61,4.24,2016-01-01 20:48:00,150.0,8.3,0.4,100.0,278.95,20,48,0,0 days 20:48:00
15122002,44.73,2.17,2016-01-01 20:48:00,110.0,2.3,0.0,85.0,282.45,20,48,0,0 days 20:48:00
19164001,45.7,2.06,2016-01-01 20:48:00,160.0,5.2,0.0,87.0,280.35,20,48,0,0 days 20:48:00
26321003,44.55,5.28,2016-01-01 20:48:00,210.0,1.4,0.0,90.0,280.85,20,48,0,0 days 20:48:00
34209002,43.32,3.35,2016-01-01 20:48:00,110.0,4.8,0.0,85.0,287.35,20,48,0,0 days 20:48:00
38191002,45.09,6.09,2016-01-01 20:48:00,20.0,1.0,0.0,70.0,272.55,20,48,0,0 days 20:48:00
38548001,45.08,5.56,2016-01-01 20:48:00,210.0,5.0,0.0,73.0,280.95,20,48,0,0 days 20:48:00
74042003,46.07,6.38,2016-01-01 20:48:00,60.0,0.5,0.0,97.0,279.35,20,48,0,0 days 20:48:00
83148002,43.39,6.53,2016-01-01 20:48:00,100.0,4.5,0.0,95.0,281.35,20,48,0,0 days 20:48:00
84025001,43.88,5.16,2016-01-01 20:48:00,80.0,2.7,0.0,79.0,283.85,20,48,0,0 days 20:48:00
7187001,44.61,4.24,2016-01-01 20:54:00,150.0,7.8,0.2,100.0,279.05,20,54,0,0 days 20:54:00
15122002,44.73,2.17,2016-01-01 20:54:00,110.0,2.4,0.0,85.0,282.45,20,54,0,0 days 20:54:00
19164001,45.7,2.06,2016-01-01 20:54:00,160.0,4.2,0.0,87.0,280.35,20,54,0,0 days 20:54:00
26321003,44.55,5.28,2016-01-01 20:54:00,210.0,1.2,0.0,92.0,280.85,20,54,0,0 days 20:54:00
34209002,43.32,3.35,2016-01-01 20:54:00,110.0,5.0,0.0,85.0,287.45,20,54,0,0 days 20:54:00
38191002,45.09,6.09,2016-01-01 20:54:00,350.0,1.0,0.0,71.0,272.65,20,54,0,0 days 20:54:00
38548001,45.08,5.56,2016-01-01 20:54:00,210.0,5.0,0.0,72.0,281.05,20,54,0,0 days 20:54:00
74042003,46.07,6.38,2016-01-01 20:54:00,0.0,0.0,0.0,97.0,279.35,20,54,0,0 days 20:54:00
83148002,43.39,6.53,2016-01-01 20:54:00,90.0,4.2,0.0,96.0,281.25,20,54,0,0 days 20:54:00
84025001,43.88,5.16,2016-01-01 20:54:00,80.0,3.3,0.0,78.0,283.95,20,54,0,0 days 20:54:00
7187001,44.61,4.24,2016-01-01 21:00:00,150.0,7.5,0.0,100.0,279.05,21,0,0,0 days 21:00:00
15122002,44.73,2.17,2016-01-01 21:00:00,110.0,2.6,0.0,84.0,282.45,21,0,0,0 days 21:00:00
19164001,45.7,2.06,2016-01-01 21:00:00,170.0,2.9,0.0,86.0,280.35,21,0,0,0 days 21:00:00
26321003,44.55,5.28,2016-01-01 21:00:00,210.0,1.4,0.0,92.0,280.75,21,0,0,0 days 21:00:00
34209002,43.32,3.35,2016-01-01 21:00:00,110.0,5.3,0.0,85.0,287.35,21,0,0,0 days 21:00:00
38191002,45.09,6.09,2016-01-01 21:00:00,340.0,1.5,0.0,68.0,272.85,21,0,0,0 days 21:00:00
38548001,45.08,5.56,2016-01-01 21:00:00,190.0,3.9,0.0,73.0,280.75,21,0,0,0 days 21:00:00
74042003,46.07,6.38,2016-01-01 21:00:00,0.0,0.0,0.0,97.0,279.35,21,0,0,0 days 21:00:00
83148002,43.39,6.53,2016-01-01 21:00:00,80.0,4.1,0.0,96.0,281.15,21,0,0,0 days 21:00:00
84025001,43.88,5.16,2016-01-01 21:00:00,80.0,3.7,0.0,78.0,283.95,21,0,0,0 days 21:00:00
7187001,44.61,4.24,2016-01-01 21:06:00,150.0,7.7,0.2,100.0,279.05,21,6,0,0 days 21:06:00
15122002,44.73,2.17,2016-01-01 21:06:00,90.0,3.3,0.0,84.0,282.55,21,6,0,0 days 21:06:00
19164001,45.7,2.06,2016-01-01 21:06:00,170.0,2.4,0.0,85.0,280.45,21,6,0,0 days 21:06:00
26321003,44.55,5.28,2016-01-01 21:06:00,200.0,1.3,0.0,93.0,280.75,21,6,0,0 days 21:06:00
34209002,43.32,3.35,2016-01-01 21:06:00,110.0,4.7,0.0,85.0,287.35,21,6,0,0 days 21:06:00
38191002,45.09,6.09,2016-01-01 21:06:00,330.0,1.5,0.0,68.0,273.05,21,6,0,0 days 21:06:00
38548001,45.08,5.56,2016-01-01 21:06:00,180.0,3.4,0.0,74.0,280.45,21,6,0,0 days 21:06:00
74042003,46.07,6.38,2016-01-01 21:06:00,0.0,0.0,0.0,97.0,279.35,21,6,0,0 days 21:06:00
83148002,43.39,6.53,2016-01-01 21:06:00,70.0,4.0,0.0,96.0,281.05,21,6,0,0 days 21:06:00
84025001,43.88,5.16,2016-01-01 21:06:00,80.0,3.4,0.0,79.0,283.85,21,6,0,0 days 21:06:00
7187001,44.61,4.24,2016-01-01 21:12:00,150.0,7.5,0.2,100.0,279.05,21,12,0,0 days 21:12:00
15122002,44.73,2.17,2016-01-01 21:12:00,100.0,2.8,0.0,84.0,282.45,21,12,0,0 days 21:12:00
19164001,45.7,2.06,2016-01-01 21:12:00,160.0,2.8,0.0,84.0,280.65,21,12,0,0 days 21:12:00
26321003,44.55,5.28,2016-01-01 21:12:00,190.0,1.1,0.0,92.0,280.75,21,12,0,0 days 21:12:00
34209002,43.32,3.35,2016-01-01 21:12:00,110.0,4.8,0.0,86.0,287.35,21,12,0,0 days 21:12:00
38191002,45.09,6.09,2016-01-01 21:12:00,340.0,1.9,0.0,67.0,273.45,21,12,0,0 days 21:12:00
38548001,45.08,5.56,2016-01-01 21:12:00,200.0,2.9,0.0,75.0,280.35,21,12,0,0 days 21:12:00
74042003,46.07,6.38,2016-01-01 21:12:00,0.0,0.0,0.0,97.0,279.45,21,12,0,0 days 21:12:00
83148002,43.39,6.53,2016-01-01 21:12:00,70.0,3.9,0.0,97.0,281.05,21,12,0,0 days 21:12:00
84025001,43.88,5.16,2016-01-01 21:12:00,80.0,3.4,0.0,78.0,283.95,21,12,0,0 days 21:12:00
7187001,44.61,4.24,2016-01-01 21:18:00,150.0,8.1,0.2,100.0,279.05,21,18,0,0 days 21:18:00
15122002,44.73,2.17,2016-01-01 21:18:00,110.0,2.5,0.0,85.0,282.45,21,18,0,0 days 21:18:00
19164001,45.7,2.06,2016-01-01 21:18:00,180.0,3.4,0.0,82.0,280.95,21,18,0,0 days 21:18:00
26321003,44.55,5.28,2016-01-01 21:18:00,190.0,1.2,0.0,93.0,280.75,21,18,0,0 days 21:18:00
34209002,43.32,3.35,2016-01-01 21:18:00,110.0,5.0,0.0,85.0,287.35,21,18,0,0 days 21:18:00
38191002,45.09,6.09,2016-01-01 21:18:00,10.0,2.9,0.0,69.0,272.85,21,18,0,0 days 21:18:00
38548001,45.08,5.56,2016-01-01 21:18:00,240.0,2.8,0.0,76.0,280.15,21,18,0,0 days 21:18:00
74042003,46.07,6.38,2016-01-01 21:18:00,0.0,0.0,0.0,97.0,279.45,21,18,0,0 days 21:18:00
83148002,43.39,6.53,2016-01-01 21:18:00,70.0,4.2,0.0,97.0,280.95,21,18,0,0 days 21:18:00
84025001,43.88,5.16,2016-01-01 21:18:00,80.0,3.7,0.0,78.0,283.95,21,18,0,0 days 21:18:00
7187001,44.61,4.24,2016-01-01 21:24:00,150.0,7.9,0.4,100.0,279.05,21,24,0,0 days 21:24:00
15122002,44.73,2.17,2016-01-01 21:24:00,100.0,2.5,0.0,84.0,282.45,21,24,0,0 days 21:24:00
19164001,45.7,2.06,2016-01-01 21:24:00,190.0,4.0,0.0,81.0,281.05,21,24,0,0 days 21:24:00
26321003,44.55,5.28,2016-01-01 21:24:00,210.0,1.1,0.0,92.0,280.75,21,24,0,0 days 21:24:00
34209002,43.32,3.35,2016-01-01 21:24:00,110.0,4.6,0.0,86.0,287.35,21,24,0,0 days 21:24:00
38191002,45.09,6.09,2016-01-01 21:24:00,20.0,3.5,0.0,68.0,273.15,21,24,0,0 days 21:24:00
38548001,45.08,5.56,2016-01-01 21:24:00,200.0,3.9,0.0,72.0,280.65,21,24,0,0 days 21:24:00
74042003,46.07,6.38,2016-01-01 21:24:00,0.0,0.0,0.0,97.0,279.45,21,24,0,0 days 21:24:00
83148002,43.39,6.53,2016-01-01 21:24:00,70.0,4.3,0.0,97.0,280.95,21,24,0,0 days 21:24:00
84025001,43.88,5.16,2016-01-01 21:24:00,80.0,3.6,0.0,78.0,283.95,21,24,0,0 days 21:24:00
7187001,44.61,4.24,2016-01-01 21:30:00,150.0,7.7,0.0,100.0,279.05,21,30,0,0 days 21:30:00
15122002,44.73,2.17,2016-01-01 21:30:00,110.0,1.9,0.0,85.0,282.45,21,30,0,0 days 21:30:00
19164001,45.7,2.06,2016-01-01 21:30:00,180.0,4.5,0.0,79.0,281.25,21,30,0,0 days 21:30:00
26321003,44.55,5.28,2016-01-01 21:30:00,200.0,1.1,0.0,90.0,280.85,21,30,0,0 days 21:30:00
34209002,43.32,3.35,2016-01-01 21:30:00,110.0,4.3,0.0,86.0,287.25,21,30,0,0 days 21:30:00
38191002,45.09,6.09,2016-01-01 21:30:00,30.0,2.7,0.0,64.0,273.65,21,30,0,0 days 21:30:00
38548001,45.08,5.56,2016-01-01 21:30:00,160.0,7.6,0.0,69.0,281.35,21,30,0,0 days 21:30:00
74042003,46.07,6.38,2016-01-01 21:30:00,40.0,1.0,0.0,97.0,279.45,21,30,0,0 days 21:30:00
83148002,43.39,6.53,2016-01-01 21:30:00,70.0,5.1,0.0,97.0,280.95,21,30,0,0 days 21:30:00
84025001,43.88,5.16,2016-01-01 21:30:00,70.0,3.2,0.0,78.0,283.95,21,30,0,0 days 21:30:00
7187001,44.61,4.24,2016-01-01 21:36:00,150.0,7.8,0.2,100.0,279.15,21,36,0,0 days 21:36:00
15122002,44.73,2.17,2016-01-01 21:36:00,110.0,2.1,0.0,85.0,282.55,21,36,0,0 days 21:36:00
19164001,45.7,2.06,2016-01-01 21:36:00,180.0,4.8,0.0,78.0,281.35,21,36,0,0 days 21:36:00
26321003,44.55,5.28,2016-01-01 21:36:00,190.0,1.1,0.0,87.0,281.05,21,36,0,0 days 21:36:00
34209002,43.32,3.35,2016-01-01 21:36:00,110.0,4.5,0.0,86.0,287.25,21,36,0,0 days 21:36:00
38191002,45.09,6.09,2016-01-01 21:36:00,70.0,1.2,0.0,62.0,273.85,21,36,0,0 days 21:36:00
38548001,45.08,5.56,2016-01-01 21:36:00,160.0,9.1,0.0,67.0,281.55,21,36,0,0 days 21:36:00
74042003,46.07,6.38,2016-01-01 21:36:00,30.0,0.9,0.0,97.0,279.45,21,36,0,0 days 21:36:00
83148002,43.39,6.53,2016-01-01 21:36:00,70.0,5.5,0.0,97.0,280.95,21,36,0,0 days 21:36:00
84025001,43.88,5.16,2016-01-01 21:36:00,80.0,2.9,0.0,78.0,283.95,21,36,0,0 days 21:36:00
7187001,44.61,4.24,2016-01-01 21:42:00,150.0,8.0,0.2,100.0,279.15,21,42,0,0 days 21:42:00
15122002,44.73,2.17,2016-01-01 21:42:00,100.0,2.7,0.0,85.0,282.65,21,42,0,0 days 21:42:00
19164001,45.7,2.06,2016-01-01 21:42:00,180.0,5.4,0.0,80.0,281.35,21,42,0,0 days 21:42:00
26321003,44.55,5.28,2016-01-01 21:42:00,180.0,1.2,0.0,86.0,281.25,21,42,0,0 days 21:42:00
34209002,43.32,3.35,2016-01-01 21:42:00,110.0,4.9,0.0,86.0,287.35,21,42,0,0 days 21:42:00
38191002,45.09,6.09,2016-01-01 21:42:00,80.0,1.0,0.0,64.0,273.85,21,42,0,0 days 21:42:00
38548001,45.08,5.56,2016-01-01 21:42:00,170.0,7.9,0.0,64.0,281.85,21,42,0,0 days 21:42:00
74042003,46.07,6.38,2016-01-01 21:42:00,0.0,0.0,0.0,97.0,279.45,21,42,0,0 days 21:42:00
83148002,43.39,6.53,2016-01-01 21:42:00,70.0,5.1,0.0,97.0,280.85,21,42,0,0 days 21:42:00
84025001,43.88,5.16,2016-01-01 21:42:00,80.0,2.3,0.0,78.0,283.85,21,42,0,0 days 21:42:00
7187001,44.61,4.24,2016-01-01 21:48:00,150.0,8.0,0.2,100.0,279.15,21,48,0,0 days 21:48:00
15122002,44.73,2.17,2016-01-01 21:48:00,110.0,2.4,0.0,85.0,282.65,21,48,0,0 days 21:48:00
19164001,45.7,2.06,2016-01-01 21:48:00,180.0,5.3,0.0,81.0,281.35,21,48,0,0 days 21:48:00
26321003,44.55,5.28,2016-01-01 21:48:00,190.0,1.2,0.0,88.0,281.15,21,48,0,0 days 21:48:00
34209002,43.32,3.35,2016-01-01 21:48:00,110.0,4.8,0.0,86.0,287.35,21,48,0,0 days 21:48:00
38191002,45.09,6.09,2016-01-01 21:48:00,70.0,1.4,0.0,61.0,274.05,21,48,0,0 days 21:48:00
38548001,45.08,5.56,2016-01-01 21:48:00,180.0,5.6,0.0,64.0,281.75,21,48,0,0 days 21:48:00
74042003,46.07,6.38,2016-01-01 21:48:00,0.0,0.0,0.0,97.0,279.35,21,48,0,0 days 21:48:00
83148002,43.39,6.53,2016-01-01 21:48:00,70.0,4.5,0.0,97.0,280.85,21,48,0,0 days 21:48:00
84025001,43.88,5.16,2016-01-01 21:48:00,70.0,2.2,0.0,78.0,283.95,21,48,0,0 days 21:48:00
7187001,44.61,4.24,2016-01-01 21:54:00,150.0,7.4,0.2,100.0,279.15,21,54,0,0 days 21:54:00
15122002,44.73,2.17,2016-01-01 21:54:00,100.0,2.4,0.0,85.0,282.65,21,54,0,0 days 21:54:00
19164001,45.7,2.06,2016-01-01 21:54:00,180.0,4.9,0.0,80.0,281.25,21,54,0,0 days 21:54:00
26321003,44.55,5.28,2016-01-01 21:54:00,190.0,1.1,0.0,87.0,281.25,21,54,0,0 days 21:54:00
34209002,43.32,3.35,2016-01-01 21:54:00,110.0,4.3,0.0,86.0,287.45,21,54,0,0 days 21:54:00
38191002,45.09,6.09,2016-01-01 21:54:00,80.0,1.7,0.0,62.0,274.25,21,54,0,0 days 21:54:00
38548001,45.08,5.56,2016-01-01 21:54:00,180.0,4.9,0.0,63.0,282.05,21,54,0,0 days 21:54:00
74042003,46.07,6.38,2016-01-01 21:54:00,260.0,0.6,0.0,97.0,279.35,21,54,0,0 days 21:54:00
83148002,43.39,6.53,2016-01-01 21:54:00,60.0,4.3,0.0,97.0,280.85,21,54,0,0 days 21:54:00
84025001,43.88,5.16,2016-01-01 21:54:00,60.0,3.3,0.0,78.0,283.95,21,54,0,0 days 21:54:00
7187001,44.61,4.24,2016-01-01 22:00:00,150.0,7.7,0.2,100.0,279.15,22,0,0,0 days 22:00:00
15122002,44.73,2.17,2016-01-01 22:00:00,100.0,2.9,0.0,85.0,282.75,22,0,0,0 days 22:00:00
19164001,45.7,2.06,2016-01-01 22:00:00,180.0,5.4,0.0,81.0,281.25,22,0,0,0 days 22:00:00
26321003,44.55,5.28,2016-01-01 22:00:00,180.0,1.3,0.0,88.0,281.35,22,0,0,0 days 22:00:00
34209002,43.32,3.35,2016-01-01 22:00:00,110.0,4.2,0.0,86.0,287.45,22,0,0,0 days 22:00:00
38191002,45.09,6.09,2016-01-01 22:00:00,120.0,2.5,0.0,64.0,274.25,22,0,0,0 days 22:00:00
38548001,45.08,5.56,2016-01-01 22:00:00,170.0,4.4,0.0,65.0,281.75,22,0,0,0 days 22:00:00
74042003,46.07,6.38,2016-01-01 22:00:00,240.0,0.8,0.0,97.0,279.35,22,0,0,0 days 22:00:00
83148002,43.39,6.53,2016-01-01 22:00:00,70.0,4.7,0.0,97.0,280.85,22,0,0,0 days 22:00:00
84025001,43.88,5.16,2016-01-01 22:00:00,60.0,3.5,0.0,78.0,283.95,22,0,0,0 days 22:00:00
7187001,44.61,4.24,2016-01-01 22:06:00,150.0,7.7,0.2,100.0,279.15,22,6,0,0 days 22:06:00
15122002,44.73,2.17,2016-01-01 22:06:00,100.0,2.4,0.0,85.0,282.85,22,6,0,0 days 22:06:00
19164001,45.7,2.06,2016-01-01 22:06:00,180.0,5.0,0.0,80.0,281.25,22,6,0,0 days 22:06:00
26321003,44.55,5.28,2016-01-01 22:06:00,200.0,1.1,0.0,88.0,281.35,22,6,0,0 days 22:06:00
34209002,43.32,3.35,2016-01-01 22:06:00,110.0,4.6,0.0,86.0,287.45,22,6,0,0 days 22:06:00
38191002,45.09,6.09,2016-01-01 22:06:00,130.0,2.4,0.0,63.0,274.35,22,6,0,0 days 22:06:00
38548001,45.08,5.56,2016-01-01 22:06:00,180.0,5.0,0.0,61.0,282.35,22,6,0,0 days 22:06:00
74042003,46.07,6.38,2016-01-01 22:06:00,230.0,0.9,0.0,97.0,279.05,22,6,0,0 days 22:06:00
83148002,43.39,6.53,2016-01-01 22:06:00,70.0,4.8,0.0,97.0,280.85,22,6,0,0 days 22:06:00
84025001,43.88,5.16,2016-01-01 22:06:00,70.0,3.4,0.0,78.0,283.95,22,6,0,0 days 22:06:00
7187001,44.61,4.24,2016-01-01 22:12:00,150.0,7.2,0.4,100.0,279.15,22,12,0,0 days 22:12:00
15122002,44.73,2.17,2016-01-01 22:12:00,110.0,2.1,0.0,85.0,282.85,22,12,0,0 days 22:12:00
19164001,45.7,2.06,2016-01-01 22:12:00,180.0,5.1,0.0,80.0,281.35,22,12,0,0 days 22:12:00
26321003,44.55,5.28,2016-01-01 22:12:00,210.0,1.0,0.0,89.0,281.25,22,12,0,0 days 22:12:00
34209002,43.32,3.35,2016-01-01 22:12:00,110.0,4.7,0.0,86.0,287.45,22,12,0,0 days 22:12:00
38191002,45.09,6.09,2016-01-01 22:12:00,240.0,1.7,0.0,63.0,274.45,22,12,0,0 days 22:12:00
38548001,45.08,5.56,2016-01-01 22:12:00,200.0,6.1,0.0,61.0,282.35,22,12,0,0 days 22:12:00
74042003,46.07,6.38,2016-01-01 22:12:00,230.0,1.4,0.0,97.0,278.95,22,12,0,0 days 22:12:00
83148002,43.39,6.53,2016-01-01 22:12:00,80.0,4.5,0.0,97.0,280.85,22,12,0,0 days 22:12:00
84025001,43.88,5.16,2016-01-01 22:12:00,70.0,3.4,0.0,78.0,283.95,22,12,0,0 days 22:12:00
7187001,44.61,4.24,2016-01-01 22:18:00,150.0,7.3,0.2,100.0,279.25,22,18,0,0 days 22:18:00
15122002,44.73,2.17,2016-01-01 22:18:00,110.0,2.5,0.0,85.0,282.85,22,18,0,0 days 22:18:00
19164001,45.7,2.06,2016-01-01 22:18:00,180.0,5.4,0.0,80.0,281.35,22,18,0,0 days 22:18:00
26321003,44.55,5.28,2016-01-01 22:18:00,180.0,0.7,0.0,86.0,281.35,22,18,0,0 days 22:18:00
34209002,43.32,3.35,2016-01-01 22:18:00,100.0,4.7,0.0,86.0,287.55,22,18,0,0 days 22:18:00
38191002,45.09,6.09,2016-01-01 22:18:00,330.0,0.9,0.0,62.0,274.45,22,18,0,0 days 22:18:00
38548001,45.08,5.56,2016-01-01 22:18:00,190.0,5.6,0.0,60.0,282.45,22,18,0,0 days 22:18:00
74042003,46.07,6.38,2016-01-01 22:18:00,240.0,1.8,0.0,97.0,278.85,22,18,0,0 days 22:18:00
83148002,43.39,6.53,2016-01-01 22:18:00,90.0,3.7,0.0,97.0,280.85,22,18,0,0 days 22:18:00
84025001,43.88,5.16,2016-01-01 22:18:00,80.0,2.8,0.0,79.0,283.85,22,18,0,0 days 22:18:00
7187001,44.61,4.24,2016-01-01 22:24:00,150.0,7.5,0.2,100.0,279.25,22,24,0,0 days 22:24:00
15122002,44.73,2.17,2016-01-01 22:24:00,120.0,2.2,0.0,85.0,282.95,22,24,0,0 days 22:24:00
19164001,45.7,2.06,2016-01-01 22:24:00,190.0,4.9,0.0,83.0,281.25,22,24,0,0 days 22:24:00
26321003,44.55,5.28,2016-01-01 22:24:00,160.0,0.7,0.0,89.0,281.25,22,24,0,0 days 22:24:00
34209002,43.32,3.35,2016-01-01 22:24:00,100.0,4.5,0.0,85.0,287.55,22,24,0,0 days 22:24:00
38191002,45.09,6.09,2016-01-01 22:24:00,20.0,0.7,0.0,64.0,274.55,22,24,0,0 days 22:24:00
38548001,45.08,5.56,2016-01-01 22:24:00,220.0,6.1,0.0,64.0,281.95,22,24,0,0 days 22:24:00
74042003,46.07,6.38,2016-01-01 22:24:00,240.0,2.2,0.0,98.0,279.15,22,24,0,0 days 22:24:00
83148002,43.39,6.53,2016-01-01 22:24:00,110.0,3.7,0.0,97.0,280.85,22,24,0,0 days 22:24:00
84025001,43.88,5.16,2016-01-01 22:24:00,90.0,2.9,0.0,78.0,283.85,22,24,0,0 days 22:24:00
7187001,44.61,4.24,2016-01-01 22:30:00,150.0,7.1,0.2,100.0,279.25,22,30,0,0 days 22:30:00
15122002,44.73,2.17,2016-01-01 22:30:00,130.0,1.4,0.0,84.0,282.95,22,30,0,0 days 22:30:00
19164001,45.7,2.06,2016-01-01 22:30:00,190.0,4.1,0.0,85.0,280.95,22,30,0,0 days 22:30:00
26321003,44.55,5.28,2016-01-01 22:30:00,190.0,0.9,0.0,89.0,281.35,22,30,0,0 days 22:30:00
34209002,43.32,3.35,2016-01-01 22:30:00,110.0,4.8,0.0,86.0,287.45,22,30,0,0 days 22:30:00
38191002,45.09,6.09,2016-01-01 22:30:00,80.0,0.9,0.0,64.0,274.75,22,30,0,0 days 22:30:00
38548001,45.08,5.56,2016-01-01 22:30:00,240.0,6.3,0.0,63.0,282.05,22,30,0,0 days 22:30:00
74042003,46.07,6.38,2016-01-01 22:30:00,240.0,2.7,0.0,98.0,279.25,22,30,0,0 days 22:30:00
83148002,43.39,6.53,2016-01-01 22:30:00,110.0,4.8,0.0,97.0,280.95,22,30,0,0 days 22:30:00
84025001,43.88,5.16,2016-01-01 22:30:00,90.0,2.9,0.0,78.0,283.85,22,30,0,0 days 22:30:00
7187001,44.61,4.24,2016-01-01 22:36:00,150.0,7.3,0.2,100.0,279.25,22,36,0,0 days 22:36:00
15122002,44.73,2.17,2016-01-01 22:36:00,130.0,1.3,0.0,83.0,283.15,22,36,0,0 days 22:36:00
19164001,45.7,2.06,2016-01-01 22:36:00,200.0,3.1,0.0,86.0,280.85,22,36,0,0 days 22:36:00
26321003,44.55,5.28,2016-01-01 22:36:00,190.0,0.8,0.0,89.0,281.35,22,36,0,0 days 22:36:00
34209002,43.32,3.35,2016-01-01 22:36:00,110.0,4.7,0.0,86.0,287.55,22,36,0,0 days 22:36:00
38191002,45.09,6.09,2016-01-01 22:36:00,180.0,1.1,0.0,62.0,274.85,22,36,0,0 days 22:36:00
38548001,45.08,5.56,2016-01-01 22:36:00,230.0,6.1,0.0,65.0,281.75,22,36,0,0 days 22:36:00
74042003,46.07,6.38,2016-01-01 22:36:00,230.0,2.3,0.0,97.0,279.25,22,36,0,0 days 22:36:00
83148002,43.39,6.53,2016-01-01 22:36:00,110.0,4.4,0.0,97.0,281.05,22,36,0,0 days 22:36:00
84025001,43.88,5.16,2016-01-01 22:36:00,80.0,3.5,0.0,78.0,283.85,22,36,0,0 days 22:36:00
7187001,44.61,4.24,2016-01-01 22:42:00,150.0,6.7,0.2,100.0,279.25,22,42,0,0 days 22:42:00
15122002,44.73,2.17,2016-01-01 22:42:00,140.0,1.5,0.0,82.0,283.35,22,42,0,0 days 22:42:00
19164001,45.7,2.06,2016-01-01 22:42:00,200.0,3.3,0.0,85.0,280.95,22,42,0,0 days 22:42:00
26321003,44.55,5.28,2016-01-01 22:42:00,170.0,1.0,0.0,88.0,281.45,22,42,0,0 days 22:42:00
34209002,43.32,3.35,2016-01-01 22:42:00,100.0,4.8,0.0,86.0,287.45,22,42,0,0 days 22:42:00
38191002,45.09,6.09,2016-01-01 22:42:00,280.0,1.4,0.0,66.0,274.55,22,42,0,0 days 22:42:00
38548001,45.08,5.56,2016-01-01 22:42:00,230.0,6.0,0.0,71.0,281.05,22,42,0,0 days 22:42:00
74042003,46.07,6.38,2016-01-01 22:42:00,230.0,1.9,0.0,97.0,279.35,22,42,0,0 days 22:42:00
83148002,43.39,6.53,2016-01-01 22:42:00,100.0,4.1,0.0,97.0,281.05,22,42,0,0 days 22:42:00
84025001,43.88,5.16,2016-01-01 22:42:00,70.0,3.1,0.0,79.0,283.75,22,42,0,0 days 22:42:00
7187001,44.61,4.24,2016-01-01 22:48:00,150.0,6.9,0.4,100.0,279.25,22,48,0,0 days 22:48:00
15122002,44.73,2.17,2016-01-01 22:48:00,150.0,2.0,0.0,82.0,283.45,22,48,0,0 days 22:48:00
19164001,45.7,2.06,2016-01-01 22:48:00,210.0,3.5,0.0,86.0,280.95,22,48,0,0 days 22:48:00
26321003,44.55,5.28,2016-01-01 22:48:00,160.0,1.2,0.0,88.0,281.55,22,48,0,0 days 22:48:00
34209002,43.32,3.35,2016-01-01 22:48:00,100.0,4.8,0.0,86.0,287.45,22,48,0,0 days 22:48:00
38191002,45.09,6.09,2016-01-01 22:48:00,60.0,1.8,0.0,69.0,274.25,22,48,0,0 days 22:48:00
38548001,45.08,5.56,2016-01-01 22:48:00,210.0,8.2,0.0,62.0,282.15,22,48,0,0 days 22:48:00
74042003,46.07,6.38,2016-01-01 22:48:00,230.0,2.1,0.0,97.0,279.35,22,48,0,0 days 22:48:00
83148002,43.39,6.53,2016-01-01 22:48:00,90.0,3.7,0.0,97.0,281.05,22,48,0,0 days 22:48:00
84025001,43.88,5.16,2016-01-01 22:48:00,80.0,2.8,0.0,79.0,283.75,22,48,0,0 days 22:48:00
7187001,44.61,4.24,2016-01-01 22:54:00,160.0,7.5,0.2,100.0,279.25,22,54,0,0 days 22:54:00
15122002,44.73,2.17,2016-01-01 22:54:00,150.0,1.7,0.0,82.0,283.45,22,54,0,0 days 22:54:00
19164001,45.7,2.06,2016-01-01 22:54:00,210.0,2.6,0.0,88.0,280.85,22,54,0,0 days 22:54:00
26321003,44.55,5.28,2016-01-01 22:54:00,180.0,1.1,0.0,91.0,281.35,22,54,0,0 days 22:54:00
34209002,43.32,3.35,2016-01-01 22:54:00,100.0,5.0,0.0,85.0,287.45,22,54,0,0 days 22:54:00
38191002,45.09,6.09,2016-01-01 22:54:00,110.0,1.6,0.0,67.0,274.15,22,54,0,0 days 22:54:00
38548001,45.08,5.56,2016-01-01 22:54:00,190.0,9.4,0.0,63.0,282.15,22,54,0,0 days 22:54:00
74042003,46.07,6.38,2016-01-01 22:54:00,230.0,1.9,0.0,96.0,279.35,22,54,0,0 days 22:54:00
83148002,43.39,6.53,2016-01-01 22:54:00,100.0,3.1,0.0,97.0,281.05,22,54,0,0 days 22:54:00
84025001,43.88,5.16,2016-01-01 22:54:00,80.0,3.1,0.0,79.0,283.75,22,54,0,0 days 22:54:00
7187001,44.61,4.24,2016-01-01 23:00:00,150.0,7.5,0.2,100.0,279.25,23,0,0,0 days 23:00:00
15122002,44.73,2.17,2016-01-01 23:00:00,140.0,1.5,0.0,82.0,283.45,23,0,0,0 days 23:00:00
19164001,45.7,2.06,2016-01-01 23:00:00,210.0,2.4,0.0,88.0,280.75,23,0,0,0 days 23:00:00
26321003,44.55,5.28,2016-01-01 23:00:00,200.0,1.0,0.0,92.0,281.25,23,0,0,0 days 23:00:00
34209002,43.32,3.35,2016-01-01 23:00:00,100.0,5.0,0.0,85.0,287.45,23,0,0,0 days 23:00:00
38191002,45.09,6.09,2016-01-01 23:00:00,30.0,1.4,0.0,68.0,273.95,23,0,0,0 days 23:00:00
38548001,45.08,5.56,2016-01-01 23:00:00,210.0,6.6,0.0,67.0,281.45,23,0,0,0 days 23:00:00
74042003,46.07,6.38,2016-01-01 23:00:00,230.0,1.9,0.0,96.0,279.35,23,0,0,0 days 23:00:00
83148002,43.39,6.53,2016-01-01 23:00:00,100.0,2.9,0.0,97.0,281.05,23,0,0,0 days 23:00:00
84025001,43.88,5.16,2016-01-01 23:00:00,80.0,2.7,0.0,79.0,283.75,23,0,0,0 days 23:00:00
7187001,44.61,4.24,2016-01-01 23:06:00,150.0,7.1,0.4,100.0,279.25,23,6,0,0 days 23:06:00
15122002,44.73,2.17,2016-01-01 23:06:00,140.0,1.8,0.0,82.0,283.55,23,6,0,0 days 23:06:00
19164001,45.7,2.06,2016-01-01 23:06:00,200.0,3.4,0.0,90.0,280.65,23,6,0,0 days 23:06:00
26321003,44.55,5.28,2016-01-01 23:06:00,200.0,0.8,0.0,92.0,281.15,23,6,0,0 days 23:06:00
34209002,43.32,3.35,2016-01-01 23:06:00,100.0,4.8,0.0,85.0,287.45,23,6,0,0 days 23:06:00
38191002,45.09,6.09,2016-01-01 23:06:00,340.0,1.0,0.0,67.0,274.05,23,6,0,0 days 23:06:00
38548001,45.08,5.56,2016-01-01 23:06:00,220.0,5.6,0.0,68.0,281.35,23,6,0,0 days 23:06:00
74042003,46.07,6.38,2016-01-01 23:06:00,230.0,2.0,0.0,96.0,279.35,23,6,0,0 days 23:06:00
83148002,43.39,6.53,2016-01-01 23:06:00,90.0,3.4,0.0,97.0,281.05,23,6,0,0 days 23:06:00
84025001,43.88,5.16,2016-01-01 23:06:00,70.0,3.8,0.0,78.0,283.85,23,6,0,0 days 23:06:00
7187001,44.61,4.24,2016-01-01 23:12:00,150.0,7.0,0.2,100.0,279.25,23,12,0,0 days 23:12:00
15122002,44.73,2.17,2016-01-01 23:12:00,160.0,1.7,0.0,82.0,283.45,23,12,0,0 days 23:12:00
19164001,45.7,2.06,2016-01-01 23:12:00,190.0,3.5,0.0,92.0,280.45,23,12,0,0 days 23:12:00
26321003,44.55,5.28,2016-01-01 23:12:00,200.0,0.7,0.0,93.0,281.15,23,12,0,0 days 23:12:00
34209002,43.32,3.35,2016-01-01 23:12:00,100.0,4.9,0.0,86.0,287.45,23,12,0,0 days 23:12:00
38191002,45.09,6.09,2016-01-01 23:12:00,320.0,0.9,0.0,68.0,273.95,23,12,0,0 days 23:12:00
38548001,45.08,5.56,2016-01-01 23:12:00,210.0,5.1,0.0,68.0,281.25,23,12,0,0 days 23:12:00
74042003,46.07,6.38,2016-01-01 23:12:00,220.0,1.8,0.0,96.0,279.45,23,12,0,0 days 23:12:00
83148002,43.39,6.53,2016-01-01 23:12:00,70.0,4.4,0.0,97.0,280.95,23,12,0,0 days 23:12:00
84025001,43.88,5.16,2016-01-01 23:12:00,80.0,3.5,0.0,78.0,283.85,23,12,0,0 days 23:12:00
7187001,44.61,4.24,2016-01-01 23:18:00,150.0,6.7,0.2,100.0,279.25,23,18,0,0 days 23:18:00
15122002,44.73,2.17,2016-01-01 23:18:00,180.0,1.3,0.0,82.0,283.45,23,18,0,0 days 23:18:00
19164001,45.7,2.06,2016-01-01 23:18:00,180.0,4.0,0.0,91.0,280.45,23,18,0,0 days 23:18:00
26321003,44.55,5.28,2016-01-01 23:18:00,200.0,0.9,0.0,94.0,281.05,23,18,0,0 days 23:18:00
34209002,43.32,3.35,2016-01-01 23:18:00,100.0,4.8,0.0,86.0,287.35,23,18,0,0 days 23:18:00
38191002,45.09,6.09,2016-01-01 23:18:00,300.0,0.7,0.0,69.0,273.65,23,18,0,0 days 23:18:00
38548001,45.08,5.56,2016-01-01 23:18:00,200.0,5.4,0.0,68.0,281.35,23,18,0,0 days 23:18:00
74042003,46.07,6.38,2016-01-01 23:18:00,220.0,1.9,0.0,96.0,279.45,23,18,0,0 days 23:18:00
83148002,43.39,6.53,2016-01-01 23:18:00,80.0,4.4,0.0,97.0,280.85,23,18,0,0 days 23:18:00
84025001,43.88,5.16,2016-01-01 23:18:00,90.0,2.7,0.0,78.0,283.85,23,18,0,0 days 23:18:00
7187001,44.61,4.24,2016-01-01 23:24:00,150.0,6.8,0.2,100.0,279.35,23,24,0,0 days 23:24:00
15122002,44.73,2.17,2016-01-01 23:24:00,190.0,1.4,0.0,82.0,283.45,23,24,0,0 days 23:24:00
19164001,45.7,2.06,2016-01-01 23:24:00,170.0,4.7,0.0,91.0,280.55,23,24,0,0 days 23:24:00
26321003,44.55,5.28,2016-01-01 23:24:00,180.0,0.8,0.0,94.0,281.05,23,24,0,0 days 23:24:00
34209002,43.32,3.35,2016-01-01 23:24:00,100.0,4.9,0.0,86.0,287.35,23,24,0,0 days 23:24:00
38191002,45.09,6.09,2016-01-01 23:24:00,320.0,1.0,0.0,69.0,273.55,23,24,0,0 days 23:24:00
38548001,45.08,5.56,2016-01-01 23:24:00,200.0,5.0,0.0,67.0,281.45,23,24,0,0 days 23:24:00
74042003,46.07,6.38,2016-01-01 23:24:00,220.0,2.1,0.0,95.0,279.45,23,24,0,0 days 23:24:00
83148002,43.39,6.53,2016-01-01 23:24:00,90.0,4.7,0.0,97.0,280.85,23,24,0,0 days 23:24:00
84025001,43.88,5.16,2016-01-01 23:24:00,90.0,3.1,0.0,78.0,283.85,23,24,0,0 days 23:24:00
7187001,44.61,4.24,2016-01-01 23:30:00,150.0,7.0,0.2,100.0,279.35,23,30,0,0 days 23:30:00
15122002,44.73,2.17,2016-01-01 23:30:00,200.0,1.4,0.0,83.0,283.35,23,30,0,0 days 23:30:00
19164001,45.7,2.06,2016-01-01 23:30:00,170.0,4.4,0.2,90.0,280.55,23,30,0,0 days 23:30:00
26321003,44.55,5.28,2016-01-01 23:30:00,180.0,0.8,0.0,93.0,281.15,23,30,0,0 days 23:30:00
34209002,43.32,3.35,2016-01-01 23:30:00,100.0,5.6,0.0,86.0,287.35,23,30,0,0 days 23:30:00
38191002,45.09,6.09,2016-01-01 23:30:00,340.0,2.1,0.0,67.0,273.95,23,30,0,0 days 23:30:00
38548001,45.08,5.56,2016-01-01 23:30:00,210.0,4.7,0.0,68.0,281.35,23,30,0,0 days 23:30:00
74042003,46.07,6.38,2016-01-01 23:30:00,220.0,2.3,0.0,95.0,279.45,23,30,0,0 days 23:30:00
83148002,43.39,6.53,2016-01-01 23:30:00,90.0,5.7,0.0,97.0,281.05,23,30,0,0 days 23:30:00
84025001,43.88,5.16,2016-01-01 23:30:00,70.0,3.4,0.0,78.0,283.95,23,30,0,0 days 23:30:00
7187001,44.61,4.24,2016-01-01 23:36:00,150.0,7.1,0.4,100.0,279.35,23,36,0,0 days 23:36:00
15122002,44.73,2.17,2016-01-01 23:36:00,170.0,1.4,0.0,83.0,283.35,23,36,0,0 days 23:36:00
19164001,45.7,2.06,2016-01-01 23:36:00,180.0,4.1,0.0,91.0,280.55,23,36,0,0 days 23:36:00
26321003,44.55,5.28,2016-01-01 23:36:00,180.0,1.0,0.0,93.0,281.15,23,36,0,0 days 23:36:00
34209002,43.32,3.35,2016-01-01 23:36:00,100.0,6.4,0.0,86.0,287.45,23,36,0,0 days 23:36:00
38191002,45.09,6.09,2016-01-01 23:36:00,340.0,1.8,0.0,66.0,274.35,23,36,0,0 days 23:36:00
38548001,45.08,5.56,2016-01-01 23:36:00,220.0,5.6,0.0,66.0,281.55,23,36,0,0 days 23:36:00
74042003,46.07,6.38,2016-01-01 23:36:00,210.0,2.0,0.0,95.0,279.45,23,36,0,0 days 23:36:00
83148002,43.39,6.53,2016-01-01 23:36:00,80.0,6.7,0.0,97.0,280.95,23,36,0,0 days 23:36:00
84025001,43.88,5.16,2016-01-01 23:36:00,70.0,3.8,0.0,78.0,283.95,23,36,0,0 days 23:36:00
7187001,44.61,4.24,2016-01-01 23:42:00,150.0,7.8,0.2,100.0,279.35,23,42,0,0 days 23:42:00
15122002,44.73,2.17,2016-01-01 23:42:00,170.0,1.7,0.0,84.0,283.25,23,42,0,0 days 23:42:00
19164001,45.7,2.06,2016-01-01 23:42:00,170.0,4.9,0.0,90.0,280.65,23,42,0,0 days 23:42:00
26321003,44.55,5.28,2016-01-01 23:42:00,170.0,1.1,0.0,91.0,281.25,23,42,0,0 days 23:42:00
34209002,43.32,3.35,2016-01-01 23:42:00,110.0,5.5,0.0,86.0,287.55,23,42,0,0 days 23:42:00
38191002,45.09,6.09,2016-01-01 23:42:00,350.0,1.2,0.0,66.0,274.25,23,42,0,0 days 23:42:00
38548001,45.08,5.56,2016-01-01 23:42:00,210.0,5.6,0.0,65.0,281.75,23,42,0,0 days 23:42:00
74042003,46.07,6.38,2016-01-01 23:42:00,210.0,1.7,0.0,95.0,279.55,23,42,0,0 days 23:42:00
83148002,43.39,6.53,2016-01-01 23:42:00,80.0,6.2,0.0,97.0,281.05,23,42,0,0 days 23:42:00
84025001,43.88,5.16,2016-01-01 23:42:00,70.0,3.5,0.0,78.0,283.95,23,42,0,0 days 23:42:00
7187001,44.61,4.24,2016-01-01 23:48:00,150.0,7.8,0.2,100.0,279.25,23,48,0,0 days 23:48:00
15122002,44.73,2.17,2016-01-01 23:48:00,190.0,1.8,0.0,85.0,283.15,23,48,0,0 days 23:48:00
19164001,45.7,2.06,2016-01-01 23:48:00,170.0,4.8,0.0,89.0,280.65,23,48,0,0 days 23:48:00
26321003,44.55,5.28,2016-01-01 23:48:00,200.0,0.7,0.0,92.0,281.15,23,48,0,0 days 23:48:00
34209002,43.32,3.35,2016-01-01 23:48:00,110.0,4.9,0.0,86.0,287.55,23,48,0,0 days 23:48:00
38191002,45.09,6.09,2016-01-01 23:48:00,350.0,1.2,0.0,68.0,273.95,23,48,0,0 days 23:48:00
38548001,45.08,5.56,2016-01-01 23:48:00,200.0,4.8,0.0,64.0,281.95,23,48,0,0 days 23:48:00
74042003,46.07,6.38,2016-01-01 23:48:00,220.0,1.5,0.0,94.0,279.55,23,48,0,0 days 23:48:00
83148002,43.39,6.53,2016-01-01 23:48:00,70.0,5.5,0.0,97.0,280.95,23,48,0,0 days 23:48:00
84025001,43.88,5.16,2016-01-01 23:48:00,70.0,3.4,0.0,78.0,283.95,23,48,0,0 days 23:48:00
7187001,44.61,4.24,2016-01-01 23:54:00,150.0,7.4,0.2,100.0,279.35,23,54,0,0 days 23:54:00
15122002,44.73,2.17,2016-01-01 23:54:00,180.0,2.2,0.0,86.0,283.05,23,54,0,0 days 23:54:00
19164001,45.7,2.06,2016-01-01 23:54:00,170.0,4.8,0.0,88.0,280.85,23,54,0,0 days 23:54:00
26321003,44.55,5.28,2016-01-01 23:54:00,190.0,0.6,0.0,90.0,281.25,23,54,0,0 days 23:54:00
34209002,43.32,3.35,2016-01-01 23:54:00,120.0,5.1,0.0,86.0,287.55,23,54,0,0 days 23:54:00
38191002,45.09,6.09,2016-01-01 23:54:00,330.0,1.2,0.0,69.0,273.95,23,54,0,0 days 23:54:00
38548001,45.08,5.56,2016-01-01 23:54:00,200.0,3.5,0.0,65.0,281.75,23,54,0,0 days 23:54:00
74042003,46.07,6.38,2016-01-01 23:54:00,230.0,0.9,0.0,94.0,279.55,23,54,0,0 days 23:54:00
83148002,43.39,6.53,2016-01-01 23:54:00,60.0,4.8,0.0,97.0,280.85,23,54,0,0 days 23:54:00
84025001,43.88,5.16,2016-01-01 23:54:00,70.0,3.3,0.0,78.0,283.95,23,54,0,0 days 23:54:00
